variant,sequence_count,line_number,test,subtest_index,passed,eligible,pass_proportion,proportion_flagged,uniformity_p_value,uniformity_flagged,raw_line,C1,C2,C3,C4,C5,C6,C7,C8,C9,C10,source,transform
bjt_raw,8,8,Frequency,1,8,8,1.0,False,,False,  0   0   1   0   1   1   2   2   0   1     ----       8/8       Frequency,0,0,1,0,1,1,2,2,0,1,bjt,raw
bjt_raw,8,9,BlockFrequency,1,8,8,1.0,False,,False,  1   1   0   0   0   2   0   2   1   1     ----       8/8       BlockFrequency,1,1,0,0,0,2,0,2,1,1,bjt,raw
bjt_raw,8,10,CumulativeSums,1,8,8,1.0,False,,False,  0   0   1   2   0   3   0   1   1   0     ----       8/8       CumulativeSums,0,0,1,2,0,3,0,1,1,0,bjt,raw
bjt_raw,8,11,CumulativeSums,2,8,8,1.0,False,,False,  0   2   1   1   0   0   2   0   1   1     ----       8/8       CumulativeSums,0,2,1,1,0,0,2,0,1,1,bjt,raw
bjt_raw,8,12,Runs,1,8,8,1.0,False,,False,  1   2   2   0   0   1   1   1   0   0     ----       8/8       Runs,1,2,2,0,0,1,1,1,0,0,bjt,raw
bjt_raw,8,13,LongestRun,1,8,8,1.0,False,,False,  0   2   0   0   1   1   0   0   2   2     ----       8/8       LongestRun,0,2,0,0,1,1,0,0,2,2,bjt,raw
bjt_raw,8,14,Rank,1,8,8,1.0,False,,False,  0   2   0   0   2   1   0   0   0   3     ----       8/8       Rank,0,2,0,0,2,1,0,0,0,3,bjt,raw
bjt_raw,8,15,FFT,1,8,8,1.0,False,,False,  3   0   0   0   0   2   0   0   2   1     ----       8/8       FFT,3,0,0,0,0,2,0,0,2,1,bjt,raw
bjt_raw,8,16,NonOverlappingTemplate,1,8,8,1.0,False,,False,  1   0   2   1   0   0   3   0   0   1     ----       8/8       NonOverlappingTemplate,1,0,2,1,0,0,3,0,0,1,bjt,raw
bjt_raw,8,17,NonOverlappingTemplate,2,8,8,1.0,False,,False,  1   0   1   2   2   0   1   0   1   0     ----       8/8       NonOverlappingTemplate,1,0,1,2,2,0,1,0,1,0,bjt,raw
bjt_raw,8,18,NonOverlappingTemplate,3,8,8,1.0,False,,False,  0   0   3   2   2   0   1   0   0   0     ----       8/8       NonOverlappingTemplate,0,0,3,2,2,0,1,0,0,0,bjt,raw
bjt_raw,8,19,NonOverlappingTemplate,4,8,8,1.0,False,,False,  1   1   1   0   0   2   1   1   1   0     ----       8/8       NonOverlappingTemplate,1,1,1,0,0,2,1,1,1,0,bjt,raw
bjt_raw,8,20,NonOverlappingTemplate,5,8,8,1.0,False,,False,  2   1   0   0   1   0   0   1   0   3     ----       8/8       NonOverlappingTemplate,2,1,0,0,1,0,0,1,0,3,bjt,raw
bjt_raw,8,21,NonOverlappingTemplate,6,8,8,1.0,False,,False,  0   0   4   0   1   1   0   0   0   2     ----       8/8       NonOverlappingTemplate,0,0,4,0,1,1,0,0,0,2,bjt,raw
bjt_raw,8,22,NonOverlappingTemplate,7,8,8,1.0,False,,False,  0   4   2   0   1   1   0   0   0   0     ----       8/8       NonOverlappingTemplate,0,4,2,0,1,1,0,0,0,0,bjt,raw
bjt_raw,8,23,NonOverlappingTemplate,8,8,8,1.0,False,,False,  0   1   1   2   1   0   1   1   0   1     ----       8/8       NonOverlappingTemplate,0,1,1,2,1,0,1,1,0,1,bjt,raw
bjt_raw,8,24,NonOverlappingTemplate,9,8,8,1.0,False,,False,  0   1   2   0   2   1   0   0   0   2     ----       8/8       NonOverlappingTemplate,0,1,2,0,2,1,0,0,0,2,bjt,raw
bjt_raw,8,25,NonOverlappingTemplate,10,6,8,0.75,True,,False,  2   0   0   2   1   0   0   2   1   0     ----       6/8    *  NonOverlappingTemplate,2,0,0,2,1,0,0,2,1,0,bjt,raw
bjt_raw,8,26,NonOverlappingTemplate,11,7,8,0.875,False,,False,  2   1   1   3   0   0   0   0   0   1     ----       7/8       NonOverlappingTemplate,2,1,1,3,0,0,0,0,0,1,bjt,raw
bjt_raw,8,27,NonOverlappingTemplate,12,8,8,1.0,False,,False,  2   0   0   2   0   0   1   1   1   1     ----       8/8       NonOverlappingTemplate,2,0,0,2,0,0,1,1,1,1,bjt,raw
bjt_raw,8,28,NonOverlappingTemplate,13,8,8,1.0,False,,False,  0   1   1   1   2   0   1   0   1   1     ----       8/8       NonOverlappingTemplate,0,1,1,1,2,0,1,0,1,1,bjt,raw
bjt_raw,8,29,NonOverlappingTemplate,14,8,8,1.0,False,,False,  0   0   0   0   3   1   0   0   2   2     ----       8/8       NonOverlappingTemplate,0,0,0,0,3,1,0,0,2,2,bjt,raw
bjt_raw,8,30,NonOverlappingTemplate,15,8,8,1.0,False,,False,  0   0   2   1   1   1   0   1   2   0     ----       8/8       NonOverlappingTemplate,0,0,2,1,1,1,0,1,2,0,bjt,raw
bjt_raw,8,31,NonOverlappingTemplate,16,8,8,1.0,False,,False,  0   2   0   0   0   3   1   0   1   1     ----       8/8       NonOverlappingTemplate,0,2,0,0,0,3,1,0,1,1,bjt,raw
bjt_raw,8,32,NonOverlappingTemplate,17,8,8,1.0,False,,False,  1   0   3   0   0   2   0   2   0   0     ----       8/8       NonOverlappingTemplate,1,0,3,0,0,2,0,2,0,0,bjt,raw
bjt_raw,8,33,NonOverlappingTemplate,18,8,8,1.0,False,,False,  1   1   0   0   2   0   0   1   1   2     ----       8/8       NonOverlappingTemplate,1,1,0,0,2,0,0,1,1,2,bjt,raw
bjt_raw,8,34,NonOverlappingTemplate,19,8,8,1.0,False,,False,  2   1   0   0   2   2   0   0   0   1     ----       8/8       NonOverlappingTemplate,2,1,0,0,2,2,0,0,0,1,bjt,raw
bjt_raw,8,35,NonOverlappingTemplate,20,8,8,1.0,False,,False,  2   0   0   1   0   2   0   1   2   0     ----       8/8       NonOverlappingTemplate,2,0,0,1,0,2,0,1,2,0,bjt,raw
bjt_raw,8,36,NonOverlappingTemplate,21,8,8,1.0,False,,False,  1   2   1   2   0   0   1   0   0   1     ----       8/8       NonOverlappingTemplate,1,2,1,2,0,0,1,0,0,1,bjt,raw
bjt_raw,8,37,NonOverlappingTemplate,22,8,8,1.0,False,,False,  0   1   1   2   2   0   1   0   1   0     ----       8/8       NonOverlappingTemplate,0,1,1,2,2,0,1,0,1,0,bjt,raw
bjt_raw,8,38,NonOverlappingTemplate,23,8,8,1.0,False,,False,  0   1   2   2   2   0   0   0   1   0     ----       8/8       NonOverlappingTemplate,0,1,2,2,2,0,0,0,1,0,bjt,raw
bjt_raw,8,39,NonOverlappingTemplate,24,8,8,1.0,False,,False,  0   0   1   1   1   1   2   2   0   0     ----       8/8       NonOverlappingTemplate,0,0,1,1,1,1,2,2,0,0,bjt,raw
bjt_raw,8,40,NonOverlappingTemplate,25,8,8,1.0,False,,False,  0   0   0   3   1   1   3   0   0   0     ----       8/8       NonOverlappingTemplate,0,0,0,3,1,1,3,0,0,0,bjt,raw
bjt_raw,8,41,NonOverlappingTemplate,26,8,8,1.0,False,,False,  0   0   0   1   1   2   0   1   3   0     ----       8/8       NonOverlappingTemplate,0,0,0,1,1,2,0,1,3,0,bjt,raw
bjt_raw,8,42,NonOverlappingTemplate,27,8,8,1.0,False,,False,  1   1   0   0   1   1   2   2   0   0     ----       8/8       NonOverlappingTemplate,1,1,0,0,1,1,2,2,0,0,bjt,raw
bjt_raw,8,43,NonOverlappingTemplate,28,8,8,1.0,False,,False,  0   0   0   2   1   1   1   2   0   1     ----       8/8       NonOverlappingTemplate,0,0,0,2,1,1,1,2,0,1,bjt,raw
bjt_raw,8,44,NonOverlappingTemplate,29,8,8,1.0,False,,False,  0   1   2   1   0   0   0   2   1   1     ----       8/8       NonOverlappingTemplate,0,1,2,1,0,0,0,2,1,1,bjt,raw
bjt_raw,8,45,NonOverlappingTemplate,30,8,8,1.0,False,,False,  0   4   2   0   0   1   1   0   0   0     ----       8/8       NonOverlappingTemplate,0,4,2,0,0,1,1,0,0,0,bjt,raw
bjt_raw,8,46,NonOverlappingTemplate,31,6,8,0.75,True,,False,  2   0   0   2   0   1   0   3   0   0     ----       6/8    *  NonOverlappingTemplate,2,0,0,2,0,1,0,3,0,0,bjt,raw
bjt_raw,8,47,NonOverlappingTemplate,32,8,8,1.0,False,,False,  1   0   2   0   1   1   2   0   1   0     ----       8/8       NonOverlappingTemplate,1,0,2,0,1,1,2,0,1,0,bjt,raw
bjt_raw,8,48,NonOverlappingTemplate,33,8,8,1.0,False,,False,  0   1   0   2   1   1   0   2   0   1     ----       8/8       NonOverlappingTemplate,0,1,0,2,1,1,0,2,0,1,bjt,raw
bjt_raw,8,49,NonOverlappingTemplate,34,8,8,1.0,False,,False,  0   0   2   0   2   0   0   0   0   4     ----       8/8       NonOverlappingTemplate,0,0,2,0,2,0,0,0,0,4,bjt,raw
bjt_raw,8,50,NonOverlappingTemplate,35,8,8,1.0,False,,False,  0   1   1   4   0   0   0   0   1   1     ----       8/8       NonOverlappingTemplate,0,1,1,4,0,0,0,0,1,1,bjt,raw
bjt_raw,8,51,NonOverlappingTemplate,36,8,8,1.0,False,,False,  0   0   1   1   1   1   3   0   1   0     ----       8/8       NonOverlappingTemplate,0,0,1,1,1,1,3,0,1,0,bjt,raw
bjt_raw,8,52,NonOverlappingTemplate,37,8,8,1.0,False,,False,  0   1   0   1   1   0   0   1   4   0     ----       8/8       NonOverlappingTemplate,0,1,0,1,1,0,0,1,4,0,bjt,raw
bjt_raw,8,53,NonOverlappingTemplate,38,8,8,1.0,False,,False,  1   0   1   1   3   0   1   0   0   1     ----       8/8       NonOverlappingTemplate,1,0,1,1,3,0,1,0,0,1,bjt,raw
bjt_raw,8,54,NonOverlappingTemplate,39,8,8,1.0,False,,False,  2   1   1   0   1   1   0   0   1   1     ----       8/8       NonOverlappingTemplate,2,1,1,0,1,1,0,0,1,1,bjt,raw
bjt_raw,8,55,NonOverlappingTemplate,40,8,8,1.0,False,,False,  0   0   1   1   3   1   0   1   0   1     ----       8/8       NonOverlappingTemplate,0,0,1,1,3,1,0,1,0,1,bjt,raw
bjt_raw,8,56,NonOverlappingTemplate,41,8,8,1.0,False,,False,  1   1   0   0   2   0   0   1   1   2     ----       8/8       NonOverlappingTemplate,1,1,0,0,2,0,0,1,1,2,bjt,raw
bjt_raw,8,57,NonOverlappingTemplate,42,8,8,1.0,False,,False,  1   1   1   0   1   1   1   0   0   2     ----       8/8       NonOverlappingTemplate,1,1,1,0,1,1,1,0,0,2,bjt,raw
bjt_raw,8,58,NonOverlappingTemplate,43,8,8,1.0,False,,False,  0   1   1   0   3   0   1   0   2   0     ----       8/8       NonOverlappingTemplate,0,1,1,0,3,0,1,0,2,0,bjt,raw
bjt_raw,8,59,NonOverlappingTemplate,44,8,8,1.0,False,,False,  1   2   0   0   1   1   0   2   0   1     ----       8/8       NonOverlappingTemplate,1,2,0,0,1,1,0,2,0,1,bjt,raw
bjt_raw,8,60,NonOverlappingTemplate,45,8,8,1.0,False,,False,  1   0   3   0   1   1   0   1   0   1     ----       8/8       NonOverlappingTemplate,1,0,3,0,1,1,0,1,0,1,bjt,raw
bjt_raw,8,61,NonOverlappingTemplate,46,8,8,1.0,False,,False,  1   2   0   2   1   0   2   0   0   0     ----       8/8       NonOverlappingTemplate,1,2,0,2,1,0,2,0,0,0,bjt,raw
bjt_raw,8,62,NonOverlappingTemplate,47,8,8,1.0,False,,False,  1   1   1   1   0   1   2   0   1   0     ----       8/8       NonOverlappingTemplate,1,1,1,1,0,1,2,0,1,0,bjt,raw
bjt_raw,8,63,NonOverlappingTemplate,48,8,8,1.0,False,,False,  1   0   1   0   0   2   0   1   3   0     ----       8/8       NonOverlappingTemplate,1,0,1,0,0,2,0,1,3,0,bjt,raw
bjt_raw,8,64,NonOverlappingTemplate,49,7,8,0.875,False,,False,  1   2   1   0   0   2   0   0   2   0     ----       7/8       NonOverlappingTemplate,1,2,1,0,0,2,0,0,2,0,bjt,raw
bjt_raw,8,65,NonOverlappingTemplate,50,7,8,0.875,False,,False,  1   0   0   1   2   1   1   1   0   1     ----       7/8       NonOverlappingTemplate,1,0,0,1,2,1,1,1,0,1,bjt,raw
bjt_raw,8,66,NonOverlappingTemplate,51,8,8,1.0,False,,False,  2   1   1   1   1   2   0   0   0   0     ----       8/8       NonOverlappingTemplate,2,1,1,1,1,2,0,0,0,0,bjt,raw
bjt_raw,8,67,NonOverlappingTemplate,52,8,8,1.0,False,,False,  3   1   2   1   0   0   0   1   0   0     ----       8/8       NonOverlappingTemplate,3,1,2,1,0,0,0,1,0,0,bjt,raw
bjt_raw,8,68,NonOverlappingTemplate,53,8,8,1.0,False,,False,  1   1   1   1   1   1   0   1   1   0     ----       8/8       NonOverlappingTemplate,1,1,1,1,1,1,0,1,1,0,bjt,raw
bjt_raw,8,69,NonOverlappingTemplate,54,8,8,1.0,False,,False,  1   1   1   3   1   1   0   0   0   0     ----       8/8       NonOverlappingTemplate,1,1,1,3,1,1,0,0,0,0,bjt,raw
bjt_raw,8,70,NonOverlappingTemplate,55,8,8,1.0,False,,False,  0   0   3   0   1   0   0   1   2   1     ----       8/8       NonOverlappingTemplate,0,0,3,0,1,0,0,1,2,1,bjt,raw
bjt_raw,8,71,NonOverlappingTemplate,56,7,8,0.875,False,,False,  2   0   3   1   0   0   1   0   0   1     ----       7/8       NonOverlappingTemplate,2,0,3,1,0,0,1,0,0,1,bjt,raw
bjt_raw,8,72,NonOverlappingTemplate,57,8,8,1.0,False,,False,  1   0   2   0   0   1   2   1   1   0     ----       8/8       NonOverlappingTemplate,1,0,2,0,0,1,2,1,1,0,bjt,raw
bjt_raw,8,73,NonOverlappingTemplate,58,8,8,1.0,False,,False,  0   0   2   0   1   3   1   1   0   0     ----       8/8       NonOverlappingTemplate,0,0,2,0,1,3,1,1,0,0,bjt,raw
bjt_raw,8,74,NonOverlappingTemplate,59,8,8,1.0,False,,False,  0   1   1   0   1   1   0   2   0   2     ----       8/8       NonOverlappingTemplate,0,1,1,0,1,1,0,2,0,2,bjt,raw
bjt_raw,8,75,NonOverlappingTemplate,60,8,8,1.0,False,,False,  0   1   2   0   0   1   0   2   2   0     ----       8/8       NonOverlappingTemplate,0,1,2,0,0,1,0,2,2,0,bjt,raw
bjt_raw,8,76,NonOverlappingTemplate,61,8,8,1.0,False,,False,  2   0   0   0   0   0   3   1   1   1     ----       8/8       NonOverlappingTemplate,2,0,0,0,0,0,3,1,1,1,bjt,raw
bjt_raw,8,77,NonOverlappingTemplate,62,8,8,1.0,False,,False,  1   0   1   0   2   2   1   0   0   1     ----       8/8       NonOverlappingTemplate,1,0,1,0,2,2,1,0,0,1,bjt,raw
bjt_raw,8,78,NonOverlappingTemplate,63,8,8,1.0,False,,False,  1   4   0   0   0   0   1   1   1   0     ----       8/8       NonOverlappingTemplate,1,4,0,0,0,0,1,1,1,0,bjt,raw
bjt_raw,8,79,NonOverlappingTemplate,64,8,8,1.0,False,,False,  1   0   0   0   3   0   0   1   1   2     ----       8/8       NonOverlappingTemplate,1,0,0,0,3,0,0,1,1,2,bjt,raw
bjt_raw,8,80,NonOverlappingTemplate,65,8,8,1.0,False,,False,  3   0   1   1   1   1   0   0   1   0     ----       8/8       NonOverlappingTemplate,3,0,1,1,1,1,0,0,1,0,bjt,raw
bjt_raw,8,81,NonOverlappingTemplate,66,8,8,1.0,False,,False,  1   2   0   0   0   1   2   1   0   1     ----       8/8       NonOverlappingTemplate,1,2,0,0,0,1,2,1,0,1,bjt,raw
bjt_raw,8,82,NonOverlappingTemplate,67,8,8,1.0,False,,False,  1   1   0   2   1   2   1   0   0   0     ----       8/8       NonOverlappingTemplate,1,1,0,2,1,2,1,0,0,0,bjt,raw
bjt_raw,8,83,NonOverlappingTemplate,68,8,8,1.0,False,,False,  1   3   0   0   1   1   1   0   1   0     ----       8/8       NonOverlappingTemplate,1,3,0,0,1,1,1,0,1,0,bjt,raw
bjt_raw,8,84,NonOverlappingTemplate,69,8,8,1.0,False,,False,  1   2   0   0   0   0   0   2   1   2     ----       8/8       NonOverlappingTemplate,1,2,0,0,0,0,0,2,1,2,bjt,raw
bjt_raw,8,85,NonOverlappingTemplate,70,8,8,1.0,False,,False,  0   0   1   0   1   1   1   2   0   2     ----       8/8       NonOverlappingTemplate,0,0,1,0,1,1,1,2,0,2,bjt,raw
bjt_raw,8,86,NonOverlappingTemplate,71,8,8,1.0,False,,False,  4   0   2   0   1   0   0   1   0   0     ----       8/8       NonOverlappingTemplate,4,0,2,0,1,0,0,1,0,0,bjt,raw
bjt_raw,8,87,NonOverlappingTemplate,72,8,8,1.0,False,,False,  0   1   0   3   1   0   1   1   0   1     ----       8/8       NonOverlappingTemplate,0,1,0,3,1,0,1,1,0,1,bjt,raw
bjt_raw,8,88,NonOverlappingTemplate,73,8,8,1.0,False,,False,  2   2   1   1   1   0   0   0   0   1     ----       8/8       NonOverlappingTemplate,2,2,1,1,1,0,0,0,0,1,bjt,raw
bjt_raw,8,89,NonOverlappingTemplate,74,8,8,1.0,False,,False,  1   0   2   2   0   0   0   1   1   1     ----       8/8       NonOverlappingTemplate,1,0,2,2,0,0,0,1,1,1,bjt,raw
bjt_raw,8,90,NonOverlappingTemplate,75,8,8,1.0,False,,False,  0   1   2   0   1   0   3   0   0   1     ----       8/8       NonOverlappingTemplate,0,1,2,0,1,0,3,0,0,1,bjt,raw
bjt_raw,8,91,NonOverlappingTemplate,76,8,8,1.0,False,,False,  1   1   2   2   0   0   1   1   0   0     ----       8/8       NonOverlappingTemplate,1,1,2,2,0,0,1,1,0,0,bjt,raw
bjt_raw,8,92,NonOverlappingTemplate,77,8,8,1.0,False,,False,  2   0   3   0   0   0   0   1   0   2     ----       8/8       NonOverlappingTemplate,2,0,3,0,0,0,0,1,0,2,bjt,raw
bjt_raw,8,93,NonOverlappingTemplate,78,8,8,1.0,False,,False,  2   1   0   1   0   1   1   0   2   0     ----       8/8       NonOverlappingTemplate,2,1,0,1,0,1,1,0,2,0,bjt,raw
bjt_raw,8,94,NonOverlappingTemplate,79,8,8,1.0,False,,False,  0   0   0   2   1   0   0   0   2   3     ----       8/8       NonOverlappingTemplate,0,0,0,2,1,0,0,0,2,3,bjt,raw
bjt_raw,8,95,NonOverlappingTemplate,80,8,8,1.0,False,,False,  1   0   0   1   1   1   1   2   0   1     ----       8/8       NonOverlappingTemplate,1,0,0,1,1,1,1,2,0,1,bjt,raw
bjt_raw,8,96,NonOverlappingTemplate,81,8,8,1.0,False,,False,  0   1   2   1   0   0   0   1   2   1     ----       8/8       NonOverlappingTemplate,0,1,2,1,0,0,0,1,2,1,bjt,raw
bjt_raw,8,97,NonOverlappingTemplate,82,8,8,1.0,False,,False,  2   1   1   0   0   0   2   1   0   1     ----       8/8       NonOverlappingTemplate,2,1,1,0,0,0,2,1,0,1,bjt,raw
bjt_raw,8,98,NonOverlappingTemplate,83,8,8,1.0,False,,False,  0   1   1   1   1   2   1   0   1   0     ----       8/8       NonOverlappingTemplate,0,1,1,1,1,2,1,0,1,0,bjt,raw
bjt_raw,8,99,NonOverlappingTemplate,84,8,8,1.0,False,,False,  2   2   2   0   0   1   0   0   1   0     ----       8/8       NonOverlappingTemplate,2,2,2,0,0,1,0,0,1,0,bjt,raw
bjt_raw,8,100,NonOverlappingTemplate,85,8,8,1.0,False,,False,  0   2   1   2   0   2   1   0   0   0     ----       8/8       NonOverlappingTemplate,0,2,1,2,0,2,1,0,0,0,bjt,raw
bjt_raw,8,101,NonOverlappingTemplate,86,8,8,1.0,False,,False,  2   0   0   0   0   3   0   1   2   0     ----       8/8       NonOverlappingTemplate,2,0,0,0,0,3,0,1,2,0,bjt,raw
bjt_raw,8,102,NonOverlappingTemplate,87,8,8,1.0,False,,False,  0   1   1   1   2   1   0   1   0   1     ----       8/8       NonOverlappingTemplate,0,1,1,1,2,1,0,1,0,1,bjt,raw
bjt_raw,8,103,NonOverlappingTemplate,88,8,8,1.0,False,,False,  0   0   2   0   2   1   2   0   1   0     ----       8/8       NonOverlappingTemplate,0,0,2,0,2,1,2,0,1,0,bjt,raw
bjt_raw,8,104,NonOverlappingTemplate,89,7,8,0.875,False,,False,  3   0   0   0   1   1   0   0   1   2     ----       7/8       NonOverlappingTemplate,3,0,0,0,1,1,0,0,1,2,bjt,raw
bjt_raw,8,105,NonOverlappingTemplate,90,8,8,1.0,False,,False,  1   1   0   1   1   0   0   1   3   0     ----       8/8       NonOverlappingTemplate,1,1,0,1,1,0,0,1,3,0,bjt,raw
bjt_raw,8,106,NonOverlappingTemplate,91,8,8,1.0,False,,False,  0   0   1   0   3   0   1   1   1   1     ----       8/8       NonOverlappingTemplate,0,0,1,0,3,0,1,1,1,1,bjt,raw
bjt_raw,8,107,NonOverlappingTemplate,92,8,8,1.0,False,,False,  0   0   0   1   2   1   1   1   2   0     ----       8/8       NonOverlappingTemplate,0,0,0,1,2,1,1,1,2,0,bjt,raw
bjt_raw,8,108,NonOverlappingTemplate,93,8,8,1.0,False,,False,  0   0   3   0   0   0   4   0   1   0     ----       8/8       NonOverlappingTemplate,0,0,3,0,0,0,4,0,1,0,bjt,raw
bjt_raw,8,109,NonOverlappingTemplate,94,8,8,1.0,False,,False,  1   0   1   3   0   1   0   1   0   1     ----       8/8       NonOverlappingTemplate,1,0,1,3,0,1,0,1,0,1,bjt,raw
bjt_raw,8,110,NonOverlappingTemplate,95,8,8,1.0,False,,False,  1   0   0   0   1   1   0   2   3   0     ----       8/8       NonOverlappingTemplate,1,0,0,0,1,1,0,2,3,0,bjt,raw
bjt_raw,8,111,NonOverlappingTemplate,96,8,8,1.0,False,,False,  0   0   0   0   0   3   0   0   3   2     ----       8/8       NonOverlappingTemplate,0,0,0,0,0,3,0,0,3,2,bjt,raw
bjt_raw,8,112,NonOverlappingTemplate,97,8,8,1.0,False,,False,  1   0   2   1   0   0   1   2   0   1     ----       8/8       NonOverlappingTemplate,1,0,2,1,0,0,1,2,0,1,bjt,raw
bjt_raw,8,113,NonOverlappingTemplate,98,8,8,1.0,False,,False,  1   0   0   1   0   1   1   1   2   1     ----       8/8       NonOverlappingTemplate,1,0,0,1,0,1,1,1,2,1,bjt,raw
bjt_raw,8,114,NonOverlappingTemplate,99,7,8,0.875,False,,False,  2   1   0   1   0   1   0   1   0   2     ----       7/8       NonOverlappingTemplate,2,1,0,1,0,1,0,1,0,2,bjt,raw
bjt_raw,8,115,NonOverlappingTemplate,100,8,8,1.0,False,,False,  2   1   0   0   1   1   2   0   0   1     ----       8/8       NonOverlappingTemplate,2,1,0,0,1,1,2,0,0,1,bjt,raw
bjt_raw,8,116,NonOverlappingTemplate,101,8,8,1.0,False,,False,  1   0   3   0   0   1   1   0   1   1     ----       8/8       NonOverlappingTemplate,1,0,3,0,0,1,1,0,1,1,bjt,raw
bjt_raw,8,117,NonOverlappingTemplate,102,8,8,1.0,False,,False,  0   1   1   2   0   1   0   1   1   1     ----       8/8       NonOverlappingTemplate,0,1,1,2,0,1,0,1,1,1,bjt,raw
bjt_raw,8,118,NonOverlappingTemplate,103,8,8,1.0,False,,False,  2   0   0   0   0   0   0   1   1   4     ----       8/8       NonOverlappingTemplate,2,0,0,0,0,0,0,1,1,4,bjt,raw
bjt_raw,8,119,NonOverlappingTemplate,104,8,8,1.0,False,,False,  1   1   0   2   2   0   0   1   1   0     ----       8/8       NonOverlappingTemplate,1,1,0,2,2,0,0,1,1,0,bjt,raw
bjt_raw,8,120,NonOverlappingTemplate,105,8,8,1.0,False,,False,  1   0   1   0   1   1   1   1   2   0     ----       8/8       NonOverlappingTemplate,1,0,1,0,1,1,1,1,2,0,bjt,raw
bjt_raw,8,121,NonOverlappingTemplate,106,8,8,1.0,False,,False,  0   1   0   0   1   2   1   1   2   0     ----       8/8       NonOverlappingTemplate,0,1,0,0,1,2,1,1,2,0,bjt,raw
bjt_raw,8,122,NonOverlappingTemplate,107,7,8,0.875,False,,False,  2   0   0   2   1   0   1   0   0   2     ----       7/8       NonOverlappingTemplate,2,0,0,2,1,0,1,0,0,2,bjt,raw
bjt_raw,8,123,NonOverlappingTemplate,108,8,8,1.0,False,,False,  2   0   1   2   1   0   0   1   0   1     ----       8/8       NonOverlappingTemplate,2,0,1,2,1,0,0,1,0,1,bjt,raw
bjt_raw,8,124,NonOverlappingTemplate,109,8,8,1.0,False,,False,  0   4   0   0   0   1   0   0   2   1     ----       8/8       NonOverlappingTemplate,0,4,0,0,0,1,0,0,2,1,bjt,raw
bjt_raw,8,125,NonOverlappingTemplate,110,8,8,1.0,False,,False,  0   1   1   0   4   0   0   1   0   1     ----       8/8       NonOverlappingTemplate,0,1,1,0,4,0,0,1,0,1,bjt,raw
bjt_raw,8,126,NonOverlappingTemplate,111,8,8,1.0,False,,False,  1   0   1   4   0   1   0   0   0   1     ----       8/8       NonOverlappingTemplate,1,0,1,4,0,1,0,0,0,1,bjt,raw
bjt_raw,8,127,NonOverlappingTemplate,112,8,8,1.0,False,,False,  0   0   2   1   0   1   1   1   1   1     ----       8/8       NonOverlappingTemplate,0,0,2,1,0,1,1,1,1,1,bjt,raw
bjt_raw,8,128,NonOverlappingTemplate,113,8,8,1.0,False,,False,  0   0   3   3   0   0   0   0   1   1     ----       8/8       NonOverlappingTemplate,0,0,3,3,0,0,0,0,1,1,bjt,raw
bjt_raw,8,129,NonOverlappingTemplate,114,8,8,1.0,False,,False,  1   0   0   1   0   3   0   1   1   1     ----       8/8       NonOverlappingTemplate,1,0,0,1,0,3,0,1,1,1,bjt,raw
bjt_raw,8,130,NonOverlappingTemplate,115,8,8,1.0,False,,False,  0   0   1   0   1   0   0   0   1   5     ----       8/8       NonOverlappingTemplate,0,0,1,0,1,0,0,0,1,5,bjt,raw
bjt_raw,8,131,NonOverlappingTemplate,116,8,8,1.0,False,,False,  1   1   0   1   0   1   1   1   1   1     ----       8/8       NonOverlappingTemplate,1,1,0,1,0,1,1,1,1,1,bjt,raw
bjt_raw,8,132,NonOverlappingTemplate,117,8,8,1.0,False,,False,  1   1   0   1   0   0   1   1   3   0     ----       8/8       NonOverlappingTemplate,1,1,0,1,0,0,1,1,3,0,bjt,raw
bjt_raw,8,133,NonOverlappingTemplate,118,8,8,1.0,False,,False,  0   0   0   1   0   1   1   0   3   2     ----       8/8       NonOverlappingTemplate,0,0,0,1,0,1,1,0,3,2,bjt,raw
bjt_raw,8,134,NonOverlappingTemplate,119,8,8,1.0,False,,False,  0   0   0   0   2   0   1   3   1   1     ----       8/8       NonOverlappingTemplate,0,0,0,0,2,0,1,3,1,1,bjt,raw
bjt_raw,8,135,NonOverlappingTemplate,120,8,8,1.0,False,,False,  0   1   0   1   2   1   0   0   2   1     ----       8/8       NonOverlappingTemplate,0,1,0,1,2,1,0,0,2,1,bjt,raw
bjt_raw,8,136,NonOverlappingTemplate,121,8,8,1.0,False,,False,  0   0   3   1   0   3   0   1   0   0     ----       8/8       NonOverlappingTemplate,0,0,3,1,0,3,0,1,0,0,bjt,raw
bjt_raw,8,137,NonOverlappingTemplate,122,8,8,1.0,False,,False,  0   1   0   1   1   1   3   1   0   0     ----       8/8       NonOverlappingTemplate,0,1,0,1,1,1,3,1,0,0,bjt,raw
bjt_raw,8,138,NonOverlappingTemplate,123,8,8,1.0,False,,False,  0   1   0   0   2   1   0   0   3   1     ----       8/8       NonOverlappingTemplate,0,1,0,0,2,1,0,0,3,1,bjt,raw
bjt_raw,8,139,NonOverlappingTemplate,124,8,8,1.0,False,,False,  0   1   1   1   3   0   0   0   2   0     ----       8/8       NonOverlappingTemplate,0,1,1,1,3,0,0,0,2,0,bjt,raw
bjt_raw,8,140,NonOverlappingTemplate,125,8,8,1.0,False,,False,  2   1   1   1   1   0   0   1   1   0     ----       8/8       NonOverlappingTemplate,2,1,1,1,1,0,0,1,1,0,bjt,raw
bjt_raw,8,141,NonOverlappingTemplate,126,8,8,1.0,False,,False,  1   0   2   1   0   1   0   1   1   1     ----       8/8       NonOverlappingTemplate,1,0,2,1,0,1,0,1,1,1,bjt,raw
bjt_raw,8,142,NonOverlappingTemplate,127,7,8,0.875,False,,False,  2   1   0   0   1   1   0   1   1   1     ----       7/8       NonOverlappingTemplate,2,1,0,0,1,1,0,1,1,1,bjt,raw
bjt_raw,8,143,NonOverlappingTemplate,128,8,8,1.0,False,,False,  0   1   1   0   1   0   2   2   1   0     ----       8/8       NonOverlappingTemplate,0,1,1,0,1,0,2,2,1,0,bjt,raw
bjt_raw,8,144,NonOverlappingTemplate,129,8,8,1.0,False,,False,  1   0   0   2   2   1   1   0   1   0     ----       8/8       NonOverlappingTemplate,1,0,0,2,2,1,1,0,1,0,bjt,raw
bjt_raw,8,145,NonOverlappingTemplate,130,8,8,1.0,False,,False,  0   2   0   1   1   0   1   2   1   0     ----       8/8       NonOverlappingTemplate,0,2,0,1,1,0,1,2,1,0,bjt,raw
bjt_raw,8,146,NonOverlappingTemplate,131,8,8,1.0,False,,False,  0   1   0   0   1   2   1   1   2   0     ----       8/8       NonOverlappingTemplate,0,1,0,0,1,2,1,1,2,0,bjt,raw
bjt_raw,8,147,NonOverlappingTemplate,132,8,8,1.0,False,,False,  0   1   1   0   4   0   2   0   0   0     ----       8/8       NonOverlappingTemplate,0,1,1,0,4,0,2,0,0,0,bjt,raw
bjt_raw,8,148,NonOverlappingTemplate,133,7,8,0.875,False,,False,  1   1   1   0   1   1   0   1   2   0     ----       7/8       NonOverlappingTemplate,1,1,1,0,1,1,0,1,2,0,bjt,raw
bjt_raw,8,149,NonOverlappingTemplate,134,7,8,0.875,False,,False,  2   0   0   2   0   1   1   1   0   1     ----       7/8       NonOverlappingTemplate,2,0,0,2,0,1,1,1,0,1,bjt,raw
bjt_raw,8,150,NonOverlappingTemplate,135,8,8,1.0,False,,False,  0   1   0   2   1   1   2   0   1   0     ----       8/8       NonOverlappingTemplate,0,1,0,2,1,1,2,0,1,0,bjt,raw
bjt_raw,8,151,NonOverlappingTemplate,136,8,8,1.0,False,,False,  0   0   2   1   0   0   0   1   2   2     ----       8/8       NonOverlappingTemplate,0,0,2,1,0,0,0,1,2,2,bjt,raw
bjt_raw,8,152,NonOverlappingTemplate,137,8,8,1.0,False,,False,  0   0   1   0   0   3   0   0   2   2     ----       8/8       NonOverlappingTemplate,0,0,1,0,0,3,0,0,2,2,bjt,raw
bjt_raw,8,153,NonOverlappingTemplate,138,8,8,1.0,False,,False,  0   0   1   1   3   0   0   0   2   1     ----       8/8       NonOverlappingTemplate,0,0,1,1,3,0,0,0,2,1,bjt,raw
bjt_raw,8,154,NonOverlappingTemplate,139,8,8,1.0,False,,False,  1   0   2   0   1   1   0   2   1   0     ----       8/8       NonOverlappingTemplate,1,0,2,0,1,1,0,2,1,0,bjt,raw
bjt_raw,8,155,NonOverlappingTemplate,140,8,8,1.0,False,,False,  0   0   1   2   0   1   1   0   2   1     ----       8/8       NonOverlappingTemplate,0,0,1,2,0,1,1,0,2,1,bjt,raw
bjt_raw,8,156,NonOverlappingTemplate,141,8,8,1.0,False,,False,  0   0   2   1   2   0   1   0   2   0     ----       8/8       NonOverlappingTemplate,0,0,2,1,2,0,1,0,2,0,bjt,raw
bjt_raw,8,157,NonOverlappingTemplate,142,8,8,1.0,False,,False,  1   1   0   0   1   1   2   1   1   0     ----       8/8       NonOverlappingTemplate,1,1,0,0,1,1,2,1,1,0,bjt,raw
bjt_raw,8,158,NonOverlappingTemplate,143,8,8,1.0,False,,False,  1   1   1   0   1   2   1   0   0   1     ----       8/8       NonOverlappingTemplate,1,1,1,0,1,2,1,0,0,1,bjt,raw
bjt_raw,8,159,NonOverlappingTemplate,144,8,8,1.0,False,,False,  0   1   1   3   0   0   0   0   3   0     ----       8/8       NonOverlappingTemplate,0,1,1,3,0,0,0,0,3,0,bjt,raw
bjt_raw,8,160,NonOverlappingTemplate,145,8,8,1.0,False,,False,  0   0   1   3   1   1   1   0   0   1     ----       8/8       NonOverlappingTemplate,0,0,1,3,1,1,1,0,0,1,bjt,raw
bjt_raw,8,161,NonOverlappingTemplate,146,8,8,1.0,False,,False,  0   3   1   0   0   0   1   2   1   0     ----       8/8       NonOverlappingTemplate,0,3,1,0,0,0,1,2,1,0,bjt,raw
bjt_raw,8,162,NonOverlappingTemplate,147,8,8,1.0,False,,False,  2   2   0   0   1   0   0   1   2   0     ----       8/8       NonOverlappingTemplate,2,2,0,0,1,0,0,1,2,0,bjt,raw
bjt_raw,8,163,NonOverlappingTemplate,148,8,8,1.0,False,,False,  1   0   2   2   0   0   0   1   1   1     ----       8/8       NonOverlappingTemplate,1,0,2,2,0,0,0,1,1,1,bjt,raw
bjt_raw,8,164,OverlappingTemplate,1,8,8,1.0,False,,False,  1   1   0   0   3   0   0   0   3   0     ----       8/8       OverlappingTemplate,1,1,0,0,3,0,0,0,3,0,bjt,raw
bjt_raw,8,165,Universal,1,8,8,1.0,False,,False,  0   1   3   0   0   1   1   1   1   0     ----       8/8       Universal,0,1,3,0,0,1,1,1,1,0,bjt,raw
bjt_raw,8,166,ApproximateEntropy,1,8,8,1.0,False,,False,  3   0   1   1   0   1   0   1   0   1     ----       8/8       ApproximateEntropy,3,0,1,1,0,1,0,1,0,1,bjt,raw
bjt_raw,8,167,RandomExcursions,1,4,4,1.0,False,,False,  1   0   0   1   1   0   0   1   0   0     ----       4/4       RandomExcursions,1,0,0,1,1,0,0,1,0,0,bjt,raw
bjt_raw,8,168,RandomExcursions,2,4,4,1.0,False,,False,  1   0   1   2   0   0   0   0   0   0     ----       4/4       RandomExcursions,1,0,1,2,0,0,0,0,0,0,bjt,raw
bjt_raw,8,169,RandomExcursions,3,4,4,1.0,False,,False,  1   0   1   0   0   0   1   0   1   0     ----       4/4       RandomExcursions,1,0,1,0,0,0,1,0,1,0,bjt,raw
bjt_raw,8,170,RandomExcursions,4,4,4,1.0,False,,False,  2   0   0   0   0   0   0   1   1   0     ----       4/4       RandomExcursions,2,0,0,0,0,0,0,1,1,0,bjt,raw
bjt_raw,8,171,RandomExcursions,5,4,4,1.0,False,,False,  1   0   1   0   0   0   1   0   1   0     ----       4/4       RandomExcursions,1,0,1,0,0,0,1,0,1,0,bjt,raw
bjt_raw,8,172,RandomExcursions,6,3,4,0.75,False,,False,  1   1   0   1   1   0   0   0   0   0     ----       3/4       RandomExcursions,1,1,0,1,1,0,0,0,0,0,bjt,raw
bjt_raw,8,173,RandomExcursions,7,4,4,1.0,False,,False,  0   0   0   2   0   1   0   0   1   0     ----       4/4       RandomExcursions,0,0,0,2,0,1,0,0,1,0,bjt,raw
bjt_raw,8,174,RandomExcursions,8,4,4,1.0,False,,False,  0   0   0   0   0   0   2   0   2   0     ----       4/4       RandomExcursions,0,0,0,0,0,0,2,0,2,0,bjt,raw
bjt_raw,8,175,RandomExcursionsVariant,1,4,4,1.0,False,,False,  1   2   0   0   0   0   0   0   0   1     ----       4/4       RandomExcursionsVariant,1,2,0,0,0,0,0,0,0,1,bjt,raw
bjt_raw,8,176,RandomExcursionsVariant,2,4,4,1.0,False,,False,  0   3   0   0   0   1   0   0   0   0     ----       4/4       RandomExcursionsVariant,0,3,0,0,0,1,0,0,0,0,bjt,raw
bjt_raw,8,177,RandomExcursionsVariant,3,4,4,1.0,False,,False,  0   1   3   0   0   0   0   0   0   0     ----       4/4       RandomExcursionsVariant,0,1,3,0,0,0,0,0,0,0,bjt,raw
bjt_raw,8,178,RandomExcursionsVariant,4,4,4,1.0,False,,False,  1   1   0   1   1   0   0   0   0   0     ----       4/4       RandomExcursionsVariant,1,1,0,1,1,0,0,0,0,0,bjt,raw
bjt_raw,8,179,RandomExcursionsVariant,5,4,4,1.0,False,,False,  1   0   0   1   1   1   0   0   0   0     ----       4/4       RandomExcursionsVariant,1,0,0,1,1,1,0,0,0,0,bjt,raw
bjt_raw,8,180,RandomExcursionsVariant,6,4,4,1.0,False,,False,  0   0   2   0   0   0   0   0   1   1     ----       4/4       RandomExcursionsVariant,0,0,2,0,0,0,0,0,1,1,bjt,raw
bjt_raw,8,181,RandomExcursionsVariant,7,4,4,1.0,False,,False,  0   0   1   0   1   0   1   0   0   1     ----       4/4       RandomExcursionsVariant,0,0,1,0,1,0,1,0,0,1,bjt,raw
bjt_raw,8,182,RandomExcursionsVariant,8,4,4,1.0,False,,False,  0   0   1   0   1   2   0   0   0   0     ----       4/4       RandomExcursionsVariant,0,0,1,0,1,2,0,0,0,0,bjt,raw
bjt_raw,8,183,RandomExcursionsVariant,9,4,4,1.0,False,,False,  1   0   0   1   0   0   1   0   0   1     ----       4/4       RandomExcursionsVariant,1,0,0,1,0,0,1,0,0,1,bjt,raw
bjt_raw,8,184,RandomExcursionsVariant,10,3,4,0.75,False,,False,  1   0   0   1   1   0   0   0   0   1     ----       3/4       RandomExcursionsVariant,1,0,0,1,1,0,0,0,0,1,bjt,raw
bjt_raw,8,185,RandomExcursionsVariant,11,4,4,1.0,False,,False,  1   0   0   0   1   1   0   1   0   0     ----       4/4       RandomExcursionsVariant,1,0,0,0,1,1,0,1,0,0,bjt,raw
bjt_raw,8,186,RandomExcursionsVariant,12,4,4,1.0,False,,False,  0   1   1   0   0   0   1   0   1   0     ----       4/4       RandomExcursionsVariant,0,1,1,0,0,0,1,0,1,0,bjt,raw
bjt_raw,8,187,RandomExcursionsVariant,13,4,4,1.0,False,,False,  0   0   1   1   0   1   0   0   1   0     ----       4/4       RandomExcursionsVariant,0,0,1,1,0,1,0,0,1,0,bjt,raw
bjt_raw,8,188,RandomExcursionsVariant,14,4,4,1.0,False,,False,  0   0   0   0   1   0   0   1   1   1     ----       4/4       RandomExcursionsVariant,0,0,0,0,1,0,0,1,1,1,bjt,raw
bjt_raw,8,189,RandomExcursionsVariant,15,4,4,1.0,False,,False,  0   0   0   0   0   0   1   1   1   1     ----       4/4       RandomExcursionsVariant,0,0,0,0,0,0,1,1,1,1,bjt,raw
bjt_raw,8,190,RandomExcursionsVariant,16,4,4,1.0,False,,False,  0   0   0   0   0   0   1   1   0   2     ----       4/4       RandomExcursionsVariant,0,0,0,0,0,0,1,1,0,2,bjt,raw
bjt_raw,8,191,RandomExcursionsVariant,17,4,4,1.0,False,,False,  0   0   0   0   0   2   0   1   1   0     ----       4/4       RandomExcursionsVariant,0,0,0,0,0,2,0,1,1,0,bjt,raw
bjt_raw,8,192,RandomExcursionsVariant,18,4,4,1.0,False,,False,  0   0   0   0   2   1   1   0   0   0     ----       4/4       RandomExcursionsVariant,0,0,0,0,2,1,1,0,0,0,bjt,raw
bjt_raw,8,193,Serial,1,7,8,0.875,False,,False,  2   1   1   0   1   0   1   0   1   1     ----       7/8       Serial,2,1,1,0,1,0,1,0,1,1,bjt,raw
bjt_raw,8,194,Serial,2,8,8,1.0,False,,False,  2   1   0   3   0   0   0   0   0   2     ----       8/8       Serial,2,1,0,3,0,0,0,0,0,2,bjt,raw
bjt_raw,8,195,LinearComplexity,1,8,8,1.0,False,,False,  1   1   0   0   0   1   3   1   0   1     ----       8/8       LinearComplexity,1,1,0,0,0,1,3,1,0,1,bjt,raw
bjt_vn,2,8,Frequency,1,2,2,1.0,False,,False,  1   0   0   0   1   0   0   0   0   0     ----       2/2       Frequency,1,0,0,0,1,0,0,0,0,0,bjt,vn
bjt_vn,2,9,BlockFrequency,1,2,2,1.0,False,,False,  0   0   0   0   1   0   0   1   0   0     ----       2/2       BlockFrequency,0,0,0,0,1,0,0,1,0,0,bjt,vn
bjt_vn,2,10,CumulativeSums,1,2,2,1.0,False,,False,  1   0   0   0   0   0   0   1   0   0     ----       2/2       CumulativeSums,1,0,0,0,0,0,0,1,0,0,bjt,vn
bjt_vn,2,11,CumulativeSums,2,2,2,1.0,False,,False,  1   0   1   0   0   0   0   0   0   0     ----       2/2       CumulativeSums,1,0,1,0,0,0,0,0,0,0,bjt,vn
bjt_vn,2,12,Runs,1,2,2,1.0,False,,False,  0   0   0   0   0   2   0   0   0   0     ----       2/2       Runs,0,0,0,0,0,2,0,0,0,0,bjt,vn
bjt_vn,2,13,LongestRun,1,2,2,1.0,False,,False,  0   1   0   0   0   1   0   0   0   0     ----       2/2       LongestRun,0,1,0,0,0,1,0,0,0,0,bjt,vn
bjt_vn,2,14,Rank,1,2,2,1.0,False,,False,  0   0   0   0   1   0   1   0   0   0     ----       2/2       Rank,0,0,0,0,1,0,1,0,0,0,bjt,vn
bjt_vn,2,15,FFT,1,2,2,1.0,False,,False,  0   0   0   0   1   0   0   0   0   1     ----       2/2       FFT,0,0,0,0,1,0,0,0,0,1,bjt,vn
bjt_vn,2,16,NonOverlappingTemplate,1,2,2,1.0,False,,False,  0   0   0   0   1   0   0   1   0   0     ----       2/2       NonOverlappingTemplate,0,0,0,0,1,0,0,1,0,0,bjt,vn
bjt_vn,2,17,NonOverlappingTemplate,2,2,2,1.0,False,,False,  0   0   0   0   0   0   1   1   0   0     ----       2/2       NonOverlappingTemplate,0,0,0,0,0,0,1,1,0,0,bjt,vn
bjt_vn,2,18,NonOverlappingTemplate,3,2,2,1.0,False,,False,  0   0   0   0   0   0   0   2   0   0     ----       2/2       NonOverlappingTemplate,0,0,0,0,0,0,0,2,0,0,bjt,vn
bjt_vn,2,19,NonOverlappingTemplate,4,2,2,1.0,False,,False,  0   0   0   0   1   0   0   0   1   0     ----       2/2       NonOverlappingTemplate,0,0,0,0,1,0,0,0,1,0,bjt,vn
bjt_vn,2,20,NonOverlappingTemplate,5,2,2,1.0,False,,False,  0   1   0   1   0   0   0   0   0   0     ----       2/2       NonOverlappingTemplate,0,1,0,1,0,0,0,0,0,0,bjt,vn
bjt_vn,2,21,NonOverlappingTemplate,6,2,2,1.0,False,,False,  0   1   0   0   0   0   0   1   0   0     ----       2/2       NonOverlappingTemplate,0,1,0,0,0,0,0,1,0,0,bjt,vn
bjt_vn,2,22,NonOverlappingTemplate,7,2,2,1.0,False,,False,  0   0   0   1   1   0   0   0   0   0     ----       2/2       NonOverlappingTemplate,0,0,0,1,1,0,0,0,0,0,bjt,vn
bjt_vn,2,23,NonOverlappingTemplate,8,2,2,1.0,False,,False,  0   0   0   0   1   0   0   0   1   0     ----       2/2       NonOverlappingTemplate,0,0,0,0,1,0,0,0,1,0,bjt,vn
bjt_vn,2,24,NonOverlappingTemplate,9,2,2,1.0,False,,False,  2   0   0   0   0   0   0   0   0   0     ----       2/2       NonOverlappingTemplate,2,0,0,0,0,0,0,0,0,0,bjt,vn
bjt_vn,2,25,NonOverlappingTemplate,10,2,2,1.0,False,,False,  0   1   0   0   0   0   0   1   0   0     ----       2/2       NonOverlappingTemplate,0,1,0,0,0,0,0,1,0,0,bjt,vn
bjt_vn,2,26,NonOverlappingTemplate,11,2,2,1.0,False,,False,  0   0   0   0   0   1   0   1   0   0     ----       2/2       NonOverlappingTemplate,0,0,0,0,0,1,0,1,0,0,bjt,vn
bjt_vn,2,27,NonOverlappingTemplate,12,2,2,1.0,False,,False,  1   1   0   0   0   0   0   0   0   0     ----       2/2       NonOverlappingTemplate,1,1,0,0,0,0,0,0,0,0,bjt,vn
bjt_vn,2,28,NonOverlappingTemplate,13,2,2,1.0,False,,False,  0   0   0   0   0   0   0   0   1   1     ----       2/2       NonOverlappingTemplate,0,0,0,0,0,0,0,0,1,1,bjt,vn
bjt_vn,2,29,NonOverlappingTemplate,14,2,2,1.0,False,,False,  1   0   0   0   0   1   0   0   0   0     ----       2/2       NonOverlappingTemplate,1,0,0,0,0,1,0,0,0,0,bjt,vn
bjt_vn,2,30,NonOverlappingTemplate,15,2,2,1.0,False,,False,  0   0   0   1   1   0   0   0   0   0     ----       2/2       NonOverlappingTemplate,0,0,0,1,1,0,0,0,0,0,bjt,vn
bjt_vn,2,31,NonOverlappingTemplate,16,2,2,1.0,False,,False,  0   0   0   0   0   1   0   1   0   0     ----       2/2       NonOverlappingTemplate,0,0,0,0,0,1,0,1,0,0,bjt,vn
bjt_vn,2,32,NonOverlappingTemplate,17,1,2,0.5,False,,False,  1   0   0   0   0   0   0   0   1   0     ----       1/2       NonOverlappingTemplate,1,0,0,0,0,0,0,0,1,0,bjt,vn
bjt_vn,2,33,NonOverlappingTemplate,18,2,2,1.0,False,,False,  0   0   0   0   0   0   0   0   0   2     ----       2/2       NonOverlappingTemplate,0,0,0,0,0,0,0,0,0,2,bjt,vn
bjt_vn,2,34,NonOverlappingTemplate,19,2,2,1.0,False,,False,  0   1   0   0   0   0   0   0   0   1     ----       2/2       NonOverlappingTemplate,0,1,0,0,0,0,0,0,0,1,bjt,vn
bjt_vn,2,35,NonOverlappingTemplate,20,2,2,1.0,False,,False,  0   0   0   0   1   0   0   0   0   1     ----       2/2       NonOverlappingTemplate,0,0,0,0,1,0,0,0,0,1,bjt,vn
bjt_vn,2,36,NonOverlappingTemplate,21,2,2,1.0,False,,False,  0   0   0   0   2   0   0   0   0   0     ----       2/2       NonOverlappingTemplate,0,0,0,0,2,0,0,0,0,0,bjt,vn
bjt_vn,2,37,NonOverlappingTemplate,22,2,2,1.0,False,,False,  0   0   0   0   1   1   0   0   0   0     ----       2/2       NonOverlappingTemplate,0,0,0,0,1,1,0,0,0,0,bjt,vn
bjt_vn,2,38,NonOverlappingTemplate,23,2,2,1.0,False,,False,  1   0   1   0   0   0   0   0   0   0     ----       2/2       NonOverlappingTemplate,1,0,1,0,0,0,0,0,0,0,bjt,vn
bjt_vn,2,39,NonOverlappingTemplate,24,2,2,1.0,False,,False,  0   0   0   1   0   0   1   0   0   0     ----       2/2       NonOverlappingTemplate,0,0,0,1,0,0,1,0,0,0,bjt,vn
bjt_vn,2,40,NonOverlappingTemplate,25,2,2,1.0,False,,False,  0   1   0   0   0   1   0   0   0   0     ----       2/2       NonOverlappingTemplate,0,1,0,0,0,1,0,0,0,0,bjt,vn
bjt_vn,2,41,NonOverlappingTemplate,26,2,2,1.0,False,,False,  0   0   1   1   0   0   0   0   0   0     ----       2/2       NonOverlappingTemplate,0,0,1,1,0,0,0,0,0,0,bjt,vn
bjt_vn,2,42,NonOverlappingTemplate,27,2,2,1.0,False,,False,  0   0   0   0   1   0   0   1   0   0     ----       2/2       NonOverlappingTemplate,0,0,0,0,1,0,0,1,0,0,bjt,vn
bjt_vn,2,43,NonOverlappingTemplate,28,2,2,1.0,False,,False,  0   0   0   0   1   0   0   0   0   1     ----       2/2       NonOverlappingTemplate,0,0,0,0,1,0,0,0,0,1,bjt,vn
bjt_vn,2,44,NonOverlappingTemplate,29,2,2,1.0,False,,False,  0   0   0   0   0   2   0   0   0   0     ----       2/2       NonOverlappingTemplate,0,0,0,0,0,2,0,0,0,0,bjt,vn
bjt_vn,2,45,NonOverlappingTemplate,30,2,2,1.0,False,,False,  0   0   0   0   0   1   1   0   0   0     ----       2/2       NonOverlappingTemplate,0,0,0,0,0,1,1,0,0,0,bjt,vn
bjt_vn,2,46,NonOverlappingTemplate,31,2,2,1.0,False,,False,  0   1   0   0   0   0   0   1   0   0     ----       2/2       NonOverlappingTemplate,0,1,0,0,0,0,0,1,0,0,bjt,vn
bjt_vn,2,47,NonOverlappingTemplate,32,2,2,1.0,False,,False,  0   1   1   0   0   0   0   0   0   0     ----       2/2       NonOverlappingTemplate,0,1,1,0,0,0,0,0,0,0,bjt,vn
bjt_vn,2,48,NonOverlappingTemplate,33,2,2,1.0,False,,False,  0   0   0   0   1   1   0   0   0   0     ----       2/2       NonOverlappingTemplate,0,0,0,0,1,1,0,0,0,0,bjt,vn
bjt_vn,2,49,NonOverlappingTemplate,34,2,2,1.0,False,,False,  0   0   1   0   0   1   0   0   0   0     ----       2/2       NonOverlappingTemplate,0,0,1,0,0,1,0,0,0,0,bjt,vn
bjt_vn,2,50,NonOverlappingTemplate,35,2,2,1.0,False,,False,  0   0   1   0   0   0   0   0   1   0     ----       2/2       NonOverlappingTemplate,0,0,1,0,0,0,0,0,1,0,bjt,vn
bjt_vn,2,51,NonOverlappingTemplate,36,2,2,1.0,False,,False,  0   0   0   0   0   1   0   0   1   0     ----       2/2       NonOverlappingTemplate,0,0,0,0,0,1,0,0,1,0,bjt,vn
bjt_vn,2,52,NonOverlappingTemplate,37,2,2,1.0,False,,False,  0   0   0   1   0   0   0   0   1   0     ----       2/2       NonOverlappingTemplate,0,0,0,1,0,0,0,0,1,0,bjt,vn
bjt_vn,2,53,NonOverlappingTemplate,38,2,2,1.0,False,,False,  0   0   0   1   1   0   0   0   0   0     ----       2/2       NonOverlappingTemplate,0,0,0,1,1,0,0,0,0,0,bjt,vn
bjt_vn,2,54,NonOverlappingTemplate,39,2,2,1.0,False,,False,  0   0   0   1   0   0   0   0   1   0     ----       2/2       NonOverlappingTemplate,0,0,0,1,0,0,0,0,1,0,bjt,vn
bjt_vn,2,55,NonOverlappingTemplate,40,2,2,1.0,False,,False,  0   0   0   1   0   1   0   0   0   0     ----       2/2       NonOverlappingTemplate,0,0,0,1,0,1,0,0,0,0,bjt,vn
bjt_vn,2,56,NonOverlappingTemplate,41,2,2,1.0,False,,False,  0   1   0   0   0   0   0   0   0   1     ----       2/2       NonOverlappingTemplate,0,1,0,0,0,0,0,0,0,1,bjt,vn
bjt_vn,2,57,NonOverlappingTemplate,42,2,2,1.0,False,,False,  0   0   1   1   0   0   0   0   0   0     ----       2/2       NonOverlappingTemplate,0,0,1,1,0,0,0,0,0,0,bjt,vn
bjt_vn,2,58,NonOverlappingTemplate,43,2,2,1.0,False,,False,  0   1   0   0   0   0   0   0   0   1     ----       2/2       NonOverlappingTemplate,0,1,0,0,0,0,0,0,0,1,bjt,vn
bjt_vn,2,59,NonOverlappingTemplate,44,2,2,1.0,False,,False,  0   0   0   0   0   1   1   0   0   0     ----       2/2       NonOverlappingTemplate,0,0,0,0,0,1,1,0,0,0,bjt,vn
bjt_vn,2,60,NonOverlappingTemplate,45,2,2,1.0,False,,False,  0   0   1   0   1   0   0   0   0   0     ----       2/2       NonOverlappingTemplate,0,0,1,0,1,0,0,0,0,0,bjt,vn
bjt_vn,2,61,NonOverlappingTemplate,46,2,2,1.0,False,,False,  0   0   1   0   0   0   0   0   0   1     ----       2/2       NonOverlappingTemplate,0,0,1,0,0,0,0,0,0,1,bjt,vn
bjt_vn,2,62,NonOverlappingTemplate,47,2,2,1.0,False,,False,  0   1   0   0   0   1   0   0   0   0     ----       2/2       NonOverlappingTemplate,0,1,0,0,0,1,0,0,0,0,bjt,vn
bjt_vn,2,63,NonOverlappingTemplate,48,2,2,1.0,False,,False,  0   1   0   0   0   0   0   1   0   0     ----       2/2       NonOverlappingTemplate,0,1,0,0,0,0,0,1,0,0,bjt,vn
bjt_vn,2,64,NonOverlappingTemplate,49,2,2,1.0,False,,False,  0   0   0   0   0   0   1   0   0   1     ----       2/2       NonOverlappingTemplate,0,0,0,0,0,0,1,0,0,1,bjt,vn
bjt_vn,2,65,NonOverlappingTemplate,50,2,2,1.0,False,,False,  0   0   0   0   0   0   0   0   1   1     ----       2/2       NonOverlappingTemplate,0,0,0,0,0,0,0,0,1,1,bjt,vn
bjt_vn,2,66,NonOverlappingTemplate,51,2,2,1.0,False,,False,  1   0   0   1   0   0   0   0   0   0     ----       2/2       NonOverlappingTemplate,1,0,0,1,0,0,0,0,0,0,bjt,vn
bjt_vn,2,67,NonOverlappingTemplate,52,2,2,1.0,False,,False,  0   0   1   0   1   0   0   0   0   0     ----       2/2       NonOverlappingTemplate,0,0,1,0,1,0,0,0,0,0,bjt,vn
bjt_vn,2,68,NonOverlappingTemplate,53,2,2,1.0,False,,False,  0   0   0   0   0   1   0   0   0   1     ----       2/2       NonOverlappingTemplate,0,0,0,0,0,1,0,0,0,1,bjt,vn
bjt_vn,2,69,NonOverlappingTemplate,54,1,2,0.5,False,,False,  1   0   1   0   0   0   0   0   0   0     ----       1/2       NonOverlappingTemplate,1,0,1,0,0,0,0,0,0,0,bjt,vn
bjt_vn,2,70,NonOverlappingTemplate,55,2,2,1.0,False,,False,  1   0   0   0   0   0   0   0   1   0     ----       2/2       NonOverlappingTemplate,1,0,0,0,0,0,0,0,1,0,bjt,vn
bjt_vn,2,71,NonOverlappingTemplate,56,2,2,1.0,False,,False,  0   0   1   0   0   1   0   0   0   0     ----       2/2       NonOverlappingTemplate,0,0,1,0,0,1,0,0,0,0,bjt,vn
bjt_vn,2,72,NonOverlappingTemplate,57,2,2,1.0,False,,False,  0   0   0   0   0   0   1   1   0   0     ----       2/2       NonOverlappingTemplate,0,0,0,0,0,0,1,1,0,0,bjt,vn
bjt_vn,2,73,NonOverlappingTemplate,58,2,2,1.0,False,,False,  1   0   0   0   1   0   0   0   0   0     ----       2/2       NonOverlappingTemplate,1,0,0,0,1,0,0,0,0,0,bjt,vn
bjt_vn,2,74,NonOverlappingTemplate,59,2,2,1.0,False,,False,  0   2   0   0   0   0   0   0   0   0     ----       2/2       NonOverlappingTemplate,0,2,0,0,0,0,0,0,0,0,bjt,vn
bjt_vn,2,75,NonOverlappingTemplate,60,2,2,1.0,False,,False,  0   1   0   0   0   0   0   0   1   0     ----       2/2       NonOverlappingTemplate,0,1,0,0,0,0,0,0,1,0,bjt,vn
bjt_vn,2,76,NonOverlappingTemplate,61,2,2,1.0,False,,False,  0   1   0   0   0   0   1   0   0   0     ----       2/2       NonOverlappingTemplate,0,1,0,0,0,0,1,0,0,0,bjt,vn
bjt_vn,2,77,NonOverlappingTemplate,62,2,2,1.0,False,,False,  0   0   0   0   0   2   0   0   0   0     ----       2/2       NonOverlappingTemplate,0,0,0,0,0,2,0,0,0,0,bjt,vn
bjt_vn,2,78,NonOverlappingTemplate,63,2,2,1.0,False,,False,  1   0   0   0   1   0   0   0   0   0     ----       2/2       NonOverlappingTemplate,1,0,0,0,1,0,0,0,0,0,bjt,vn
bjt_vn,2,79,NonOverlappingTemplate,64,2,2,1.0,False,,False,  0   0   0   0   0   0   1   0   0   1     ----       2/2       NonOverlappingTemplate,0,0,0,0,0,0,1,0,0,1,bjt,vn
bjt_vn,2,80,NonOverlappingTemplate,65,2,2,1.0,False,,False,  0   0   0   0   1   0   0   0   0   1     ----       2/2       NonOverlappingTemplate,0,0,0,0,1,0,0,0,0,1,bjt,vn
bjt_vn,2,81,NonOverlappingTemplate,66,2,2,1.0,False,,False,  0   2   0   0   0   0   0   0   0   0     ----       2/2       NonOverlappingTemplate,0,2,0,0,0,0,0,0,0,0,bjt,vn
bjt_vn,2,82,NonOverlappingTemplate,67,2,2,1.0,False,,False,  0   1   0   0   0   0   0   1   0   0     ----       2/2       NonOverlappingTemplate,0,1,0,0,0,0,0,1,0,0,bjt,vn
bjt_vn,2,83,NonOverlappingTemplate,68,2,2,1.0,False,,False,  0   1   0   0   1   0   0   0   0   0     ----       2/2       NonOverlappingTemplate,0,1,0,0,1,0,0,0,0,0,bjt,vn
bjt_vn,2,84,NonOverlappingTemplate,69,2,2,1.0,False,,False,  0   1   0   0   0   0   0   0   1   0     ----       2/2       NonOverlappingTemplate,0,1,0,0,0,0,0,0,1,0,bjt,vn
bjt_vn,2,85,NonOverlappingTemplate,70,2,2,1.0,False,,False,  0   0   1   0   0   0   1   0   0   0     ----       2/2       NonOverlappingTemplate,0,0,1,0,0,0,1,0,0,0,bjt,vn
bjt_vn,2,86,NonOverlappingTemplate,71,2,2,1.0,False,,False,  0   1   1   0   0   0   0   0   0   0     ----       2/2       NonOverlappingTemplate,0,1,1,0,0,0,0,0,0,0,bjt,vn
bjt_vn,2,87,NonOverlappingTemplate,72,2,2,1.0,False,,False,  0   0   0   0   0   0   0   0   0   2     ----       2/2       NonOverlappingTemplate,0,0,0,0,0,0,0,0,0,2,bjt,vn
bjt_vn,2,88,NonOverlappingTemplate,73,2,2,1.0,False,,False,  0   0   0   0   0   0   0   1   1   0     ----       2/2       NonOverlappingTemplate,0,0,0,0,0,0,0,1,1,0,bjt,vn
bjt_vn,2,89,NonOverlappingTemplate,74,2,2,1.0,False,,False,  0   0   0   0   2   0   0   0   0   0     ----       2/2       NonOverlappingTemplate,0,0,0,0,2,0,0,0,0,0,bjt,vn
bjt_vn,2,90,NonOverlappingTemplate,75,2,2,1.0,False,,False,  0   0   0   0   1   0   0   1   0   0     ----       2/2       NonOverlappingTemplate,0,0,0,0,1,0,0,1,0,0,bjt,vn
bjt_vn,2,91,NonOverlappingTemplate,76,2,2,1.0,False,,False,  0   0   0   0   0   1   0   0   0   1     ----       2/2       NonOverlappingTemplate,0,0,0,0,0,1,0,0,0,1,bjt,vn
bjt_vn,2,92,NonOverlappingTemplate,77,2,2,1.0,False,,False,  0   0   0   0   2   0   0   0   0   0     ----       2/2       NonOverlappingTemplate,0,0,0,0,2,0,0,0,0,0,bjt,vn
bjt_vn,2,93,NonOverlappingTemplate,78,2,2,1.0,False,,False,  0   0   0   0   0   0   0   1   1   0     ----       2/2       NonOverlappingTemplate,0,0,0,0,0,0,0,1,1,0,bjt,vn
bjt_vn,2,94,NonOverlappingTemplate,79,2,2,1.0,False,,False,  0   1   0   0   0   0   0   0   0   1     ----       2/2       NonOverlappingTemplate,0,1,0,0,0,0,0,0,0,1,bjt,vn
bjt_vn,2,95,NonOverlappingTemplate,80,2,2,1.0,False,,False,  0   0   1   0   0   0   1   0   0   0     ----       2/2       NonOverlappingTemplate,0,0,1,0,0,0,1,0,0,0,bjt,vn
bjt_vn,2,96,NonOverlappingTemplate,81,2,2,1.0,False,,False,  1   0   0   0   0   0   0   0   1   0     ----       2/2       NonOverlappingTemplate,1,0,0,0,0,0,0,0,1,0,bjt,vn
bjt_vn,2,97,NonOverlappingTemplate,82,2,2,1.0,False,,False,  0   0   0   0   0   0   0   1   1   0     ----       2/2       NonOverlappingTemplate,0,0,0,0,0,0,0,1,1,0,bjt,vn
bjt_vn,2,98,NonOverlappingTemplate,83,2,2,1.0,False,,False,  0   0   0   0   0   0   2   0   0   0     ----       2/2       NonOverlappingTemplate,0,0,0,0,0,0,2,0,0,0,bjt,vn
bjt_vn,2,99,NonOverlappingTemplate,84,1,2,0.5,False,,False,  1   0   0   0   0   0   0   1   0   0     ----       1/2       NonOverlappingTemplate,1,0,0,0,0,0,0,1,0,0,bjt,vn
bjt_vn,2,100,NonOverlappingTemplate,85,2,2,1.0,False,,False,  1   0   1   0   0   0   0   0   0   0     ----       2/2       NonOverlappingTemplate,1,0,1,0,0,0,0,0,0,0,bjt,vn
bjt_vn,2,101,NonOverlappingTemplate,86,1,2,0.5,False,,False,  1   0   0   0   1   0   0   0   0   0     ----       1/2       NonOverlappingTemplate,1,0,0,0,1,0,0,0,0,0,bjt,vn
bjt_vn,2,102,NonOverlappingTemplate,87,2,2,1.0,False,,False,  0   1   0   0   0   0   1   0   0   0     ----       2/2       NonOverlappingTemplate,0,1,0,0,0,0,1,0,0,0,bjt,vn
bjt_vn,2,103,NonOverlappingTemplate,88,2,2,1.0,False,,False,  1   0   0   0   0   0   0   1   0   0     ----       2/2       NonOverlappingTemplate,1,0,0,0,0,0,0,1,0,0,bjt,vn
bjt_vn,2,104,NonOverlappingTemplate,89,2,2,1.0,False,,False,  0   0   0   1   0   0   0   0   0   1     ----       2/2       NonOverlappingTemplate,0,0,0,1,0,0,0,0,0,1,bjt,vn
bjt_vn,2,105,NonOverlappingTemplate,90,2,2,1.0,False,,False,  1   1   0   0   0   0   0   0   0   0     ----       2/2       NonOverlappingTemplate,1,1,0,0,0,0,0,0,0,0,bjt,vn
bjt_vn,2,106,NonOverlappingTemplate,91,2,2,1.0,False,,False,  0   0   0   0   0   1   0   0   1   0     ----       2/2       NonOverlappingTemplate,0,0,0,0,0,1,0,0,1,0,bjt,vn
bjt_vn,2,107,NonOverlappingTemplate,92,2,2,1.0,False,,False,  0   1   0   1   0   0   0   0   0   0     ----       2/2       NonOverlappingTemplate,0,1,0,1,0,0,0,0,0,0,bjt,vn
bjt_vn,2,108,NonOverlappingTemplate,93,2,2,1.0,False,,False,  0   0   0   0   0   0   0   1   1   0     ----       2/2       NonOverlappingTemplate,0,0,0,0,0,0,0,1,1,0,bjt,vn
bjt_vn,2,109,NonOverlappingTemplate,94,2,2,1.0,False,,False,  0   0   0   0   0   1   0   0   1   0     ----       2/2       NonOverlappingTemplate,0,0,0,0,0,1,0,0,1,0,bjt,vn
bjt_vn,2,110,NonOverlappingTemplate,95,2,2,1.0,False,,False,  0   0   0   0   0   1   0   0   0   1     ----       2/2       NonOverlappingTemplate,0,0,0,0,0,1,0,0,0,1,bjt,vn
bjt_vn,2,111,NonOverlappingTemplate,96,2,2,1.0,False,,False,  0   0   0   0   1   0   0   0   0   1     ----       2/2       NonOverlappingTemplate,0,0,0,0,1,0,0,0,0,1,bjt,vn
bjt_vn,2,112,NonOverlappingTemplate,97,2,2,1.0,False,,False,  0   0   0   2   0   0   0   0   0   0     ----       2/2       NonOverlappingTemplate,0,0,0,2,0,0,0,0,0,0,bjt,vn
bjt_vn,2,113,NonOverlappingTemplate,98,2,2,1.0,False,,False,  0   1   0   1   0   0   0   0   0   0     ----       2/2       NonOverlappingTemplate,0,1,0,1,0,0,0,0,0,0,bjt,vn
bjt_vn,2,114,NonOverlappingTemplate,99,2,2,1.0,False,,False,  0   0   0   0   0   0   0   0   1   1     ----       2/2       NonOverlappingTemplate,0,0,0,0,0,0,0,0,1,1,bjt,vn
bjt_vn,2,115,NonOverlappingTemplate,100,2,2,1.0,False,,False,  0   0   0   1   0   1   0   0   0   0     ----       2/2       NonOverlappingTemplate,0,0,0,1,0,1,0,0,0,0,bjt,vn
bjt_vn,2,116,NonOverlappingTemplate,101,2,2,1.0,False,,False,  0   0   0   0   0   1   0   1   0   0     ----       2/2       NonOverlappingTemplate,0,0,0,0,0,1,0,1,0,0,bjt,vn
bjt_vn,2,117,NonOverlappingTemplate,102,2,2,1.0,False,,False,  0   0   1   0   0   0   1   0   0   0     ----       2/2       NonOverlappingTemplate,0,0,1,0,0,0,1,0,0,0,bjt,vn
bjt_vn,2,118,NonOverlappingTemplate,103,2,2,1.0,False,,False,  1   0   0   0   0   0   1   0   0   0     ----       2/2       NonOverlappingTemplate,1,0,0,0,0,0,1,0,0,0,bjt,vn
bjt_vn,2,119,NonOverlappingTemplate,104,2,2,1.0,False,,False,  0   0   0   0   0   0   0   0   1   1     ----       2/2       NonOverlappingTemplate,0,0,0,0,0,0,0,0,1,1,bjt,vn
bjt_vn,2,120,NonOverlappingTemplate,105,2,2,1.0,False,,False,  0   0   1   0   0   0   1   0   0   0     ----       2/2       NonOverlappingTemplate,0,0,1,0,0,0,1,0,0,0,bjt,vn
bjt_vn,2,121,NonOverlappingTemplate,106,2,2,1.0,False,,False,  0   1   0   0   0   0   0   1   0   0     ----       2/2       NonOverlappingTemplate,0,1,0,0,0,0,0,1,0,0,bjt,vn
bjt_vn,2,122,NonOverlappingTemplate,107,2,2,1.0,False,,False,  0   1   0   0   0   0   0   1   0   0     ----       2/2       NonOverlappingTemplate,0,1,0,0,0,0,0,1,0,0,bjt,vn
bjt_vn,2,123,NonOverlappingTemplate,108,2,2,1.0,False,,False,  0   0   1   0   0   0   0   1   0   0     ----       2/2       NonOverlappingTemplate,0,0,1,0,0,0,0,1,0,0,bjt,vn
bjt_vn,2,124,NonOverlappingTemplate,109,2,2,1.0,False,,False,  0   0   0   1   0   0   0   0   1   0     ----       2/2       NonOverlappingTemplate,0,0,0,1,0,0,0,0,1,0,bjt,vn
bjt_vn,2,125,NonOverlappingTemplate,110,2,2,1.0,False,,False,  0   1   0   0   0   0   0   1   0   0     ----       2/2       NonOverlappingTemplate,0,1,0,0,0,0,0,1,0,0,bjt,vn
bjt_vn,2,126,NonOverlappingTemplate,111,2,2,1.0,False,,False,  0   2   0   0   0   0   0   0   0   0     ----       2/2       NonOverlappingTemplate,0,2,0,0,0,0,0,0,0,0,bjt,vn
bjt_vn,2,127,NonOverlappingTemplate,112,2,2,1.0,False,,False,  0   1   0   0   0   0   0   0   1   0     ----       2/2       NonOverlappingTemplate,0,1,0,0,0,0,0,0,1,0,bjt,vn
bjt_vn,2,128,NonOverlappingTemplate,113,2,2,1.0,False,,False,  0   0   0   0   0   1   0   1   0   0     ----       2/2       NonOverlappingTemplate,0,0,0,0,0,1,0,1,0,0,bjt,vn
bjt_vn,2,129,NonOverlappingTemplate,114,2,2,1.0,False,,False,  1   0   0   1   0   0   0   0   0   0     ----       2/2       NonOverlappingTemplate,1,0,0,1,0,0,0,0,0,0,bjt,vn
bjt_vn,2,130,NonOverlappingTemplate,115,2,2,1.0,False,,False,  0   0   0   0   0   0   0   2   0   0     ----       2/2       NonOverlappingTemplate,0,0,0,0,0,0,0,2,0,0,bjt,vn
bjt_vn,2,131,NonOverlappingTemplate,116,2,2,1.0,False,,False,  0   0   0   1   0   1   0   0   0   0     ----       2/2       NonOverlappingTemplate,0,0,0,1,0,1,0,0,0,0,bjt,vn
bjt_vn,2,132,NonOverlappingTemplate,117,2,2,1.0,False,,False,  0   0   0   1   1   0   0   0   0   0     ----       2/2       NonOverlappingTemplate,0,0,0,1,1,0,0,0,0,0,bjt,vn
bjt_vn,2,133,NonOverlappingTemplate,118,2,2,1.0,False,,False,  0   0   0   0   0   0   0   1   0   1     ----       2/2       NonOverlappingTemplate,0,0,0,0,0,0,0,1,0,1,bjt,vn
bjt_vn,2,134,NonOverlappingTemplate,119,2,2,1.0,False,,False,  0   0   0   0   0   0   0   1   1   0     ----       2/2       NonOverlappingTemplate,0,0,0,0,0,0,0,1,1,0,bjt,vn
bjt_vn,2,135,NonOverlappingTemplate,120,2,2,1.0,False,,False,  0   0   0   0   0   0   0   1   1   0     ----       2/2       NonOverlappingTemplate,0,0,0,0,0,0,0,1,1,0,bjt,vn
bjt_vn,2,136,NonOverlappingTemplate,121,2,2,1.0,False,,False,  0   0   0   0   0   1   0   0   1   0     ----       2/2       NonOverlappingTemplate,0,0,0,0,0,1,0,0,1,0,bjt,vn
bjt_vn,2,137,NonOverlappingTemplate,122,2,2,1.0,False,,False,  0   0   1   0   0   1   0   0   0   0     ----       2/2       NonOverlappingTemplate,0,0,1,0,0,1,0,0,0,0,bjt,vn
bjt_vn,2,138,NonOverlappingTemplate,123,2,2,1.0,False,,False,  0   0   0   1   0   0   1   0   0   0     ----       2/2       NonOverlappingTemplate,0,0,0,1,0,0,1,0,0,0,bjt,vn
bjt_vn,2,139,NonOverlappingTemplate,124,2,2,1.0,False,,False,  0   0   0   0   1   1   0   0   0   0     ----       2/2       NonOverlappingTemplate,0,0,0,0,1,1,0,0,0,0,bjt,vn
bjt_vn,2,140,NonOverlappingTemplate,125,2,2,1.0,False,,False,  0   0   0   0   1   0   0   1   0   0     ----       2/2       NonOverlappingTemplate,0,0,0,0,1,0,0,1,0,0,bjt,vn
bjt_vn,2,141,NonOverlappingTemplate,126,2,2,1.0,False,,False,  0   0   0   0   0   0   0   1   1   0     ----       2/2       NonOverlappingTemplate,0,0,0,0,0,0,0,1,1,0,bjt,vn
bjt_vn,2,142,NonOverlappingTemplate,127,2,2,1.0,False,,False,  0   1   0   0   1   0   0   0   0   0     ----       2/2       NonOverlappingTemplate,0,1,0,0,1,0,0,0,0,0,bjt,vn
bjt_vn,2,143,NonOverlappingTemplate,128,2,2,1.0,False,,False,  0   0   2   0   0   0   0   0   0   0     ----       2/2       NonOverlappingTemplate,0,0,2,0,0,0,0,0,0,0,bjt,vn
bjt_vn,2,144,NonOverlappingTemplate,129,2,2,1.0,False,,False,  0   1   0   0   1   0   0   0   0   0     ----       2/2       NonOverlappingTemplate,0,1,0,0,1,0,0,0,0,0,bjt,vn
bjt_vn,2,145,NonOverlappingTemplate,130,2,2,1.0,False,,False,  0   1   1   0   0   0   0   0   0   0     ----       2/2       NonOverlappingTemplate,0,1,1,0,0,0,0,0,0,0,bjt,vn
bjt_vn,2,146,NonOverlappingTemplate,131,2,2,1.0,False,,False,  0   0   1   0   0   0   0   0   0   1     ----       2/2       NonOverlappingTemplate,0,0,1,0,0,0,0,0,0,1,bjt,vn
bjt_vn,2,147,NonOverlappingTemplate,132,2,2,1.0,False,,False,  0   0   0   0   1   0   0   0   1   0     ----       2/2       NonOverlappingTemplate,0,0,0,0,1,0,0,0,1,0,bjt,vn
bjt_vn,2,148,NonOverlappingTemplate,133,2,2,1.0,False,,False,  0   0   0   0   0   0   0   0   0   2     ----       2/2       NonOverlappingTemplate,0,0,0,0,0,0,0,0,0,2,bjt,vn
bjt_vn,2,149,NonOverlappingTemplate,134,2,2,1.0,False,,False,  0   0   0   0   1   0   0   0   1   0     ----       2/2       NonOverlappingTemplate,0,0,0,0,1,0,0,0,1,0,bjt,vn
bjt_vn,2,150,NonOverlappingTemplate,135,2,2,1.0,False,,False,  1   0   0   0   0   1   0   0   0   0     ----       2/2       NonOverlappingTemplate,1,0,0,0,0,1,0,0,0,0,bjt,vn
bjt_vn,2,151,NonOverlappingTemplate,136,2,2,1.0,False,,False,  0   1   0   0   0   1   0   0   0   0     ----       2/2       NonOverlappingTemplate,0,1,0,0,0,1,0,0,0,0,bjt,vn
bjt_vn,2,152,NonOverlappingTemplate,137,2,2,1.0,False,,False,  0   0   0   0   0   0   1   0   1   0     ----       2/2       NonOverlappingTemplate,0,0,0,0,0,0,1,0,1,0,bjt,vn
bjt_vn,2,153,NonOverlappingTemplate,138,2,2,1.0,False,,False,  0   0   0   0   2   0   0   0   0   0     ----       2/2       NonOverlappingTemplate,0,0,0,0,2,0,0,0,0,0,bjt,vn
bjt_vn,2,154,NonOverlappingTemplate,139,2,2,1.0,False,,False,  0   0   1   1   0   0   0   0   0   0     ----       2/2       NonOverlappingTemplate,0,0,1,1,0,0,0,0,0,0,bjt,vn
bjt_vn,2,155,NonOverlappingTemplate,140,2,2,1.0,False,,False,  0   0   0   0   0   0   0   0   1   1     ----       2/2       NonOverlappingTemplate,0,0,0,0,0,0,0,0,1,1,bjt,vn
bjt_vn,2,156,NonOverlappingTemplate,141,2,2,1.0,False,,False,  0   0   0   0   0   0   1   0   1   0     ----       2/2       NonOverlappingTemplate,0,0,0,0,0,0,1,0,1,0,bjt,vn
bjt_vn,2,157,NonOverlappingTemplate,142,2,2,1.0,False,,False,  0   0   0   0   1   0   0   1   0   0     ----       2/2       NonOverlappingTemplate,0,0,0,0,1,0,0,1,0,0,bjt,vn
bjt_vn,2,158,NonOverlappingTemplate,143,2,2,1.0,False,,False,  0   0   0   0   0   1   0   0   1   0     ----       2/2       NonOverlappingTemplate,0,0,0,0,0,1,0,0,1,0,bjt,vn
bjt_vn,2,159,NonOverlappingTemplate,144,2,2,1.0,False,,False,  1   0   0   0   0   0   0   0   1   0     ----       2/2       NonOverlappingTemplate,1,0,0,0,0,0,0,0,1,0,bjt,vn
bjt_vn,2,160,NonOverlappingTemplate,145,2,2,1.0,False,,False,  0   0   1   0   0   0   0   0   0   1     ----       2/2       NonOverlappingTemplate,0,0,1,0,0,0,0,0,0,1,bjt,vn
bjt_vn,2,161,NonOverlappingTemplate,146,2,2,1.0,False,,False,  0   0   0   0   1   1   0   0   0   0     ----       2/2       NonOverlappingTemplate,0,0,0,0,1,1,0,0,0,0,bjt,vn
bjt_vn,2,162,NonOverlappingTemplate,147,2,2,1.0,False,,False,  0   0   0   0   1   0   0   0   1   0     ----       2/2       NonOverlappingTemplate,0,0,0,0,1,0,0,0,1,0,bjt,vn
bjt_vn,2,163,NonOverlappingTemplate,148,2,2,1.0,False,,False,  0   0   0   0   2   0   0   0   0   0     ----       2/2       NonOverlappingTemplate,0,0,0,0,2,0,0,0,0,0,bjt,vn
bjt_vn,2,164,OverlappingTemplate,1,2,2,1.0,False,,False,  0   0   0   2   0   0   0   0   0   0     ----       2/2       OverlappingTemplate,0,0,0,2,0,0,0,0,0,0,bjt,vn
bjt_vn,2,165,Universal,1,2,2,1.0,False,,False,  0   0   0   0   1   0   1   0   0   0     ----       2/2       Universal,0,0,0,0,1,0,1,0,0,0,bjt,vn
bjt_vn,2,166,ApproximateEntropy,1,2,2,1.0,False,,False,  0   1   0   0   0   0   0   1   0   0     ----       2/2       ApproximateEntropy,0,1,0,0,0,0,0,1,0,0,bjt,vn
bjt_vn,2,167,RandomExcursions,1,1,1,1.0,False,,False,  0   0   0   0   0   1   0   0   0   0     ----       1/1       RandomExcursions,0,0,0,0,0,1,0,0,0,0,bjt,vn
bjt_vn,2,168,RandomExcursions,2,1,1,1.0,False,,False,  0   0   0   0   0   0   0   1   0   0     ----       1/1       RandomExcursions,0,0,0,0,0,0,0,1,0,0,bjt,vn
bjt_vn,2,169,RandomExcursions,3,1,1,1.0,False,,False,  0   0   1   0   0   0   0   0   0   0     ----       1/1       RandomExcursions,0,0,1,0,0,0,0,0,0,0,bjt,vn
bjt_vn,2,170,RandomExcursions,4,1,1,1.0,False,,False,  1   0   0   0   0   0   0   0   0   0     ----       1/1       RandomExcursions,1,0,0,0,0,0,0,0,0,0,bjt,vn
bjt_vn,2,171,RandomExcursions,5,1,1,1.0,False,,False,  0   0   1   0   0   0   0   0   0   0     ----       1/1       RandomExcursions,0,0,1,0,0,0,0,0,0,0,bjt,vn
bjt_vn,2,172,RandomExcursions,6,1,1,1.0,False,,False,  0   1   0   0   0   0   0   0   0   0     ----       1/1       RandomExcursions,0,1,0,0,0,0,0,0,0,0,bjt,vn
bjt_vn,2,173,RandomExcursions,7,1,1,1.0,False,,False,  0   0   0   0   1   0   0   0   0   0     ----       1/1       RandomExcursions,0,0,0,0,1,0,0,0,0,0,bjt,vn
bjt_vn,2,174,RandomExcursions,8,1,1,1.0,False,,False,  0   0   0   0   0   0   1   0   0   0     ----       1/1       RandomExcursions,0,0,0,0,0,0,1,0,0,0,bjt,vn
bjt_vn,2,175,RandomExcursionsVariant,1,1,1,1.0,False,,False,  0   0   0   0   0   0   0   0   0   1     ----       1/1       RandomExcursionsVariant,0,0,0,0,0,0,0,0,0,1,bjt,vn
bjt_vn,2,176,RandomExcursionsVariant,2,1,1,1.0,False,,False,  0   0   0   0   0   0   0   1   0   0     ----       1/1       RandomExcursionsVariant,0,0,0,0,0,0,0,1,0,0,bjt,vn
bjt_vn,2,177,RandomExcursionsVariant,3,1,1,1.0,False,,False,  0   0   0   0   0   0   0   0   1   0     ----       1/1       RandomExcursionsVariant,0,0,0,0,0,0,0,0,1,0,bjt,vn
bjt_vn,2,178,RandomExcursionsVariant,4,1,1,1.0,False,,False,  0   0   0   0   0   0   0   0   0   1     ----       1/1       RandomExcursionsVariant,0,0,0,0,0,0,0,0,0,1,bjt,vn
bjt_vn,2,179,RandomExcursionsVariant,5,1,1,1.0,False,,False,  0   0   0   0   0   0   0   0   1   0     ----       1/1       RandomExcursionsVariant,0,0,0,0,0,0,0,0,1,0,bjt,vn
bjt_vn,2,180,RandomExcursionsVariant,6,1,1,1.0,False,,False,  0   0   0   0   0   0   0   1   0   0     ----       1/1       RandomExcursionsVariant,0,0,0,0,0,0,0,1,0,0,bjt,vn
bjt_vn,2,181,RandomExcursionsVariant,7,1,1,1.0,False,,False,  0   0   0   0   0   0   0   0   1   0     ----       1/1       RandomExcursionsVariant,0,0,0,0,0,0,0,0,1,0,bjt,vn
bjt_vn,2,182,RandomExcursionsVariant,8,1,1,1.0,False,,False,  0   0   0   0   0   0   0   0   0   1     ----       1/1       RandomExcursionsVariant,0,0,0,0,0,0,0,0,0,1,bjt,vn
bjt_vn,2,183,RandomExcursionsVariant,9,1,1,1.0,False,,False,  0   0   0   0   0   0   1   0   0   0     ----       1/1       RandomExcursionsVariant,0,0,0,0,0,0,1,0,0,0,bjt,vn
bjt_vn,2,184,RandomExcursionsVariant,10,1,1,1.0,False,,False,  1   0   0   0   0   0   0   0   0   0     ----       1/1       RandomExcursionsVariant,1,0,0,0,0,0,0,0,0,0,bjt,vn
bjt_vn,2,185,RandomExcursionsVariant,11,1,1,1.0,False,,False,  0   0   0   1   0   0   0   0   0   0     ----       1/1       RandomExcursionsVariant,0,0,0,1,0,0,0,0,0,0,bjt,vn
bjt_vn,2,186,RandomExcursionsVariant,12,1,1,1.0,False,,False,  0   0   0   0   0   0   0   1   0   0     ----       1/1       RandomExcursionsVariant,0,0,0,0,0,0,0,1,0,0,bjt,vn
bjt_vn,2,187,RandomExcursionsVariant,13,1,1,1.0,False,,False,  0   0   0   0   0   0   0   0   1   0     ----       1/1       RandomExcursionsVariant,0,0,0,0,0,0,0,0,1,0,bjt,vn
bjt_vn,2,188,RandomExcursionsVariant,14,1,1,1.0,False,,False,  0   0   0   0   0   0   0   1   0   0     ----       1/1       RandomExcursionsVariant,0,0,0,0,0,0,0,1,0,0,bjt,vn
bjt_vn,2,189,RandomExcursionsVariant,15,1,1,1.0,False,,False,  0   0   0   0   0   1   0   0   0   0     ----       1/1       RandomExcursionsVariant,0,0,0,0,0,1,0,0,0,0,bjt,vn
bjt_vn,2,190,RandomExcursionsVariant,16,1,1,1.0,False,,False,  0   0   1   0   0   0   0   0   0   0     ----       1/1       RandomExcursionsVariant,0,0,1,0,0,0,0,0,0,0,bjt,vn
bjt_vn,2,191,RandomExcursionsVariant,17,1,1,1.0,False,,False,  0   1   0   0   0   0   0   0   0   0     ----       1/1       RandomExcursionsVariant,0,1,0,0,0,0,0,0,0,0,bjt,vn
bjt_vn,2,192,RandomExcursionsVariant,18,1,1,1.0,False,,False,  0   1   0   0   0   0   0   0   0   0     ----       1/1       RandomExcursionsVariant,0,1,0,0,0,0,0,0,0,0,bjt,vn
bjt_vn,2,193,Serial,1,2,2,1.0,False,,False,  0   0   0   1   0   0   0   0   0   1     ----       2/2       Serial,0,0,0,1,0,0,0,0,0,1,bjt,vn
bjt_vn,2,194,Serial,2,2,2,1.0,False,,False,  0   1   0   0   0   0   0   0   1   0     ----       2/2       Serial,0,1,0,0,0,0,0,0,1,0,bjt,vn
bjt_vn,2,195,LinearComplexity,1,2,2,1.0,False,,False,  0   0   0   1   1   0   0   0   0   0     ----       2/2       LinearComplexity,0,0,0,1,1,0,0,0,0,0,bjt,vn
bjt_xor,8,8,Frequency,1,8,8,1.0,False,,False,  1   2   2   0   0   1   1   1   0   0     ----       8/8       Frequency,1,2,2,0,0,1,1,1,0,0,bjt,xor
bjt_xor,8,9,BlockFrequency,1,7,8,0.875,False,,False,  2   0   0   0   2   0   1   0   1   2     ----       7/8       BlockFrequency,2,0,0,0,2,0,1,0,1,2,bjt,xor
bjt_xor,8,10,CumulativeSums,1,8,8,1.0,False,,False,  0   2   2   1   2   0   0   0   0   1     ----       8/8       CumulativeSums,0,2,2,1,2,0,0,0,0,1,bjt,xor
bjt_xor,8,11,CumulativeSums,2,8,8,1.0,False,,False,  1   2   0   1   1   1   0   1   0   1     ----       8/8       CumulativeSums,1,2,0,1,1,1,0,1,0,1,bjt,xor
bjt_xor,8,12,Runs,1,7,8,0.875,False,,False,  2   0   1   1   1   0   1   2   0   0     ----       7/8       Runs,2,0,1,1,1,0,1,2,0,0,bjt,xor
bjt_xor,8,13,LongestRun,1,8,8,1.0,False,,False,  1   0   2   0   1   0   1   2   0   1     ----       8/8       LongestRun,1,0,2,0,1,0,1,2,0,1,bjt,xor
bjt_xor,8,14,Rank,1,8,8,1.0,False,,False,  1   0   2   1   1   0   0   1   1   1     ----       8/8       Rank,1,0,2,1,1,0,0,1,1,1,bjt,xor
bjt_xor,8,15,FFT,1,8,8,1.0,False,,False,  0   2   0   1   1   1   1   1   1   0     ----       8/8       FFT,0,2,0,1,1,1,1,1,1,0,bjt,xor
bjt_xor,8,16,NonOverlappingTemplate,1,8,8,1.0,False,,False,  1   1   0   1   2   1   1   0   1   0     ----       8/8       NonOverlappingTemplate,1,1,0,1,2,1,1,0,1,0,bjt,xor
bjt_xor,8,17,NonOverlappingTemplate,2,8,8,1.0,False,,False,  0   2   1   0   0   1   0   3   0   1     ----       8/8       NonOverlappingTemplate,0,2,1,0,0,1,0,3,0,1,bjt,xor
bjt_xor,8,18,NonOverlappingTemplate,3,7,8,0.875,False,,False,  1   2   0   1   1   1   1   1   0   0     ----       7/8       NonOverlappingTemplate,1,2,0,1,1,1,1,1,0,0,bjt,xor
bjt_xor,8,19,NonOverlappingTemplate,4,8,8,1.0,False,,False,  0   1   0   0   1   1   3   1   1   0     ----       8/8       NonOverlappingTemplate,0,1,0,0,1,1,3,1,1,0,bjt,xor
bjt_xor,8,20,NonOverlappingTemplate,5,8,8,1.0,False,,False,  2   0   2   0   1   0   0   1   0   2     ----       8/8       NonOverlappingTemplate,2,0,2,0,1,0,0,1,0,2,bjt,xor
bjt_xor,8,21,NonOverlappingTemplate,6,7,8,0.875,False,,False,  2   0   1   2   0   0   1   0   2   0     ----       7/8       NonOverlappingTemplate,2,0,1,2,0,0,1,0,2,0,bjt,xor
bjt_xor,8,22,NonOverlappingTemplate,7,8,8,1.0,False,,False,  1   0   1   0   1   1   3   1   0   0     ----       8/8       NonOverlappingTemplate,1,0,1,0,1,1,3,1,0,0,bjt,xor
bjt_xor,8,23,NonOverlappingTemplate,8,8,8,1.0,False,,False,  2   1   0   1   2   1   0   0   0   1     ----       8/8       NonOverlappingTemplate,2,1,0,1,2,1,0,0,0,1,bjt,xor
bjt_xor,8,24,NonOverlappingTemplate,9,8,8,1.0,False,,False,  2   1   2   0   1   1   0   1   0   0     ----       8/8       NonOverlappingTemplate,2,1,2,0,1,1,0,1,0,0,bjt,xor
bjt_xor,8,25,NonOverlappingTemplate,10,8,8,1.0,False,,False,  1   0   1   1   1   2   1   0   0   1     ----       8/8       NonOverlappingTemplate,1,0,1,1,1,2,1,0,0,1,bjt,xor
bjt_xor,8,26,NonOverlappingTemplate,11,8,8,1.0,False,,False,  0   0   0   0   1   0   2   2   2   1     ----       8/8       NonOverlappingTemplate,0,0,0,0,1,0,2,2,2,1,bjt,xor
bjt_xor,8,27,NonOverlappingTemplate,12,8,8,1.0,False,,False,  2   2   0   0   0   1   1   2   0   0     ----       8/8       NonOverlappingTemplate,2,2,0,0,0,1,1,2,0,0,bjt,xor
bjt_xor,8,28,NonOverlappingTemplate,13,8,8,1.0,False,,False,  0   0   2   1   2   1   1   1   0   0     ----       8/8       NonOverlappingTemplate,0,0,2,1,2,1,1,1,0,0,bjt,xor
bjt_xor,8,29,NonOverlappingTemplate,14,8,8,1.0,False,,False,  1   0   0   2   0   0   3   0   0   2     ----       8/8       NonOverlappingTemplate,1,0,0,2,0,0,3,0,0,2,bjt,xor
bjt_xor,8,30,NonOverlappingTemplate,15,8,8,1.0,False,,False,  1   2   1   1   1   0   0   0   1   1     ----       8/8       NonOverlappingTemplate,1,2,1,1,1,0,0,0,1,1,bjt,xor
bjt_xor,8,31,NonOverlappingTemplate,16,8,8,1.0,False,,False,  1   1   0   0   3   1   1   0   1   0     ----       8/8       NonOverlappingTemplate,1,1,0,0,3,1,1,0,1,0,bjt,xor
bjt_xor,8,32,NonOverlappingTemplate,17,8,8,1.0,False,,False,  0   2   0   3   1   0   1   0   0   1     ----       8/8       NonOverlappingTemplate,0,2,0,3,1,0,1,0,0,1,bjt,xor
bjt_xor,8,33,NonOverlappingTemplate,18,8,8,1.0,False,,False,  1   2   1   2   1   0   0   0   0   1     ----       8/8       NonOverlappingTemplate,1,2,1,2,1,0,0,0,0,1,bjt,xor
bjt_xor,8,34,NonOverlappingTemplate,19,8,8,1.0,False,,False,  0   0   1   0   3   0   1   0   1   2     ----       8/8       NonOverlappingTemplate,0,0,1,0,3,0,1,0,1,2,bjt,xor
bjt_xor,8,35,NonOverlappingTemplate,20,8,8,1.0,False,,False,  0   1   2   0   3   1   0   0   1   0     ----       8/8       NonOverlappingTemplate,0,1,2,0,3,1,0,0,1,0,bjt,xor
bjt_xor,8,36,NonOverlappingTemplate,21,8,8,1.0,False,,False,  0   0   0   2   2   1   0   1   0   2     ----       8/8       NonOverlappingTemplate,0,0,0,2,2,1,0,1,0,2,bjt,xor
bjt_xor,8,37,NonOverlappingTemplate,22,8,8,1.0,False,,False,  2   1   0   0   1   1   1   1   1   0     ----       8/8       NonOverlappingTemplate,2,1,0,0,1,1,1,1,1,0,bjt,xor
bjt_xor,8,38,NonOverlappingTemplate,23,8,8,1.0,False,,False,  0   1   1   0   2   0   1   0   0   3     ----       8/8       NonOverlappingTemplate,0,1,1,0,2,0,1,0,0,3,bjt,xor
bjt_xor,8,39,NonOverlappingTemplate,24,8,8,1.0,False,,False,  2   0   0   0   0   0   0   1   1   4     ----       8/8       NonOverlappingTemplate,2,0,0,0,0,0,0,1,1,4,bjt,xor
bjt_xor,8,40,NonOverlappingTemplate,25,6,8,0.75,True,,False,  2   0   0   0   2   1   0   1   0   2     ----       6/8    *  NonOverlappingTemplate,2,0,0,0,2,1,0,1,0,2,bjt,xor
bjt_xor,8,41,NonOverlappingTemplate,26,8,8,1.0,False,,False,  0   0   0   1   3   1   0   2   0   1     ----       8/8       NonOverlappingTemplate,0,0,0,1,3,1,0,2,0,1,bjt,xor
bjt_xor,8,42,NonOverlappingTemplate,27,8,8,1.0,False,,False,  0   2   1   0   0   3   0   1   1   0     ----       8/8       NonOverlappingTemplate,0,2,1,0,0,3,0,1,1,0,bjt,xor
bjt_xor,8,43,NonOverlappingTemplate,28,7,8,0.875,False,,False,  2   1   0   1   0   1   0   0   2   1     ----       7/8       NonOverlappingTemplate,2,1,0,1,0,1,0,0,2,1,bjt,xor
bjt_xor,8,44,NonOverlappingTemplate,29,8,8,1.0,False,,False,  1   0   0   1   0   1   0   2   2   1     ----       8/8       NonOverlappingTemplate,1,0,0,1,0,1,0,2,2,1,bjt,xor
bjt_xor,8,45,NonOverlappingTemplate,30,8,8,1.0,False,,False,  1   0   2   0   2   1   1   0   0   1     ----       8/8       NonOverlappingTemplate,1,0,2,0,2,1,1,0,0,1,bjt,xor
bjt_xor,8,46,NonOverlappingTemplate,31,8,8,1.0,False,,False,  1   0   1   2   0   0   0   2   2   0     ----       8/8       NonOverlappingTemplate,1,0,1,2,0,0,0,2,2,0,bjt,xor
bjt_xor,8,47,NonOverlappingTemplate,32,8,8,1.0,False,,False,  1   1   2   2   1   0   1   0   0   0     ----       8/8       NonOverlappingTemplate,1,1,2,2,1,0,1,0,0,0,bjt,xor
bjt_xor,8,48,NonOverlappingTemplate,33,8,8,1.0,False,,False,  0   2   2   2   0   0   1   1   0   0     ----       8/8       NonOverlappingTemplate,0,2,2,2,0,0,1,1,0,0,bjt,xor
bjt_xor,8,49,NonOverlappingTemplate,34,8,8,1.0,False,,False,  1   2   0   0   0   0   2   1   0   2     ----       8/8       NonOverlappingTemplate,1,2,0,0,0,0,2,1,0,2,bjt,xor
bjt_xor,8,50,NonOverlappingTemplate,35,8,8,1.0,False,,False,  0   0   1   1   2   0   2   0   2   0     ----       8/8       NonOverlappingTemplate,0,0,1,1,2,0,2,0,2,0,bjt,xor
bjt_xor,8,51,NonOverlappingTemplate,36,8,8,1.0,False,,False,  0   0   0   1   3   1   1   0   0   2     ----       8/8       NonOverlappingTemplate,0,0,0,1,3,1,1,0,0,2,bjt,xor
bjt_xor,8,52,NonOverlappingTemplate,37,8,8,1.0,False,,False,  2   0   1   0   1   0   2   0   1   1     ----       8/8       NonOverlappingTemplate,2,0,1,0,1,0,2,0,1,1,bjt,xor
bjt_xor,8,53,NonOverlappingTemplate,38,8,8,1.0,False,,False,  1   0   2   1   0   1   1   0   1   1     ----       8/8       NonOverlappingTemplate,1,0,2,1,0,1,1,0,1,1,bjt,xor
bjt_xor,8,54,NonOverlappingTemplate,39,8,8,1.0,False,,False,  1   0   1   3   0   0   1   2   0   0     ----       8/8       NonOverlappingTemplate,1,0,1,3,0,0,1,2,0,0,bjt,xor
bjt_xor,8,55,NonOverlappingTemplate,40,8,8,1.0,False,,False,  1   2   1   1   0   1   0   1   1   0     ----       8/8       NonOverlappingTemplate,1,2,1,1,0,1,0,1,1,0,bjt,xor
bjt_xor,8,56,NonOverlappingTemplate,41,8,8,1.0,False,,False,  0   1   0   0   1   1   1   0   3   1     ----       8/8       NonOverlappingTemplate,0,1,0,0,1,1,1,0,3,1,bjt,xor
bjt_xor,8,57,NonOverlappingTemplate,42,8,8,1.0,False,,False,  0   1   1   1   0   1   0   2   1   1     ----       8/8       NonOverlappingTemplate,0,1,1,1,0,1,0,2,1,1,bjt,xor
bjt_xor,8,58,NonOverlappingTemplate,43,8,8,1.0,False,,False,  0   0   0   4   0   2   0   2   0   0     ----       8/8       NonOverlappingTemplate,0,0,0,4,0,2,0,2,0,0,bjt,xor
bjt_xor,8,59,NonOverlappingTemplate,44,8,8,1.0,False,,False,  1   0   0   0   0   0   2   2   2   1     ----       8/8       NonOverlappingTemplate,1,0,0,0,0,0,2,2,2,1,bjt,xor
bjt_xor,8,60,NonOverlappingTemplate,45,8,8,1.0,False,,False,  2   2   0   0   0   1   1   0   0   2     ----       8/8       NonOverlappingTemplate,2,2,0,0,0,1,1,0,0,2,bjt,xor
bjt_xor,8,61,NonOverlappingTemplate,46,8,8,1.0,False,,False,  0   1   3   1   2   0   0   0   0   1     ----       8/8       NonOverlappingTemplate,0,1,3,1,2,0,0,0,0,1,bjt,xor
bjt_xor,8,62,NonOverlappingTemplate,47,8,8,1.0,False,,False,  1   0   0   0   2   1   0   0   1   3     ----       8/8       NonOverlappingTemplate,1,0,0,0,2,1,0,0,1,3,bjt,xor
bjt_xor,8,63,NonOverlappingTemplate,48,8,8,1.0,False,,False,  0   0   1   1   1   2   1   0   2   0     ----       8/8       NonOverlappingTemplate,0,0,1,1,1,2,1,0,2,0,bjt,xor
bjt_xor,8,64,NonOverlappingTemplate,49,8,8,1.0,False,,False,  1   1   2   1   0   1   0   0   1   1     ----       8/8       NonOverlappingTemplate,1,1,2,1,0,1,0,0,1,1,bjt,xor
bjt_xor,8,65,NonOverlappingTemplate,50,8,8,1.0,False,,False,  2   0   0   0   1   1   0   1   0   3     ----       8/8       NonOverlappingTemplate,2,0,0,0,1,1,0,1,0,3,bjt,xor
bjt_xor,8,66,NonOverlappingTemplate,51,8,8,1.0,False,,False,  0   0   3   1   0   1   2   0   0   1     ----       8/8       NonOverlappingTemplate,0,0,3,1,0,1,2,0,0,1,bjt,xor
bjt_xor,8,67,NonOverlappingTemplate,52,8,8,1.0,False,,False,  2   0   2   1   0   0   1   1   0   1     ----       8/8       NonOverlappingTemplate,2,0,2,1,0,0,1,1,0,1,bjt,xor
bjt_xor,8,68,NonOverlappingTemplate,53,8,8,1.0,False,,False,  1   1   0   0   2   2   0   1   1   0     ----       8/8       NonOverlappingTemplate,1,1,0,0,2,2,0,1,1,0,bjt,xor
bjt_xor,8,69,NonOverlappingTemplate,54,8,8,1.0,False,,False,  0   1   0   2   0   2   0   1   2   0     ----       8/8       NonOverlappingTemplate,0,1,0,2,0,2,0,1,2,0,bjt,xor
bjt_xor,8,70,NonOverlappingTemplate,55,8,8,1.0,False,,False,  0   3   0   2   1   0   1   0   1   0     ----       8/8       NonOverlappingTemplate,0,3,0,2,1,0,1,0,1,0,bjt,xor
bjt_xor,8,71,NonOverlappingTemplate,56,8,8,1.0,False,,False,  1   0   0   0   0   1   2   2   1   1     ----       8/8       NonOverlappingTemplate,1,0,0,0,0,1,2,2,1,1,bjt,xor
bjt_xor,8,72,NonOverlappingTemplate,57,8,8,1.0,False,,False,  0   1   2   0   3   1   1   0   0   0     ----       8/8       NonOverlappingTemplate,0,1,2,0,3,1,1,0,0,0,bjt,xor
bjt_xor,8,73,NonOverlappingTemplate,58,8,8,1.0,False,,False,  0   0   0   1   1   0   2   4   0   0     ----       8/8       NonOverlappingTemplate,0,0,0,1,1,0,2,4,0,0,bjt,xor
bjt_xor,8,74,NonOverlappingTemplate,59,8,8,1.0,False,,False,  0   1   0   2   0   1   0   0   3   1     ----       8/8       NonOverlappingTemplate,0,1,0,2,0,1,0,0,3,1,bjt,xor
bjt_xor,8,75,NonOverlappingTemplate,60,8,8,1.0,False,,False,  0   1   1   0   1   1   0   1   1   2     ----       8/8       NonOverlappingTemplate,0,1,1,0,1,1,0,1,1,2,bjt,xor
bjt_xor,8,76,NonOverlappingTemplate,61,8,8,1.0,False,,False,  1   0   0   2   1   1   0   0   1   2     ----       8/8       NonOverlappingTemplate,1,0,0,2,1,1,0,0,1,2,bjt,xor
bjt_xor,8,77,NonOverlappingTemplate,62,8,8,1.0,False,,False,  0   0   1   1   1   2   1   1   0   1     ----       8/8       NonOverlappingTemplate,0,0,1,1,1,2,1,1,0,1,bjt,xor
bjt_xor,8,78,NonOverlappingTemplate,63,8,8,1.0,False,,False,  0   2   2   1   2   0   1   0   0   0     ----       8/8       NonOverlappingTemplate,0,2,2,1,2,0,1,0,0,0,bjt,xor
bjt_xor,8,79,NonOverlappingTemplate,64,8,8,1.0,False,,False,  1   0   0   1   1   0   0   2   1   2     ----       8/8       NonOverlappingTemplate,1,0,0,1,1,0,0,2,1,2,bjt,xor
bjt_xor,8,80,NonOverlappingTemplate,65,8,8,1.0,False,,False,  0   1   1   0   2   0   0   1   2   1     ----       8/8       NonOverlappingTemplate,0,1,1,0,2,0,0,1,2,1,bjt,xor
bjt_xor,8,81,NonOverlappingTemplate,66,8,8,1.0,False,,False,  3   0   0   2   0   0   1   1   0   1     ----       8/8       NonOverlappingTemplate,3,0,0,2,0,0,1,1,0,1,bjt,xor
bjt_xor,8,82,NonOverlappingTemplate,67,8,8,1.0,False,,False,  0   0   0   1   2   0   2   0   1   2     ----       8/8       NonOverlappingTemplate,0,0,0,1,2,0,2,0,1,2,bjt,xor
bjt_xor,8,83,NonOverlappingTemplate,68,8,8,1.0,False,,False,  2   0   0   2   0   0   1   1   2   0     ----       8/8       NonOverlappingTemplate,2,0,0,2,0,0,1,1,2,0,bjt,xor
bjt_xor,8,84,NonOverlappingTemplate,69,8,8,1.0,False,,False,  2   2   1   1   0   1   0   1   0   0     ----       8/8       NonOverlappingTemplate,2,2,1,1,0,1,0,1,0,0,bjt,xor
bjt_xor,8,85,NonOverlappingTemplate,70,8,8,1.0,False,,False,  0   0   2   2   1   3   0   0   0   0     ----       8/8       NonOverlappingTemplate,0,0,2,2,1,3,0,0,0,0,bjt,xor
bjt_xor,8,86,NonOverlappingTemplate,71,8,8,1.0,False,,False,  0   0   4   0   1   1   0   0   1   1     ----       8/8       NonOverlappingTemplate,0,0,4,0,1,1,0,0,1,1,bjt,xor
bjt_xor,8,87,NonOverlappingTemplate,72,8,8,1.0,False,,False,  0   0   1   1   2   0   2   1   0   1     ----       8/8       NonOverlappingTemplate,0,0,1,1,2,0,2,1,0,1,bjt,xor
bjt_xor,8,88,NonOverlappingTemplate,73,8,8,1.0,False,,False,  1   0   0   1   0   1   2   0   1   2     ----       8/8       NonOverlappingTemplate,1,0,0,1,0,1,2,0,1,2,bjt,xor
bjt_xor,8,89,NonOverlappingTemplate,74,8,8,1.0,False,,False,  0   0   1   0   0   0   1   3   0   3     ----       8/8       NonOverlappingTemplate,0,0,1,0,0,0,1,3,0,3,bjt,xor
bjt_xor,8,90,NonOverlappingTemplate,75,8,8,1.0,False,,False,  1   1   1   0   2   1   1   0   1   0     ----       8/8       NonOverlappingTemplate,1,1,1,0,2,1,1,0,1,0,bjt,xor
bjt_xor,8,91,NonOverlappingTemplate,76,8,8,1.0,False,,False,  1   1   2   1   1   0   1   0   0   1     ----       8/8       NonOverlappingTemplate,1,1,2,1,1,0,1,0,0,1,bjt,xor
bjt_xor,8,92,NonOverlappingTemplate,77,8,8,1.0,False,,False,  0   1   2   1   0   1   0   2   0   1     ----       8/8       NonOverlappingTemplate,0,1,2,1,0,1,0,2,0,1,bjt,xor
bjt_xor,8,93,NonOverlappingTemplate,78,8,8,1.0,False,,False,  1   1   1   1   0   0   0   0   2   2     ----       8/8       NonOverlappingTemplate,1,1,1,1,0,0,0,0,2,2,bjt,xor
bjt_xor,8,94,NonOverlappingTemplate,79,8,8,1.0,False,,False,  2   0   2   0   1   1   0   1   1   0     ----       8/8       NonOverlappingTemplate,2,0,2,0,1,1,0,1,1,0,bjt,xor
bjt_xor,8,95,NonOverlappingTemplate,80,8,8,1.0,False,,False,  0   0   1   3   1   0   1   0   1   1     ----       8/8       NonOverlappingTemplate,0,0,1,3,1,0,1,0,1,1,bjt,xor
bjt_xor,8,96,NonOverlappingTemplate,81,8,8,1.0,False,,False,  0   1   1   2   0   2   1   0   1   0     ----       8/8       NonOverlappingTemplate,0,1,1,2,0,2,1,0,1,0,bjt,xor
bjt_xor,8,97,NonOverlappingTemplate,82,8,8,1.0,False,,False,  0   1   1   1   1   2   0   1   0   1     ----       8/8       NonOverlappingTemplate,0,1,1,1,1,2,0,1,0,1,bjt,xor
bjt_xor,8,98,NonOverlappingTemplate,83,8,8,1.0,False,,False,  2   1   0   1   1   0   0   0   1   2     ----       8/8       NonOverlappingTemplate,2,1,0,1,1,0,0,0,1,2,bjt,xor
bjt_xor,8,99,NonOverlappingTemplate,84,8,8,1.0,False,,False,  1   2   0   0   1   1   1   0   1   1     ----       8/8       NonOverlappingTemplate,1,2,0,0,1,1,1,0,1,1,bjt,xor
bjt_xor,8,100,NonOverlappingTemplate,85,8,8,1.0,False,,False,  0   0   1   2   2   1   0   1   1   0     ----       8/8       NonOverlappingTemplate,0,0,1,2,2,1,0,1,1,0,bjt,xor
bjt_xor,8,101,NonOverlappingTemplate,86,8,8,1.0,False,,False,  1   0   1   1   0   2   1   0   0   2     ----       8/8       NonOverlappingTemplate,1,0,1,1,0,2,1,0,0,2,bjt,xor
bjt_xor,8,102,NonOverlappingTemplate,87,8,8,1.0,False,,False,  1   1   1   0   0   1   1   1   1   1     ----       8/8       NonOverlappingTemplate,1,1,1,0,0,1,1,1,1,1,bjt,xor
bjt_xor,8,103,NonOverlappingTemplate,88,8,8,1.0,False,,False,  0   0   2   0   3   1   0   2   0   0     ----       8/8       NonOverlappingTemplate,0,0,2,0,3,1,0,2,0,0,bjt,xor
bjt_xor,8,104,NonOverlappingTemplate,89,8,8,1.0,False,,False,  1   2   1   0   0   3   1   0   0   0     ----       8/8       NonOverlappingTemplate,1,2,1,0,0,3,1,0,0,0,bjt,xor
bjt_xor,8,105,NonOverlappingTemplate,90,8,8,1.0,False,,False,  2   0   0   1   0   3   1   1   0   0     ----       8/8       NonOverlappingTemplate,2,0,0,1,0,3,1,1,0,0,bjt,xor
bjt_xor,8,106,NonOverlappingTemplate,91,8,8,1.0,False,,False,  1   2   2   0   0   0   1   0   0   2     ----       8/8       NonOverlappingTemplate,1,2,2,0,0,0,1,0,0,2,bjt,xor
bjt_xor,8,107,NonOverlappingTemplate,92,8,8,1.0,False,,False,  0   0   1   1   3   1   1   0   1   0     ----       8/8       NonOverlappingTemplate,0,0,1,1,3,1,1,0,1,0,bjt,xor
bjt_xor,8,108,NonOverlappingTemplate,93,8,8,1.0,False,,False,  0   2   0   1   1   1   2   0   1   0     ----       8/8       NonOverlappingTemplate,0,2,0,1,1,1,2,0,1,0,bjt,xor
bjt_xor,8,109,NonOverlappingTemplate,94,8,8,1.0,False,,False,  2   1   0   0   2   1   0   1   0   1     ----       8/8       NonOverlappingTemplate,2,1,0,0,2,1,0,1,0,1,bjt,xor
bjt_xor,8,110,NonOverlappingTemplate,95,8,8,1.0,False,,False,  1   0   2   1   1   0   0   1   1   1     ----       8/8       NonOverlappingTemplate,1,0,2,1,1,0,0,1,1,1,bjt,xor
bjt_xor,8,111,NonOverlappingTemplate,96,8,8,1.0,False,,False,  0   0   2   1   1   2   0   1   1   0     ----       8/8       NonOverlappingTemplate,0,0,2,1,1,2,0,1,1,0,bjt,xor
bjt_xor,8,112,NonOverlappingTemplate,97,8,8,1.0,False,,False,  1   1   2   0   1   2   0   0   1   0     ----       8/8       NonOverlappingTemplate,1,1,2,0,1,2,0,0,1,0,bjt,xor
bjt_xor,8,113,NonOverlappingTemplate,98,7,8,0.875,False,,False,  3   1   1   0   0   0   1   2   0   0     ----       7/8       NonOverlappingTemplate,3,1,1,0,0,0,1,2,0,0,bjt,xor
bjt_xor,8,114,NonOverlappingTemplate,99,8,8,1.0,False,,False,  2   1   0   1   0   1   1   1   0   1     ----       8/8       NonOverlappingTemplate,2,1,0,1,0,1,1,1,0,1,bjt,xor
bjt_xor,8,115,NonOverlappingTemplate,100,7,8,0.875,False,,False,  3   0   0   2   1   0   1   0   1   0     ----       7/8       NonOverlappingTemplate,3,0,0,2,1,0,1,0,1,0,bjt,xor
bjt_xor,8,116,NonOverlappingTemplate,101,8,8,1.0,False,,False,  1   1   0   1   0   2   1   1   0   1     ----       8/8       NonOverlappingTemplate,1,1,0,1,0,2,1,1,0,1,bjt,xor
bjt_xor,8,117,NonOverlappingTemplate,102,8,8,1.0,False,,False,  3   0   1   2   2   0   0   0   0   0     ----       8/8       NonOverlappingTemplate,3,0,1,2,2,0,0,0,0,0,bjt,xor
bjt_xor,8,118,NonOverlappingTemplate,103,8,8,1.0,False,,False,  0   0   0   0   1   2   3   1   0   1     ----       8/8       NonOverlappingTemplate,0,0,0,0,1,2,3,1,0,1,bjt,xor
bjt_xor,8,119,NonOverlappingTemplate,104,8,8,1.0,False,,False,  1   1   0   1   2   1   1   0   0   1     ----       8/8       NonOverlappingTemplate,1,1,0,1,2,1,1,0,0,1,bjt,xor
bjt_xor,8,120,NonOverlappingTemplate,105,8,8,1.0,False,,False,  2   1   0   0   1   0   0   2   0   2     ----       8/8       NonOverlappingTemplate,2,1,0,0,1,0,0,2,0,2,bjt,xor
bjt_xor,8,121,NonOverlappingTemplate,106,8,8,1.0,False,,False,  1   0   2   1   2   1   0   1   0   0     ----       8/8       NonOverlappingTemplate,1,0,2,1,2,1,0,1,0,0,bjt,xor
bjt_xor,8,122,NonOverlappingTemplate,107,8,8,1.0,False,,False,  1   2   1   1   1   0   0   0   1   1     ----       8/8       NonOverlappingTemplate,1,2,1,1,1,0,0,0,1,1,bjt,xor
bjt_xor,8,123,NonOverlappingTemplate,108,8,8,1.0,False,,False,  0   0   0   0   0   3   0   3   2   0     ----       8/8       NonOverlappingTemplate,0,0,0,0,0,3,0,3,2,0,bjt,xor
bjt_xor,8,124,NonOverlappingTemplate,109,8,8,1.0,False,,False,  0   0   2   3   0   0   1   0   1   1     ----       8/8       NonOverlappingTemplate,0,0,2,3,0,0,1,0,1,1,bjt,xor
bjt_xor,8,125,NonOverlappingTemplate,110,8,8,1.0,False,,False,  0   1   0   0   0   0   2   1   1   3     ----       8/8       NonOverlappingTemplate,0,1,0,0,0,0,2,1,1,3,bjt,xor
bjt_xor,8,126,NonOverlappingTemplate,111,8,8,1.0,False,,False,  0   2   0   1   1   0   0   2   1   1     ----       8/8       NonOverlappingTemplate,0,2,0,1,1,0,0,2,1,1,bjt,xor
bjt_xor,8,127,NonOverlappingTemplate,112,7,8,0.875,False,,False,  1   2   0   0   0   0   2   1   1   1     ----       7/8       NonOverlappingTemplate,1,2,0,0,0,0,2,1,1,1,bjt,xor
bjt_xor,8,128,NonOverlappingTemplate,113,7,8,0.875,False,,False,  2   1   0   2   0   2   1   0   0   0     ----       7/8       NonOverlappingTemplate,2,1,0,2,0,2,1,0,0,0,bjt,xor
bjt_xor,8,129,NonOverlappingTemplate,114,8,8,1.0,False,,False,  3   2   1   0   0   0   1   1   0   0     ----       8/8       NonOverlappingTemplate,3,2,1,0,0,0,1,1,0,0,bjt,xor
bjt_xor,8,130,NonOverlappingTemplate,115,8,8,1.0,False,,False,  1   2   3   0   0   0   1   0   1   0     ----       8/8       NonOverlappingTemplate,1,2,3,0,0,0,1,0,1,0,bjt,xor
bjt_xor,8,131,NonOverlappingTemplate,116,8,8,1.0,False,,False,  0   1   1   0   2   1   1   0   1   1     ----       8/8       NonOverlappingTemplate,0,1,1,0,2,1,1,0,1,1,bjt,xor
bjt_xor,8,132,NonOverlappingTemplate,117,8,8,1.0,False,,False,  1   0   2   0   0   2   1   0   1   1     ----       8/8       NonOverlappingTemplate,1,0,2,0,0,2,1,0,1,1,bjt,xor
bjt_xor,8,133,NonOverlappingTemplate,118,8,8,1.0,False,,False,  0   1   2   0   1   0   2   1   0   1     ----       8/8       NonOverlappingTemplate,0,1,2,0,1,0,2,1,0,1,bjt,xor
bjt_xor,8,134,NonOverlappingTemplate,119,8,8,1.0,False,,False,  1   1   1   0   1   1   1   0   1   1     ----       8/8       NonOverlappingTemplate,1,1,1,0,1,1,1,0,1,1,bjt,xor
bjt_xor,8,135,NonOverlappingTemplate,120,8,8,1.0,False,,False,  0   1   1   1   1   0   1   0   2   1     ----       8/8       NonOverlappingTemplate,0,1,1,1,1,0,1,0,2,1,bjt,xor
bjt_xor,8,136,NonOverlappingTemplate,121,8,8,1.0,False,,False,  1   1   1   0   2   0   0   0   3   0     ----       8/8       NonOverlappingTemplate,1,1,1,0,2,0,0,0,3,0,bjt,xor
bjt_xor,8,137,NonOverlappingTemplate,122,8,8,1.0,False,,False,  1   1   1   0   0   0   2   1   0   2     ----       8/8       NonOverlappingTemplate,1,1,1,0,0,0,2,1,0,2,bjt,xor
bjt_xor,8,138,NonOverlappingTemplate,123,8,8,1.0,False,,False,  1   1   1   0   2   0   1   1   1   0     ----       8/8       NonOverlappingTemplate,1,1,1,0,2,0,1,1,1,0,bjt,xor
bjt_xor,8,139,NonOverlappingTemplate,124,8,8,1.0,False,,False,  1   1   0   1   1   1   0   1   0   2     ----       8/8       NonOverlappingTemplate,1,1,0,1,1,1,0,1,0,2,bjt,xor
bjt_xor,8,140,NonOverlappingTemplate,125,8,8,1.0,False,,False,  1   0   2   0   2   0   0   2   1   0     ----       8/8       NonOverlappingTemplate,1,0,2,0,2,0,0,2,1,0,bjt,xor
bjt_xor,8,141,NonOverlappingTemplate,126,8,8,1.0,False,,False,  1   1   0   1   1   1   1   1   1   0     ----       8/8       NonOverlappingTemplate,1,1,0,1,1,1,1,1,1,0,bjt,xor
bjt_xor,8,142,NonOverlappingTemplate,127,8,8,1.0,False,,False,  0   3   0   2   0   1   0   1   1   0     ----       8/8       NonOverlappingTemplate,0,3,0,2,0,1,0,1,1,0,bjt,xor
bjt_xor,8,143,NonOverlappingTemplate,128,8,8,1.0,False,,False,  2   1   1   1   1   0   0   1   0   1     ----       8/8       NonOverlappingTemplate,2,1,1,1,1,0,0,1,0,1,bjt,xor
bjt_xor,8,144,NonOverlappingTemplate,129,8,8,1.0,False,,False,  0   1   1   0   0   0   1   2   1   2     ----       8/8       NonOverlappingTemplate,0,1,1,0,0,0,1,2,1,2,bjt,xor
bjt_xor,8,145,NonOverlappingTemplate,130,8,8,1.0,False,,False,  0   2   3   1   0   1   1   0   0   0     ----       8/8       NonOverlappingTemplate,0,2,3,1,0,1,1,0,0,0,bjt,xor
bjt_xor,8,146,NonOverlappingTemplate,131,8,8,1.0,False,,False,  1   2   2   0   1   1   0   1   0   0     ----       8/8       NonOverlappingTemplate,1,2,2,0,1,1,0,1,0,0,bjt,xor
bjt_xor,8,147,NonOverlappingTemplate,132,8,8,1.0,False,,False,  1   1   0   0   0   0   0   0   3   3     ----       8/8       NonOverlappingTemplate,1,1,0,0,0,0,0,0,3,3,bjt,xor
bjt_xor,8,148,NonOverlappingTemplate,133,8,8,1.0,False,,False,  1   2   1   0   0   1   1   1   0   1     ----       8/8       NonOverlappingTemplate,1,2,1,0,0,1,1,1,0,1,bjt,xor
bjt_xor,8,149,NonOverlappingTemplate,134,8,8,1.0,False,,False,  1   0   2   0   0   0   2   2   1   0     ----       8/8       NonOverlappingTemplate,1,0,2,0,0,0,2,2,1,0,bjt,xor
bjt_xor,8,150,NonOverlappingTemplate,135,8,8,1.0,False,,False,  0   0   0   3   2   1   1   0   1   0     ----       8/8       NonOverlappingTemplate,0,0,0,3,2,1,1,0,1,0,bjt,xor
bjt_xor,8,151,NonOverlappingTemplate,136,8,8,1.0,False,,False,  1   2   0   0   1   2   0   0   2   0     ----       8/8       NonOverlappingTemplate,1,2,0,0,1,2,0,0,2,0,bjt,xor
bjt_xor,8,152,NonOverlappingTemplate,137,8,8,1.0,False,,False,  1   1   2   0   1   1   1   0   0   1     ----       8/8       NonOverlappingTemplate,1,1,2,0,1,1,1,0,0,1,bjt,xor
bjt_xor,8,153,NonOverlappingTemplate,138,8,8,1.0,False,,False,  2   1   1   0   0   1   2   1   0   0     ----       8/8       NonOverlappingTemplate,2,1,1,0,0,1,2,1,0,0,bjt,xor
bjt_xor,8,154,NonOverlappingTemplate,139,7,8,0.875,False,,False,  1   1   2   2   0   0   1   0   1   0     ----       7/8       NonOverlappingTemplate,1,1,2,2,0,0,1,0,1,0,bjt,xor
bjt_xor,8,155,NonOverlappingTemplate,140,8,8,1.0,False,,False,  2   1   0   1   1   1   0   0   0   2     ----       8/8       NonOverlappingTemplate,2,1,0,1,1,1,0,0,0,2,bjt,xor
bjt_xor,8,156,NonOverlappingTemplate,141,8,8,1.0,False,,False,  1   0   0   1   2   0   1   0   0   3     ----       8/8       NonOverlappingTemplate,1,0,0,1,2,0,1,0,0,3,bjt,xor
bjt_xor,8,157,NonOverlappingTemplate,142,8,8,1.0,False,,False,  0   1   0   1   2   0   1   3   0   0     ----       8/8       NonOverlappingTemplate,0,1,0,1,2,0,1,3,0,0,bjt,xor
bjt_xor,8,158,NonOverlappingTemplate,143,8,8,1.0,False,,False,  1   1   0   0   1   1   2   1   1   0     ----       8/8       NonOverlappingTemplate,1,1,0,0,1,1,2,1,1,0,bjt,xor
bjt_xor,8,159,NonOverlappingTemplate,144,8,8,1.0,False,,False,  1   0   0   3   0   1   1   0   2   0     ----       8/8       NonOverlappingTemplate,1,0,0,3,0,1,1,0,2,0,bjt,xor
bjt_xor,8,160,NonOverlappingTemplate,145,8,8,1.0,False,,False,  1   0   0   0   2   0   1   2   2   0     ----       8/8       NonOverlappingTemplate,1,0,0,0,2,0,1,2,2,0,bjt,xor
bjt_xor,8,161,NonOverlappingTemplate,146,7,8,0.875,False,,False,  1   0   0   1   1   1   1   1   2   0     ----       7/8       NonOverlappingTemplate,1,0,0,1,1,1,1,1,2,0,bjt,xor
bjt_xor,8,162,NonOverlappingTemplate,147,8,8,1.0,False,,False,  1   1   1   0   0   2   0   2   0   1     ----       8/8       NonOverlappingTemplate,1,1,1,0,0,2,0,2,0,1,bjt,xor
bjt_xor,8,163,NonOverlappingTemplate,148,8,8,1.0,False,,False,  0   0   1   0   0   0   1   3   0   3     ----       8/8       NonOverlappingTemplate,0,0,1,0,0,0,1,3,0,3,bjt,xor
bjt_xor,8,164,OverlappingTemplate,1,8,8,1.0,False,,False,  0   0   1   2   2   1   1   0   1   0     ----       8/8       OverlappingTemplate,0,0,1,2,2,1,1,0,1,0,bjt,xor
bjt_xor,8,165,Universal,1,8,8,1.0,False,,False,  2   0   3   1   1   0   1   0   0   0     ----       8/8       Universal,2,0,3,1,1,0,1,0,0,0,bjt,xor
bjt_xor,8,166,ApproximateEntropy,1,8,8,1.0,False,,False,  1   2   0   0   0   1   0   1   2   1     ----       8/8       ApproximateEntropy,1,2,0,0,0,1,0,1,2,1,bjt,xor
bjt_xor,8,167,RandomExcursions,1,4,4,1.0,False,,False,  0   0   0   1   1   0   0   0   0   2     ----       4/4       RandomExcursions,0,0,0,1,1,0,0,0,0,2,bjt,xor
bjt_xor,8,168,RandomExcursions,2,4,4,1.0,False,,False,  0   0   0   1   1   0   0   0   1   1     ----       4/4       RandomExcursions,0,0,0,1,1,0,0,0,1,1,bjt,xor
bjt_xor,8,169,RandomExcursions,3,4,4,1.0,False,,False,  0   0   1   2   0   0   1   0   0   0     ----       4/4       RandomExcursions,0,0,1,2,0,0,1,0,0,0,bjt,xor
bjt_xor,8,170,RandomExcursions,4,4,4,1.0,False,,False,  1   1   1   1   0   0   0   0   0   0     ----       4/4       RandomExcursions,1,1,1,1,0,0,0,0,0,0,bjt,xor
bjt_xor,8,171,RandomExcursions,5,4,4,1.0,False,,False,  0   0   0   1   0   0   2   1   0   0     ----       4/4       RandomExcursions,0,0,0,1,0,0,2,1,0,0,bjt,xor
bjt_xor,8,172,RandomExcursions,6,4,4,1.0,False,,False,  0   1   0   2   0   0   0   0   0   1     ----       4/4       RandomExcursions,0,1,0,2,0,0,0,0,0,1,bjt,xor
bjt_xor,8,173,RandomExcursions,7,4,4,1.0,False,,False,  0   0   0   0   0   0   1   1   1   1     ----       4/4       RandomExcursions,0,0,0,0,0,0,1,1,1,1,bjt,xor
bjt_xor,8,174,RandomExcursions,8,4,4,1.0,False,,False,  1   0   0   1   0   0   1   0   0   1     ----       4/4       RandomExcursions,1,0,0,1,0,0,1,0,0,1,bjt,xor
bjt_xor,8,175,RandomExcursionsVariant,1,4,4,1.0,False,,False,  0   0   1   0   2   0   0   0   1   0     ----       4/4       RandomExcursionsVariant,0,0,1,0,2,0,0,0,1,0,bjt,xor
bjt_xor,8,176,RandomExcursionsVariant,2,4,4,1.0,False,,False,  0   0   1   1   1   0   1   0   0   0     ----       4/4       RandomExcursionsVariant,0,0,1,1,1,0,1,0,0,0,bjt,xor
bjt_xor,8,177,RandomExcursionsVariant,3,4,4,1.0,False,,False,  0   0   1   2   1   0   0   0   0   0     ----       4/4       RandomExcursionsVariant,0,0,1,2,1,0,0,0,0,0,bjt,xor
bjt_xor,8,178,RandomExcursionsVariant,4,4,4,1.0,False,,False,  0   0   0   0   3   1   0   0   0   0     ----       4/4       RandomExcursionsVariant,0,0,0,0,3,1,0,0,0,0,bjt,xor
bjt_xor,8,179,RandomExcursionsVariant,5,4,4,1.0,False,,False,  0   0   0   1   0   3   0   0   0   0     ----       4/4       RandomExcursionsVariant,0,0,0,1,0,3,0,0,0,0,bjt,xor
bjt_xor,8,180,RandomExcursionsVariant,6,4,4,1.0,False,,False,  1   0   0   1   0   1   0   1   0   0     ----       4/4       RandomExcursionsVariant,1,0,0,1,0,1,0,1,0,0,bjt,xor
bjt_xor,8,181,RandomExcursionsVariant,7,4,4,1.0,False,,False,  1   0   0   1   0   0   0   1   1   0     ----       4/4       RandomExcursionsVariant,1,0,0,1,0,0,0,1,1,0,bjt,xor
bjt_xor,8,182,RandomExcursionsVariant,8,4,4,1.0,False,,False,  0   0   1   0   0   1   0   1   0   1     ----       4/4       RandomExcursionsVariant,0,0,1,0,0,1,0,1,0,1,bjt,xor
bjt_xor,8,183,RandomExcursionsVariant,9,4,4,1.0,False,,False,  0   0   0   0   0   1   2   1   0   0     ----       4/4       RandomExcursionsVariant,0,0,0,0,0,1,2,1,0,0,bjt,xor
bjt_xor,8,184,RandomExcursionsVariant,10,4,4,1.0,False,,False,  0   0   0   0   0   2   0   1   1   0     ----       4/4       RandomExcursionsVariant,0,0,0,0,0,2,0,1,1,0,bjt,xor
bjt_xor,8,185,RandomExcursionsVariant,11,4,4,1.0,False,,False,  0   0   1   0   0   1   0   1   1   0     ----       4/4       RandomExcursionsVariant,0,0,1,0,0,1,0,1,1,0,bjt,xor
bjt_xor,8,186,RandomExcursionsVariant,12,4,4,1.0,False,,False,  0   0   0   3   0   0   0   0   1   0     ----       4/4       RandomExcursionsVariant,0,0,0,3,0,0,0,0,1,0,bjt,xor
bjt_xor,8,187,RandomExcursionsVariant,13,4,4,1.0,False,,False,  0   1   1   0   0   1   1   0   0   0     ----       4/4       RandomExcursionsVariant,0,1,1,0,0,1,1,0,0,0,bjt,xor
bjt_xor,8,188,RandomExcursionsVariant,14,4,4,1.0,False,,False,  0   1   0   1   0   0   1   0   0   1     ----       4/4       RandomExcursionsVariant,0,1,0,1,0,0,1,0,0,1,bjt,xor
bjt_xor,8,189,RandomExcursionsVariant,15,4,4,1.0,False,,False,  1   0   0   0   0   1   1   1   0   0     ----       4/4       RandomExcursionsVariant,1,0,0,0,0,1,1,1,0,0,bjt,xor
bjt_xor,8,190,RandomExcursionsVariant,16,4,4,1.0,False,,False,  0   1   0   0   0   0   1   2   0   0     ----       4/4       RandomExcursionsVariant,0,1,0,0,0,0,1,2,0,0,bjt,xor
bjt_xor,8,191,RandomExcursionsVariant,17,4,4,1.0,False,,False,  0   1   0   0   1   0   0   1   0   1     ----       4/4       RandomExcursionsVariant,0,1,0,0,1,0,0,1,0,1,bjt,xor
bjt_xor,8,192,RandomExcursionsVariant,18,4,4,1.0,False,,False,  0   1   1   0   0   0   1   1   0   0     ----       4/4       RandomExcursionsVariant,0,1,1,0,0,0,1,1,0,0,bjt,xor
bjt_xor,8,193,Serial,1,7,8,0.875,False,,False,  2   0   1   0   1   2   1   1   0   0     ----       7/8       Serial,2,0,1,0,1,2,1,1,0,0,bjt,xor
bjt_xor,8,194,Serial,2,8,8,1.0,False,,False,  1   0   0   1   3   0   1   0   1   1     ----       8/8       Serial,1,0,0,1,3,0,1,0,1,1,bjt,xor
bjt_xor,8,195,LinearComplexity,1,8,8,1.0,False,,False,  1   2   1   0   0   0   2   1   0   1     ----       8/8       LinearComplexity,1,2,1,0,0,0,2,1,0,1,bjt,xor
diode_raw,8,8,Frequency,1,8,8,1.0,False,,False,  0   2   0   1   1   1   0   0   3   0     ----       8/8       Frequency,0,2,0,1,1,1,0,0,3,0,diode,raw
diode_raw,8,9,BlockFrequency,1,7,8,0.875,False,,False,  1   1   0   0   0   0   1   2   1   2     ----       7/8       BlockFrequency,1,1,0,0,0,0,1,2,1,2,diode,raw
diode_raw,8,10,CumulativeSums,1,8,8,1.0,False,,False,  0   0   1   1   4   2   0   0   0   0     ----       8/8       CumulativeSums,0,0,1,1,4,2,0,0,0,0,diode,raw
diode_raw,8,11,CumulativeSums,2,8,8,1.0,False,,False,  0   1   2   2   0   1   0   2   0   0     ----       8/8       CumulativeSums,0,1,2,2,0,1,0,2,0,0,diode,raw
diode_raw,8,12,Runs,1,8,8,1.0,False,,False,  0   1   1   3   0   0   0   2   0   1     ----       8/8       Runs,0,1,1,3,0,0,0,2,0,1,diode,raw
diode_raw,8,13,LongestRun,1,8,8,1.0,False,,False,  0   1   0   1   1   0   1   0   3   1     ----       8/8       LongestRun,0,1,0,1,1,0,1,0,3,1,diode,raw
diode_raw,8,14,Rank,1,8,8,1.0,False,,False,  0   2   0   0   1   1   0   1   2   1     ----       8/8       Rank,0,2,0,0,1,1,0,1,2,1,diode,raw
diode_raw,8,15,FFT,1,8,8,1.0,False,,False,  0   0   2   0   2   1   2   0   0   1     ----       8/8       FFT,0,0,2,0,2,1,2,0,0,1,diode,raw
diode_raw,8,16,NonOverlappingTemplate,1,7,8,0.875,False,,False,  1   1   1   1   0   0   2   1   0   1     ----       7/8       NonOverlappingTemplate,1,1,1,1,0,0,2,1,0,1,diode,raw
diode_raw,8,17,NonOverlappingTemplate,2,8,8,1.0,False,,False,  1   1   1   2   1   0   2   0   0   0     ----       8/8       NonOverlappingTemplate,1,1,1,2,1,0,2,0,0,0,diode,raw
diode_raw,8,18,NonOverlappingTemplate,3,8,8,1.0,False,,False,  1   0   2   0   0   1   0   0   1   3     ----       8/8       NonOverlappingTemplate,1,0,2,0,0,1,0,0,1,3,diode,raw
diode_raw,8,19,NonOverlappingTemplate,4,8,8,1.0,False,,False,  0   0   1   0   0   0   2   3   0   2     ----       8/8       NonOverlappingTemplate,0,0,1,0,0,0,2,3,0,2,diode,raw
diode_raw,8,20,NonOverlappingTemplate,5,7,8,0.875,False,,False,  1   0   2   4   0   0   0   0   1   0     ----       7/8       NonOverlappingTemplate,1,0,2,4,0,0,0,0,1,0,diode,raw
diode_raw,8,21,NonOverlappingTemplate,6,8,8,1.0,False,,False,  0   1   0   0   0   0   2   4   1   0     ----       8/8       NonOverlappingTemplate,0,1,0,0,0,0,2,4,1,0,diode,raw
diode_raw,8,22,NonOverlappingTemplate,7,8,8,1.0,False,,False,  0   3   0   0   1   0   1   0   3   0     ----       8/8       NonOverlappingTemplate,0,3,0,0,1,0,1,0,3,0,diode,raw
diode_raw,8,23,NonOverlappingTemplate,8,8,8,1.0,False,,False,  0   0   0   1   0   1   3   1   2   0     ----       8/8       NonOverlappingTemplate,0,0,0,1,0,1,3,1,2,0,diode,raw
diode_raw,8,24,NonOverlappingTemplate,9,8,8,1.0,False,,False,  0   0   2   2   0   1   0   2   1   0     ----       8/8       NonOverlappingTemplate,0,0,2,2,0,1,0,2,1,0,diode,raw
diode_raw,8,25,NonOverlappingTemplate,10,8,8,1.0,False,,False,  2   0   2   0   1   1   0   0   2   0     ----       8/8       NonOverlappingTemplate,2,0,2,0,1,1,0,0,2,0,diode,raw
diode_raw,8,26,NonOverlappingTemplate,11,8,8,1.0,False,,False,  1   3   0   1   0   1   0   2   0   0     ----       8/8       NonOverlappingTemplate,1,3,0,1,0,1,0,2,0,0,diode,raw
diode_raw,8,27,NonOverlappingTemplate,12,8,8,1.0,False,,False,  2   0   1   0   1   1   0   0   1   2     ----       8/8       NonOverlappingTemplate,2,0,1,0,1,1,0,0,1,2,diode,raw
diode_raw,8,28,NonOverlappingTemplate,13,8,8,1.0,False,,False,  0   0   0   1   0   2   0   1   2   2     ----       8/8       NonOverlappingTemplate,0,0,0,1,0,2,0,1,2,2,diode,raw
diode_raw,8,29,NonOverlappingTemplate,14,8,8,1.0,False,,False,  0   0   0   0   3   1   2   2   0   0     ----       8/8       NonOverlappingTemplate,0,0,0,0,3,1,2,2,0,0,diode,raw
diode_raw,8,30,NonOverlappingTemplate,15,8,8,1.0,False,,False,  2   0   0   1   0   2   0   0   1   2     ----       8/8       NonOverlappingTemplate,2,0,0,1,0,2,0,0,1,2,diode,raw
diode_raw,8,31,NonOverlappingTemplate,16,8,8,1.0,False,,False,  2   1   0   3   1   0   1   0   0   0     ----       8/8       NonOverlappingTemplate,2,1,0,3,1,0,1,0,0,0,diode,raw
diode_raw,8,32,NonOverlappingTemplate,17,8,8,1.0,False,,False,  1   1   1   0   1   2   0   1   1   0     ----       8/8       NonOverlappingTemplate,1,1,1,0,1,2,0,1,1,0,diode,raw
diode_raw,8,33,NonOverlappingTemplate,18,8,8,1.0,False,,False,  1   0   1   0   1   3   1   1   0   0     ----       8/8       NonOverlappingTemplate,1,0,1,0,1,3,1,1,0,0,diode,raw
diode_raw,8,34,NonOverlappingTemplate,19,8,8,1.0,False,,False,  1   2   1   2   0   0   0   1   1   0     ----       8/8       NonOverlappingTemplate,1,2,1,2,0,0,0,1,1,0,diode,raw
diode_raw,8,35,NonOverlappingTemplate,20,8,8,1.0,False,,False,  2   0   1   0   2   1   0   0   0   2     ----       8/8       NonOverlappingTemplate,2,0,1,0,2,1,0,0,0,2,diode,raw
diode_raw,8,36,NonOverlappingTemplate,21,8,8,1.0,False,,False,  1   1   0   0   2   1   0   2   0   1     ----       8/8       NonOverlappingTemplate,1,1,0,0,2,1,0,2,0,1,diode,raw
diode_raw,8,37,NonOverlappingTemplate,22,8,8,1.0,False,,False,  0   1   0   1   1   2   1   2   0   0     ----       8/8       NonOverlappingTemplate,0,1,0,1,1,2,1,2,0,0,diode,raw
diode_raw,8,38,NonOverlappingTemplate,23,8,8,1.0,False,,False,  0   1   0   1   0   2   1   1   1   1     ----       8/8       NonOverlappingTemplate,0,1,0,1,0,2,1,1,1,1,diode,raw
diode_raw,8,39,NonOverlappingTemplate,24,8,8,1.0,False,,False,  1   0   2   1   0   2   0   0   0   2     ----       8/8       NonOverlappingTemplate,1,0,2,1,0,2,0,0,0,2,diode,raw
diode_raw,8,40,NonOverlappingTemplate,25,8,8,1.0,False,,False,  0   1   1   1   0   2   1   1   1   0     ----       8/8       NonOverlappingTemplate,0,1,1,1,0,2,1,1,1,0,diode,raw
diode_raw,8,41,NonOverlappingTemplate,26,7,8,0.875,False,,False,  1   0   1   1   1   0   1   0   2   1     ----       7/8       NonOverlappingTemplate,1,0,1,1,1,0,1,0,2,1,diode,raw
diode_raw,8,42,NonOverlappingTemplate,27,8,8,1.0,False,,False,  3   1   0   0   1   1   1   1   0   0     ----       8/8       NonOverlappingTemplate,3,1,0,0,1,1,1,1,0,0,diode,raw
diode_raw,8,43,NonOverlappingTemplate,28,7,8,0.875,False,,False,  2   0   0   1   0   2   0   1   0   2     ----       7/8       NonOverlappingTemplate,2,0,0,1,0,2,0,1,0,2,diode,raw
diode_raw,8,44,NonOverlappingTemplate,29,8,8,1.0,False,,False,  1   1   1   1   1   0   0   1   0   2     ----       8/8       NonOverlappingTemplate,1,1,1,1,1,0,0,1,0,2,diode,raw
diode_raw,8,45,NonOverlappingTemplate,30,8,8,1.0,False,,False,  2   1   0   1   1   0   1   0   2   0     ----       8/8       NonOverlappingTemplate,2,1,0,1,1,0,1,0,2,0,diode,raw
diode_raw,8,46,NonOverlappingTemplate,31,7,8,0.875,False,,False,  2   1   0   1   0   1   1   0   1   1     ----       7/8       NonOverlappingTemplate,2,1,0,1,0,1,1,0,1,1,diode,raw
diode_raw,8,47,NonOverlappingTemplate,32,8,8,1.0,False,,False,  0   2   1   0   1   0   0   1   1   2     ----       8/8       NonOverlappingTemplate,0,2,1,0,1,0,0,1,1,2,diode,raw
diode_raw,8,48,NonOverlappingTemplate,33,8,8,1.0,False,,False,  3   0   2   0   1   0   1   1   0   0     ----       8/8       NonOverlappingTemplate,3,0,2,0,1,0,1,1,0,0,diode,raw
diode_raw,8,49,NonOverlappingTemplate,34,8,8,1.0,False,,False,  0   1   1   0   1   0   3   1   0   1     ----       8/8       NonOverlappingTemplate,0,1,1,0,1,0,3,1,0,1,diode,raw
diode_raw,8,50,NonOverlappingTemplate,35,8,8,1.0,False,,False,  0   1   1   1   0   0   3   1   0   1     ----       8/8       NonOverlappingTemplate,0,1,1,1,0,0,3,1,0,1,diode,raw
diode_raw,8,51,NonOverlappingTemplate,36,8,8,1.0,False,,False,  0   2   1   0   0   0   1   1   0   3     ----       8/8       NonOverlappingTemplate,0,2,1,0,0,0,1,1,0,3,diode,raw
diode_raw,8,52,NonOverlappingTemplate,37,8,8,1.0,False,,False,  1   1   0   1   1   0   1   1   0   2     ----       8/8       NonOverlappingTemplate,1,1,0,1,1,0,1,1,0,2,diode,raw
diode_raw,8,53,NonOverlappingTemplate,38,8,8,1.0,False,,False,  1   1   1   2   2   1   0   0   0   0     ----       8/8       NonOverlappingTemplate,1,1,1,2,2,1,0,0,0,0,diode,raw
diode_raw,8,54,NonOverlappingTemplate,39,8,8,1.0,False,,False,  0   0   0   2   0   2   0   2   1   1     ----       8/8       NonOverlappingTemplate,0,0,0,2,0,2,0,2,1,1,diode,raw
diode_raw,8,55,NonOverlappingTemplate,40,8,8,1.0,False,,False,  0   1   0   1   2   2   0   0   1   1     ----       8/8       NonOverlappingTemplate,0,1,0,1,2,2,0,0,1,1,diode,raw
diode_raw,8,56,NonOverlappingTemplate,41,8,8,1.0,False,,False,  1   0   0   0   0   1   1   1   3   1     ----       8/8       NonOverlappingTemplate,1,0,0,0,0,1,1,1,3,1,diode,raw
diode_raw,8,57,NonOverlappingTemplate,42,8,8,1.0,False,,False,  0   0   1   1   0   2   1   2   1   0     ----       8/8       NonOverlappingTemplate,0,0,1,1,0,2,1,2,1,0,diode,raw
diode_raw,8,58,NonOverlappingTemplate,43,8,8,1.0,False,,False,  1   0   0   1   0   2   1   2   0   1     ----       8/8       NonOverlappingTemplate,1,0,0,1,0,2,1,2,0,1,diode,raw
diode_raw,8,59,NonOverlappingTemplate,44,8,8,1.0,False,,False,  0   0   1   4   1   0   1   1   0   0     ----       8/8       NonOverlappingTemplate,0,0,1,4,1,0,1,1,0,0,diode,raw
diode_raw,8,60,NonOverlappingTemplate,45,8,8,1.0,False,,False,  0   1   0   2   0   2   0   1   1   1     ----       8/8       NonOverlappingTemplate,0,1,0,2,0,2,0,1,1,1,diode,raw
diode_raw,8,61,NonOverlappingTemplate,46,8,8,1.0,False,,False,  0   0   1   0   2   1   1   1   1   1     ----       8/8       NonOverlappingTemplate,0,0,1,0,2,1,1,1,1,1,diode,raw
diode_raw,8,62,NonOverlappingTemplate,47,8,8,1.0,False,,False,  0   2   1   1   0   0   1   1   1   1     ----       8/8       NonOverlappingTemplate,0,2,1,1,0,0,1,1,1,1,diode,raw
diode_raw,8,63,NonOverlappingTemplate,48,8,8,1.0,False,,False,  0   0   3   2   0   0   0   0   1   2     ----       8/8       NonOverlappingTemplate,0,0,3,2,0,0,0,0,1,2,diode,raw
diode_raw,8,64,NonOverlappingTemplate,49,8,8,1.0,False,,False,  1   1   2   1   0   0   2   1   0   0     ----       8/8       NonOverlappingTemplate,1,1,2,1,0,0,2,1,0,0,diode,raw
diode_raw,8,65,NonOverlappingTemplate,50,8,8,1.0,False,,False,  1   1   1   1   0   0   0   0   3   1     ----       8/8       NonOverlappingTemplate,1,1,1,1,0,0,0,0,3,1,diode,raw
diode_raw,8,66,NonOverlappingTemplate,51,8,8,1.0,False,,False,  1   2   0   0   2   0   0   1   2   0     ----       8/8       NonOverlappingTemplate,1,2,0,0,2,0,0,1,2,0,diode,raw
diode_raw,8,67,NonOverlappingTemplate,52,8,8,1.0,False,,False,  1   2   1   1   0   1   1   0   0   1     ----       8/8       NonOverlappingTemplate,1,2,1,1,0,1,1,0,0,1,diode,raw
diode_raw,8,68,NonOverlappingTemplate,53,8,8,1.0,False,,False,  0   0   0   0   2   2   1   2   1   0     ----       8/8       NonOverlappingTemplate,0,0,0,0,2,2,1,2,1,0,diode,raw
diode_raw,8,69,NonOverlappingTemplate,54,8,8,1.0,False,,False,  1   1   0   0   2   0   1   2   1   0     ----       8/8       NonOverlappingTemplate,1,1,0,0,2,0,1,2,1,0,diode,raw
diode_raw,8,70,NonOverlappingTemplate,55,8,8,1.0,False,,False,  1   1   1   0   0   0   0   0   0   5     ----       8/8       NonOverlappingTemplate,1,1,1,0,0,0,0,0,0,5,diode,raw
diode_raw,8,71,NonOverlappingTemplate,56,8,8,1.0,False,,False,  2   1   1   0   1   1   1   0   1   0     ----       8/8       NonOverlappingTemplate,2,1,1,0,1,1,1,0,1,0,diode,raw
diode_raw,8,72,NonOverlappingTemplate,57,8,8,1.0,False,,False,  0   2   0   0   2   2   1   1   0   0     ----       8/8       NonOverlappingTemplate,0,2,0,0,2,2,1,1,0,0,diode,raw
diode_raw,8,73,NonOverlappingTemplate,58,8,8,1.0,False,,False,  1   0   1   0   2   1   2   0   0   1     ----       8/8       NonOverlappingTemplate,1,0,1,0,2,1,2,0,0,1,diode,raw
diode_raw,8,74,NonOverlappingTemplate,59,8,8,1.0,False,,False,  0   3   0   1   0   0   1   1   1   1     ----       8/8       NonOverlappingTemplate,0,3,0,1,0,0,1,1,1,1,diode,raw
diode_raw,8,75,NonOverlappingTemplate,60,8,8,1.0,False,,False,  0   0   1   1   2   1   0   1   1   1     ----       8/8       NonOverlappingTemplate,0,0,1,1,2,1,0,1,1,1,diode,raw
diode_raw,8,76,NonOverlappingTemplate,61,7,8,0.875,False,,False,  1   0   1   0   3   0   0   2   1   0     ----       7/8       NonOverlappingTemplate,1,0,1,0,3,0,0,2,1,0,diode,raw
diode_raw,8,77,NonOverlappingTemplate,62,8,8,1.0,False,,False,  0   1   1   1   2   0   2   0   1   0     ----       8/8       NonOverlappingTemplate,0,1,1,1,2,0,2,0,1,0,diode,raw
diode_raw,8,78,NonOverlappingTemplate,63,8,8,1.0,False,,False,  1   1   1   2   1   0   0   1   1   0     ----       8/8       NonOverlappingTemplate,1,1,1,2,1,0,0,1,1,0,diode,raw
diode_raw,8,79,NonOverlappingTemplate,64,8,8,1.0,False,,False,  1   0   0   1   0   2   0   2   1   1     ----       8/8       NonOverlappingTemplate,1,0,0,1,0,2,0,2,1,1,diode,raw
diode_raw,8,80,NonOverlappingTemplate,65,8,8,1.0,False,,False,  0   1   1   1   2   1   1   1   0   0     ----       8/8       NonOverlappingTemplate,0,1,1,1,2,1,1,1,0,0,diode,raw
diode_raw,8,81,NonOverlappingTemplate,66,8,8,1.0,False,,False,  0   2   1   1   0   0   2   0   1   1     ----       8/8       NonOverlappingTemplate,0,2,1,1,0,0,2,0,1,1,diode,raw
diode_raw,8,82,NonOverlappingTemplate,67,8,8,1.0,False,,False,  3   0   0   0   0   1   1   2   0   1     ----       8/8       NonOverlappingTemplate,3,0,0,0,0,1,1,2,0,1,diode,raw
diode_raw,8,83,NonOverlappingTemplate,68,8,8,1.0,False,,False,  1   0   0   0   2   1   1   2   1   0     ----       8/8       NonOverlappingTemplate,1,0,0,0,2,1,1,2,1,0,diode,raw
diode_raw,8,84,NonOverlappingTemplate,69,8,8,1.0,False,,False,  0   1   0   1   0   1   1   1   1   2     ----       8/8       NonOverlappingTemplate,0,1,0,1,0,1,1,1,1,2,diode,raw
diode_raw,8,85,NonOverlappingTemplate,70,8,8,1.0,False,,False,  0   1   0   2   0   1   3   1   0   0     ----       8/8       NonOverlappingTemplate,0,1,0,2,0,1,3,1,0,0,diode,raw
diode_raw,8,86,NonOverlappingTemplate,71,8,8,1.0,False,,False,  0   1   1   3   1   0   1   1   0   0     ----       8/8       NonOverlappingTemplate,0,1,1,3,1,0,1,1,0,0,diode,raw
diode_raw,8,87,NonOverlappingTemplate,72,8,8,1.0,False,,False,  0   0   1   1   2   0   1   3   0   0     ----       8/8       NonOverlappingTemplate,0,0,1,1,2,0,1,3,0,0,diode,raw
diode_raw,8,88,NonOverlappingTemplate,73,8,8,1.0,False,,False,  1   1   2   4   0   0   0   0   0   0     ----       8/8       NonOverlappingTemplate,1,1,2,4,0,0,0,0,0,0,diode,raw
diode_raw,8,89,NonOverlappingTemplate,74,7,8,0.875,False,,False,  2   0   4   0   0   1   1   0   0   0     ----       7/8       NonOverlappingTemplate,2,0,4,0,0,1,1,0,0,0,diode,raw
diode_raw,8,90,NonOverlappingTemplate,75,7,8,0.875,False,,False,  1   1   1   1   0   0   2   1   0   1     ----       7/8       NonOverlappingTemplate,1,1,1,1,0,0,2,1,0,1,diode,raw
diode_raw,8,91,NonOverlappingTemplate,76,8,8,1.0,False,,False,  2   0   1   1   0   2   0   1   1   0     ----       8/8       NonOverlappingTemplate,2,0,1,1,0,2,0,1,1,0,diode,raw
diode_raw,8,92,NonOverlappingTemplate,77,8,8,1.0,False,,False,  1   1   0   1   3   1   0   0   1   0     ----       8/8       NonOverlappingTemplate,1,1,0,1,3,1,0,0,1,0,diode,raw
diode_raw,8,93,NonOverlappingTemplate,78,8,8,1.0,False,,False,  2   1   1   1   0   3   0   0   0   0     ----       8/8       NonOverlappingTemplate,2,1,1,1,0,3,0,0,0,0,diode,raw
diode_raw,8,94,NonOverlappingTemplate,79,8,8,1.0,False,,False,  1   1   2   1   0   1   0   2   0   0     ----       8/8       NonOverlappingTemplate,1,1,2,1,0,1,0,2,0,0,diode,raw
diode_raw,8,95,NonOverlappingTemplate,80,8,8,1.0,False,,False,  2   0   0   2   0   1   0   1   2   0     ----       8/8       NonOverlappingTemplate,2,0,0,2,0,1,0,1,2,0,diode,raw
diode_raw,8,96,NonOverlappingTemplate,81,8,8,1.0,False,,False,  2   1   0   1   0   0   2   0   2   0     ----       8/8       NonOverlappingTemplate,2,1,0,1,0,0,2,0,2,0,diode,raw
diode_raw,8,97,NonOverlappingTemplate,82,7,8,0.875,False,,False,  2   0   1   1   0   0   0   2   1   1     ----       7/8       NonOverlappingTemplate,2,0,1,1,0,0,0,2,1,1,diode,raw
diode_raw,8,98,NonOverlappingTemplate,83,8,8,1.0,False,,False,  0   1   2   2   2   0   0   0   0   1     ----       8/8       NonOverlappingTemplate,0,1,2,2,2,0,0,0,0,1,diode,raw
diode_raw,8,99,NonOverlappingTemplate,84,8,8,1.0,False,,False,  0   0   1   1   1   3   0   2   0   0     ----       8/8       NonOverlappingTemplate,0,0,1,1,1,3,0,2,0,0,diode,raw
diode_raw,8,100,NonOverlappingTemplate,85,8,8,1.0,False,,False,  2   0   2   0   1   0   0   0   1   2     ----       8/8       NonOverlappingTemplate,2,0,2,0,1,0,0,0,1,2,diode,raw
diode_raw,8,101,NonOverlappingTemplate,86,8,8,1.0,False,,False,  1   1   0   1   1   3   0   0   0   1     ----       8/8       NonOverlappingTemplate,1,1,0,1,1,3,0,0,0,1,diode,raw
diode_raw,8,102,NonOverlappingTemplate,87,8,8,1.0,False,,False,  1   1   0   0   1   1   2   1   1   0     ----       8/8       NonOverlappingTemplate,1,1,0,0,1,1,2,1,1,0,diode,raw
diode_raw,8,103,NonOverlappingTemplate,88,7,8,0.875,False,,False,  3   0   1   0   0   0   2   1   0   1     ----       7/8       NonOverlappingTemplate,3,0,1,0,0,0,2,1,0,1,diode,raw
diode_raw,8,104,NonOverlappingTemplate,89,8,8,1.0,False,,False,  1   0   0   0   0   1   2   1   1   2     ----       8/8       NonOverlappingTemplate,1,0,0,0,0,1,2,1,1,2,diode,raw
diode_raw,8,105,NonOverlappingTemplate,90,8,8,1.0,False,,False,  3   0   0   2   0   2   0   1   0   0     ----       8/8       NonOverlappingTemplate,3,0,0,2,0,2,0,1,0,0,diode,raw
diode_raw,8,106,NonOverlappingTemplate,91,8,8,1.0,False,,False,  0   0   1   2   0   1   2   1   0   1     ----       8/8       NonOverlappingTemplate,0,0,1,2,0,1,2,1,0,1,diode,raw
diode_raw,8,107,NonOverlappingTemplate,92,8,8,1.0,False,,False,  0   0   2   0   0   3   2   1   0   0     ----       8/8       NonOverlappingTemplate,0,0,2,0,0,3,2,1,0,0,diode,raw
diode_raw,8,108,NonOverlappingTemplate,93,8,8,1.0,False,,False,  1   0   1   1   1   1   0   1   2   0     ----       8/8       NonOverlappingTemplate,1,0,1,1,1,1,0,1,2,0,diode,raw
diode_raw,8,109,NonOverlappingTemplate,94,8,8,1.0,False,,False,  0   1   0   2   1   1   1   0   2   0     ----       8/8       NonOverlappingTemplate,0,1,0,2,1,1,1,0,2,0,diode,raw
diode_raw,8,110,NonOverlappingTemplate,95,8,8,1.0,False,,False,  0   2   1   2   0   0   1   0   1   1     ----       8/8       NonOverlappingTemplate,0,2,1,2,0,0,1,0,1,1,diode,raw
diode_raw,8,111,NonOverlappingTemplate,96,8,8,1.0,False,,False,  1   1   0   1   0   1   2   1   0   1     ----       8/8       NonOverlappingTemplate,1,1,0,1,0,1,2,1,0,1,diode,raw
diode_raw,8,112,NonOverlappingTemplate,97,8,8,1.0,False,,False,  0   0   2   1   1   1   1   1   1   0     ----       8/8       NonOverlappingTemplate,0,0,2,1,1,1,1,1,1,0,diode,raw
diode_raw,8,113,NonOverlappingTemplate,98,8,8,1.0,False,,False,  0   3   0   1   1   0   1   2   0   0     ----       8/8       NonOverlappingTemplate,0,3,0,1,1,0,1,2,0,0,diode,raw
diode_raw,8,114,NonOverlappingTemplate,99,8,8,1.0,False,,False,  2   0   1   1   0   1   1   1   0   1     ----       8/8       NonOverlappingTemplate,2,0,1,1,0,1,1,1,0,1,diode,raw
diode_raw,8,115,NonOverlappingTemplate,100,8,8,1.0,False,,False,  0   0   0   0   0   5   1   0   2   0     ----       8/8       NonOverlappingTemplate,0,0,0,0,0,5,1,0,2,0,diode,raw
diode_raw,8,116,NonOverlappingTemplate,101,8,8,1.0,False,,False,  1   0   0   0   1   1   0   1   1   3     ----       8/8       NonOverlappingTemplate,1,0,0,0,1,1,0,1,1,3,diode,raw
diode_raw,8,117,NonOverlappingTemplate,102,8,8,1.0,False,,False,  0   0   1   1   2   0   0   1   2   1     ----       8/8       NonOverlappingTemplate,0,0,1,1,2,0,0,1,2,1,diode,raw
diode_raw,8,118,NonOverlappingTemplate,103,8,8,1.0,False,,False,  1   2   1   1   1   0   0   0   1   1     ----       8/8       NonOverlappingTemplate,1,2,1,1,1,0,0,0,1,1,diode,raw
diode_raw,8,119,NonOverlappingTemplate,104,8,8,1.0,False,,False,  0   0   2   3   0   0   1   1   1   0     ----       8/8       NonOverlappingTemplate,0,0,2,3,0,0,1,1,1,0,diode,raw
diode_raw,8,120,NonOverlappingTemplate,105,8,8,1.0,False,,False,  0   0   1   1   0   1   1   3   0   1     ----       8/8       NonOverlappingTemplate,0,0,1,1,0,1,1,3,0,1,diode,raw
diode_raw,8,121,NonOverlappingTemplate,106,8,8,1.0,False,,False,  2   2   1   0   1   0   1   0   1   0     ----       8/8       NonOverlappingTemplate,2,2,1,0,1,0,1,0,1,0,diode,raw
diode_raw,8,122,NonOverlappingTemplate,107,8,8,1.0,False,,False,  1   1   2   1   0   0   1   0   2   0     ----       8/8       NonOverlappingTemplate,1,1,2,1,0,0,1,0,2,0,diode,raw
diode_raw,8,123,NonOverlappingTemplate,108,8,8,1.0,False,,False,  1   0   0   1   1   0   3   0   2   0     ----       8/8       NonOverlappingTemplate,1,0,0,1,1,0,3,0,2,0,diode,raw
diode_raw,8,124,NonOverlappingTemplate,109,8,8,1.0,False,,False,  1   0   0   2   2   1   1   1   0   0     ----       8/8       NonOverlappingTemplate,1,0,0,2,2,1,1,1,0,0,diode,raw
diode_raw,8,125,NonOverlappingTemplate,110,8,8,1.0,False,,False,  2   0   3   1   1   0   0   1   0   0     ----       8/8       NonOverlappingTemplate,2,0,3,1,1,0,0,1,0,0,diode,raw
diode_raw,8,126,NonOverlappingTemplate,111,7,8,0.875,False,,False,  1   1   3   0   1   0   0   1   1   0     ----       7/8       NonOverlappingTemplate,1,1,3,0,1,0,0,1,1,0,diode,raw
diode_raw,8,127,NonOverlappingTemplate,112,8,8,1.0,False,,False,  0   1   2   1   2   1   0   0   1   0     ----       8/8       NonOverlappingTemplate,0,1,2,1,2,1,0,0,1,0,diode,raw
diode_raw,8,128,NonOverlappingTemplate,113,8,8,1.0,False,,False,  1   0   0   1   0   1   0   1   2   2     ----       8/8       NonOverlappingTemplate,1,0,0,1,0,1,0,1,2,2,diode,raw
diode_raw,8,129,NonOverlappingTemplate,114,8,8,1.0,False,,False,  0   1   1   0   1   1   0   1   3   0     ----       8/8       NonOverlappingTemplate,0,1,1,0,1,1,0,1,3,0,diode,raw
diode_raw,8,130,NonOverlappingTemplate,115,8,8,1.0,False,,False,  2   2   1   0   0   1   0   0   2   0     ----       8/8       NonOverlappingTemplate,2,2,1,0,0,1,0,0,2,0,diode,raw
diode_raw,8,131,NonOverlappingTemplate,116,7,8,0.875,False,,False,  2   0   1   1   1   0   1   1   1   0     ----       7/8       NonOverlappingTemplate,2,0,1,1,1,0,1,1,1,0,diode,raw
diode_raw,8,132,NonOverlappingTemplate,117,8,8,1.0,False,,False,  1   1   1   0   1   0   0   2   1   1     ----       8/8       NonOverlappingTemplate,1,1,1,0,1,0,0,2,1,1,diode,raw
diode_raw,8,133,NonOverlappingTemplate,118,8,8,1.0,False,,False,  1   1   0   3   1   1   0   0   1   0     ----       8/8       NonOverlappingTemplate,1,1,0,3,1,1,0,0,1,0,diode,raw
diode_raw,8,134,NonOverlappingTemplate,119,8,8,1.0,False,,False,  0   1   2   1   1   1   1   0   1   0     ----       8/8       NonOverlappingTemplate,0,1,2,1,1,1,1,0,1,0,diode,raw
diode_raw,8,135,NonOverlappingTemplate,120,8,8,1.0,False,,False,  0   1   2   1   0   0   1   2   0   1     ----       8/8       NonOverlappingTemplate,0,1,2,1,0,0,1,2,0,1,diode,raw
diode_raw,8,136,NonOverlappingTemplate,121,8,8,1.0,False,,False,  0   1   2   0   0   1   0   1   2   1     ----       8/8       NonOverlappingTemplate,0,1,2,0,0,1,0,1,2,1,diode,raw
diode_raw,8,137,NonOverlappingTemplate,122,8,8,1.0,False,,False,  2   0   0   0   1   1   3   0   0   1     ----       8/8       NonOverlappingTemplate,2,0,0,0,1,1,3,0,0,1,diode,raw
diode_raw,8,138,NonOverlappingTemplate,123,8,8,1.0,False,,False,  0   1   0   0   1   2   1   1   0   2     ----       8/8       NonOverlappingTemplate,0,1,0,0,1,2,1,1,0,2,diode,raw
diode_raw,8,139,NonOverlappingTemplate,124,8,8,1.0,False,,False,  0   2   0   0   1   0   4   0   0   1     ----       8/8       NonOverlappingTemplate,0,2,0,0,1,0,4,0,0,1,diode,raw
diode_raw,8,140,NonOverlappingTemplate,125,8,8,1.0,False,,False,  2   1   0   1   0   0   0   0   2   2     ----       8/8       NonOverlappingTemplate,2,1,0,1,0,0,0,0,2,2,diode,raw
diode_raw,8,141,NonOverlappingTemplate,126,8,8,1.0,False,,False,  1   0   1   2   0   1   1   0   0   2     ----       8/8       NonOverlappingTemplate,1,0,1,2,0,1,1,0,0,2,diode,raw
diode_raw,8,142,NonOverlappingTemplate,127,8,8,1.0,False,,False,  1   1   0   1   1   1   1   2   0   0     ----       8/8       NonOverlappingTemplate,1,1,0,1,1,1,1,2,0,0,diode,raw
diode_raw,8,143,NonOverlappingTemplate,128,8,8,1.0,False,,False,  1   1   3   1   0   0   1   0   0   1     ----       8/8       NonOverlappingTemplate,1,1,3,1,0,0,1,0,0,1,diode,raw
diode_raw,8,144,NonOverlappingTemplate,129,8,8,1.0,False,,False,  0   4   0   1   2   1   0   0   0   0     ----       8/8       NonOverlappingTemplate,0,4,0,1,2,1,0,0,0,0,diode,raw
diode_raw,8,145,NonOverlappingTemplate,130,8,8,1.0,False,,False,  0   0   2   0   1   2   0   1   1   1     ----       8/8       NonOverlappingTemplate,0,0,2,0,1,2,0,1,1,1,diode,raw
diode_raw,8,146,NonOverlappingTemplate,131,8,8,1.0,False,,False,  0   1   1   2   0   2   0   0   1   1     ----       8/8       NonOverlappingTemplate,0,1,1,2,0,2,0,0,1,1,diode,raw
diode_raw,8,147,NonOverlappingTemplate,132,8,8,1.0,False,,False,  0   0   1   2   0   2   0   0   0   3     ----       8/8       NonOverlappingTemplate,0,0,1,2,0,2,0,0,0,3,diode,raw
diode_raw,8,148,NonOverlappingTemplate,133,8,8,1.0,False,,False,  2   0   0   0   0   2   1   1   1   1     ----       8/8       NonOverlappingTemplate,2,0,0,0,0,2,1,1,1,1,diode,raw
diode_raw,8,149,NonOverlappingTemplate,134,8,8,1.0,False,,False,  0   0   0   1   2   0   0   3   2   0     ----       8/8       NonOverlappingTemplate,0,0,0,1,2,0,0,3,2,0,diode,raw
diode_raw,8,150,NonOverlappingTemplate,135,8,8,1.0,False,,False,  0   1   3   2   0   0   1   0   0   1     ----       8/8       NonOverlappingTemplate,0,1,3,2,0,0,1,0,0,1,diode,raw
diode_raw,8,151,NonOverlappingTemplate,136,7,8,0.875,False,,False,  1   0   2   0   1   2   0   1   0   1     ----       7/8       NonOverlappingTemplate,1,0,2,0,1,2,0,1,0,1,diode,raw
diode_raw,8,152,NonOverlappingTemplate,137,8,8,1.0,False,,False,  2   1   1   0   0   0   2   2   0   0     ----       8/8       NonOverlappingTemplate,2,1,1,0,0,0,2,2,0,0,diode,raw
diode_raw,8,153,NonOverlappingTemplate,138,8,8,1.0,False,,False,  0   0   1   1   2   2   1   0   1   0     ----       8/8       NonOverlappingTemplate,0,0,1,1,2,2,1,0,1,0,diode,raw
diode_raw,8,154,NonOverlappingTemplate,139,8,8,1.0,False,,False,  0   0   1   2   1   0   2   0   1   1     ----       8/8       NonOverlappingTemplate,0,0,1,2,1,0,2,0,1,1,diode,raw
diode_raw,8,155,NonOverlappingTemplate,140,8,8,1.0,False,,False,  0   0   0   1   1   1   2   1   0   2     ----       8/8       NonOverlappingTemplate,0,0,0,1,1,1,2,1,0,2,diode,raw
diode_raw,8,156,NonOverlappingTemplate,141,7,8,0.875,False,,False,  2   1   0   1   0   0   1   0   2   1     ----       7/8       NonOverlappingTemplate,2,1,0,1,0,0,1,0,2,1,diode,raw
diode_raw,8,157,NonOverlappingTemplate,142,8,8,1.0,False,,False,  1   2   1   0   1   0   1   0   0   2     ----       8/8       NonOverlappingTemplate,1,2,1,0,1,0,1,0,0,2,diode,raw
diode_raw,8,158,NonOverlappingTemplate,143,8,8,1.0,False,,False,  0   0   1   0   0   2   1   3   0   1     ----       8/8       NonOverlappingTemplate,0,0,1,0,0,2,1,3,0,1,diode,raw
diode_raw,8,159,NonOverlappingTemplate,144,8,8,1.0,False,,False,  0   1   0   2   1   0   1   0   1   2     ----       8/8       NonOverlappingTemplate,0,1,0,2,1,0,1,0,1,2,diode,raw
diode_raw,8,160,NonOverlappingTemplate,145,8,8,1.0,False,,False,  2   2   0   1   0   0   1   0   2   0     ----       8/8       NonOverlappingTemplate,2,2,0,1,0,0,1,0,2,0,diode,raw
diode_raw,8,161,NonOverlappingTemplate,146,8,8,1.0,False,,False,  0   2   0   2   0   1   1   2   0   0     ----       8/8       NonOverlappingTemplate,0,2,0,2,0,1,1,2,0,0,diode,raw
diode_raw,8,162,NonOverlappingTemplate,147,8,8,1.0,False,,False,  2   0   0   2   2   0   0   0   2   0     ----       8/8       NonOverlappingTemplate,2,0,0,2,2,0,0,0,2,0,diode,raw
diode_raw,8,163,NonOverlappingTemplate,148,7,8,0.875,False,,False,  2   0   4   0   0   1   1   0   0   0     ----       7/8       NonOverlappingTemplate,2,0,4,0,0,1,1,0,0,0,diode,raw
diode_raw,8,164,OverlappingTemplate,1,8,8,1.0,False,,False,  0   0   1   1   1   1   2   2   0   0     ----       8/8       OverlappingTemplate,0,0,1,1,1,1,2,2,0,0,diode,raw
diode_raw,8,165,Universal,1,8,8,1.0,False,,False,  2   0   2   0   0   1   1   1   1   0     ----       8/8       Universal,2,0,2,0,0,1,1,1,1,0,diode,raw
diode_raw,8,166,ApproximateEntropy,1,8,8,1.0,False,,False,  0   2   2   1   0   1   0   0   1   1     ----       8/8       ApproximateEntropy,0,2,2,1,0,1,0,0,1,1,diode,raw
diode_raw,8,167,RandomExcursions,1,4,4,1.0,False,,False,  1   0   1   0   0   1   0   1   0   0     ----       4/4       RandomExcursions,1,0,1,0,0,1,0,1,0,0,diode,raw
diode_raw,8,168,RandomExcursions,2,4,4,1.0,False,,False,  1   1   0   0   1   0   1   0   0   0     ----       4/4       RandomExcursions,1,1,0,0,1,0,1,0,0,0,diode,raw
diode_raw,8,169,RandomExcursions,3,4,4,1.0,False,,False,  0   0   1   1   2   0   0   0   0   0     ----       4/4       RandomExcursions,0,0,1,1,2,0,0,0,0,0,diode,raw
diode_raw,8,170,RandomExcursions,4,4,4,1.0,False,,False,  1   2   0   0   1   0   0   0   0   0     ----       4/4       RandomExcursions,1,2,0,0,1,0,0,0,0,0,diode,raw
diode_raw,8,171,RandomExcursions,5,4,4,1.0,False,,False,  0   0   1   2   0   0   0   0   1   0     ----       4/4       RandomExcursions,0,0,1,2,0,0,0,0,1,0,diode,raw
diode_raw,8,172,RandomExcursions,6,4,4,1.0,False,,False,  0   1   0   0   1   0   0   0   1   1     ----       4/4       RandomExcursions,0,1,0,0,1,0,0,0,1,1,diode,raw
diode_raw,8,173,RandomExcursions,7,4,4,1.0,False,,False,  0   0   0   2   0   1   1   0   0   0     ----       4/4       RandomExcursions,0,0,0,2,0,1,1,0,0,0,diode,raw
diode_raw,8,174,RandomExcursions,8,4,4,1.0,False,,False,  0   0   1   1   0   0   0   1   0   1     ----       4/4       RandomExcursions,0,0,1,1,0,0,0,1,0,1,diode,raw
diode_raw,8,175,RandomExcursionsVariant,1,4,4,1.0,False,,False,  2   0   0   1   1   0   0   0   0   0     ----       4/4       RandomExcursionsVariant,2,0,0,1,1,0,0,0,0,0,diode,raw
diode_raw,8,176,RandomExcursionsVariant,2,4,4,1.0,False,,False,  2   0   0   0   1   1   0   0   0   0     ----       4/4       RandomExcursionsVariant,2,0,0,0,1,1,0,0,0,0,diode,raw
diode_raw,8,177,RandomExcursionsVariant,3,4,4,1.0,False,,False,  2   0   0   0   0   1   0   0   1   0     ----       4/4       RandomExcursionsVariant,2,0,0,0,0,1,0,0,1,0,diode,raw
diode_raw,8,178,RandomExcursionsVariant,4,4,4,1.0,False,,False,  2   0   0   0   0   0   0   1   0   1     ----       4/4       RandomExcursionsVariant,2,0,0,0,0,0,0,1,0,1,diode,raw
diode_raw,8,179,RandomExcursionsVariant,5,4,4,1.0,False,,False,  1   1   0   0   1   0   0   1   0   0     ----       4/4       RandomExcursionsVariant,1,1,0,0,1,0,0,1,0,0,diode,raw
diode_raw,8,180,RandomExcursionsVariant,6,4,4,1.0,False,,False,  0   1   0   1   1   0   0   1   0   0     ----       4/4       RandomExcursionsVariant,0,1,0,1,1,0,0,1,0,0,diode,raw
diode_raw,8,181,RandomExcursionsVariant,7,4,4,1.0,False,,False,  1   0   0   0   0   1   2   0   0   0     ----       4/4       RandomExcursionsVariant,1,0,0,0,0,1,2,0,0,0,diode,raw
diode_raw,8,182,RandomExcursionsVariant,8,4,4,1.0,False,,False,  1   0   0   1   0   0   1   0   0   1     ----       4/4       RandomExcursionsVariant,1,0,0,1,0,0,1,0,0,1,diode,raw
diode_raw,8,183,RandomExcursionsVariant,9,4,4,1.0,False,,False,  0   1   0   0   0   1   0   0   1   1     ----       4/4       RandomExcursionsVariant,0,1,0,0,0,1,0,0,1,1,diode,raw
diode_raw,8,184,RandomExcursionsVariant,10,4,4,1.0,False,,False,  1   0   1   0   1   1   0   0   0   0     ----       4/4       RandomExcursionsVariant,1,0,1,0,1,1,0,0,0,0,diode,raw
diode_raw,8,185,RandomExcursionsVariant,11,4,4,1.0,False,,False,  0   1   1   2   0   0   0   0   0   0     ----       4/4       RandomExcursionsVariant,0,1,1,2,0,0,0,0,0,0,diode,raw
diode_raw,8,186,RandomExcursionsVariant,12,4,4,1.0,False,,False,  1   0   0   0   3   0   0   0   0   0     ----       4/4       RandomExcursionsVariant,1,0,0,0,3,0,0,0,0,0,diode,raw
diode_raw,8,187,RandomExcursionsVariant,13,4,4,1.0,False,,False,  0   1   0   0   2   0   0   1   0   0     ----       4/4       RandomExcursionsVariant,0,1,0,0,2,0,0,1,0,0,diode,raw
diode_raw,8,188,RandomExcursionsVariant,14,4,4,1.0,False,,False,  0   0   0   1   0   1   0   0   2   0     ----       4/4       RandomExcursionsVariant,0,0,0,1,0,1,0,0,2,0,diode,raw
diode_raw,8,189,RandomExcursionsVariant,15,4,4,1.0,False,,False,  0   0   1   0   1   0   1   1   0   0     ----       4/4       RandomExcursionsVariant,0,0,1,0,1,0,1,1,0,0,diode,raw
diode_raw,8,190,RandomExcursionsVariant,16,4,4,1.0,False,,False,  0   1   0   0   0   1   1   0   1   0     ----       4/4       RandomExcursionsVariant,0,1,0,0,0,1,1,0,1,0,diode,raw
diode_raw,8,191,RandomExcursionsVariant,17,4,4,1.0,False,,False,  0   1   0   0   0   0   0   0   3   0     ----       4/4       RandomExcursionsVariant,0,1,0,0,0,0,0,0,3,0,diode,raw
diode_raw,8,192,RandomExcursionsVariant,18,4,4,1.0,False,,False,  0   1   0   0   0   0   0   0   2   1     ----       4/4       RandomExcursionsVariant,0,1,0,0,0,0,0,0,2,1,diode,raw
diode_raw,8,193,Serial,1,8,8,1.0,False,,False,  1   0   1   0   2   0   1   2   1   0     ----       8/8       Serial,1,0,1,0,2,0,1,2,1,0,diode,raw
diode_raw,8,194,Serial,2,8,8,1.0,False,,False,  1   0   0   2   0   0   1   1   3   0     ----       8/8       Serial,1,0,0,2,0,0,1,1,3,0,diode,raw
diode_raw,8,195,LinearComplexity,1,8,8,1.0,False,,False,  2   2   0   2   0   1   0   0   1   0     ----       8/8       LinearComplexity,2,2,0,2,0,1,0,0,1,0,diode,raw
diode_vn,2,8,Frequency,1,2,2,1.0,False,,False,  1   0   0   0   0   0   0   0   1   0     ----       2/2       Frequency,1,0,0,0,0,0,0,0,1,0,diode,vn
diode_vn,2,9,BlockFrequency,1,2,2,1.0,False,,False,  0   0   0   0   0   0   0   0   2   0     ----       2/2       BlockFrequency,0,0,0,0,0,0,0,0,2,0,diode,vn
diode_vn,2,10,CumulativeSums,1,2,2,1.0,False,,False,  1   0   0   0   0   0   0   0   0   1     ----       2/2       CumulativeSums,1,0,0,0,0,0,0,0,0,1,diode,vn
diode_vn,2,11,CumulativeSums,2,2,2,1.0,False,,False,  1   0   0   0   0   0   0   1   0   0     ----       2/2       CumulativeSums,1,0,0,0,0,0,0,1,0,0,diode,vn
diode_vn,2,12,Runs,1,2,2,1.0,False,,False,  1   0   1   0   0   0   0   0   0   0     ----       2/2       Runs,1,0,1,0,0,0,0,0,0,0,diode,vn
diode_vn,2,13,LongestRun,1,2,2,1.0,False,,False,  0   1   0   0   0   0   0   1   0   0     ----       2/2       LongestRun,0,1,0,0,0,0,0,1,0,0,diode,vn
diode_vn,2,14,Rank,1,2,2,1.0,False,,False,  0   0   0   0   0   1   0   1   0   0     ----       2/2       Rank,0,0,0,0,0,1,0,1,0,0,diode,vn
diode_vn,2,15,FFT,1,2,2,1.0,False,,False,  0   0   0   0   0   1   0   0   1   0     ----       2/2       FFT,0,0,0,0,0,1,0,0,1,0,diode,vn
diode_vn,2,16,NonOverlappingTemplate,1,2,2,1.0,False,,False,  1   0   0   0   0   0   0   0   0   1     ----       2/2       NonOverlappingTemplate,1,0,0,0,0,0,0,0,0,1,diode,vn
diode_vn,2,17,NonOverlappingTemplate,2,2,2,1.0,False,,False,  0   0   0   0   0   0   1   0   0   1     ----       2/2       NonOverlappingTemplate,0,0,0,0,0,0,1,0,0,1,diode,vn
diode_vn,2,18,NonOverlappingTemplate,3,2,2,1.0,False,,False,  0   0   0   1   0   0   1   0   0   0     ----       2/2       NonOverlappingTemplate,0,0,0,1,0,0,1,0,0,0,diode,vn
diode_vn,2,19,NonOverlappingTemplate,4,2,2,1.0,False,,False,  1   0   0   0   0   0   0   1   0   0     ----       2/2       NonOverlappingTemplate,1,0,0,0,0,0,0,1,0,0,diode,vn
diode_vn,2,20,NonOverlappingTemplate,5,2,2,1.0,False,,False,  0   0   0   0   0   0   1   0   0   1     ----       2/2       NonOverlappingTemplate,0,0,0,0,0,0,1,0,0,1,diode,vn
diode_vn,2,21,NonOverlappingTemplate,6,2,2,1.0,False,,False,  0   0   0   0   1   0   0   0   0   1     ----       2/2       NonOverlappingTemplate,0,0,0,0,1,0,0,0,0,1,diode,vn
diode_vn,2,22,NonOverlappingTemplate,7,2,2,1.0,False,,False,  1   0   0   0   0   0   0   0   0   1     ----       2/2       NonOverlappingTemplate,1,0,0,0,0,0,0,0,0,1,diode,vn
diode_vn,2,23,NonOverlappingTemplate,8,2,2,1.0,False,,False,  1   0   1   0   0   0   0   0   0   0     ----       2/2       NonOverlappingTemplate,1,0,1,0,0,0,0,0,0,0,diode,vn
diode_vn,2,24,NonOverlappingTemplate,9,2,2,1.0,False,,False,  0   0   0   0   1   1   0   0   0   0     ----       2/2       NonOverlappingTemplate,0,0,0,0,1,1,0,0,0,0,diode,vn
diode_vn,2,25,NonOverlappingTemplate,10,2,2,1.0,False,,False,  0   0   0   1   0   0   0   1   0   0     ----       2/2       NonOverlappingTemplate,0,0,0,1,0,0,0,1,0,0,diode,vn
diode_vn,2,26,NonOverlappingTemplate,11,2,2,1.0,False,,False,  1   0   0   0   0   0   1   0   0   0     ----       2/2       NonOverlappingTemplate,1,0,0,0,0,0,1,0,0,0,diode,vn
diode_vn,2,27,NonOverlappingTemplate,12,2,2,1.0,False,,False,  0   0   1   0   0   0   0   1   0   0     ----       2/2       NonOverlappingTemplate,0,0,1,0,0,0,0,1,0,0,diode,vn
diode_vn,2,28,NonOverlappingTemplate,13,2,2,1.0,False,,False,  0   0   1   0   0   1   0   0   0   0     ----       2/2       NonOverlappingTemplate,0,0,1,0,0,1,0,0,0,0,diode,vn
diode_vn,2,29,NonOverlappingTemplate,14,2,2,1.0,False,,False,  0   0   0   0   0   0   1   1   0   0     ----       2/2       NonOverlappingTemplate,0,0,0,0,0,0,1,1,0,0,diode,vn
diode_vn,2,30,NonOverlappingTemplate,15,2,2,1.0,False,,False,  0   0   0   1   0   0   0   0   0   1     ----       2/2       NonOverlappingTemplate,0,0,0,1,0,0,0,0,0,1,diode,vn
diode_vn,2,31,NonOverlappingTemplate,16,2,2,1.0,False,,False,  0   0   1   0   0   0   0   1   0   0     ----       2/2       NonOverlappingTemplate,0,0,1,0,0,0,0,1,0,0,diode,vn
diode_vn,2,32,NonOverlappingTemplate,17,2,2,1.0,False,,False,  1   0   0   0   0   0   1   0   0   0     ----       2/2       NonOverlappingTemplate,1,0,0,0,0,0,1,0,0,0,diode,vn
diode_vn,2,33,NonOverlappingTemplate,18,2,2,1.0,False,,False,  1   1   0   0   0   0   0   0   0   0     ----       2/2       NonOverlappingTemplate,1,1,0,0,0,0,0,0,0,0,diode,vn
diode_vn,2,34,NonOverlappingTemplate,19,2,2,1.0,False,,False,  0   0   1   0   0   0   0   1   0   0     ----       2/2       NonOverlappingTemplate,0,0,1,0,0,0,0,1,0,0,diode,vn
diode_vn,2,35,NonOverlappingTemplate,20,2,2,1.0,False,,False,  1   0   0   0   0   0   0   0   0   1     ----       2/2       NonOverlappingTemplate,1,0,0,0,0,0,0,0,0,1,diode,vn
diode_vn,2,36,NonOverlappingTemplate,21,2,2,1.0,False,,False,  1   0   0   0   0   1   0   0   0   0     ----       2/2       NonOverlappingTemplate,1,0,0,0,0,1,0,0,0,0,diode,vn
diode_vn,2,37,NonOverlappingTemplate,22,2,2,1.0,False,,False,  0   1   0   0   0   0   0   1   0   0     ----       2/2       NonOverlappingTemplate,0,1,0,0,0,0,0,1,0,0,diode,vn
diode_vn,2,38,NonOverlappingTemplate,23,2,2,1.0,False,,False,  0   0   0   0   1   0   0   0   1   0     ----       2/2       NonOverlappingTemplate,0,0,0,0,1,0,0,0,1,0,diode,vn
diode_vn,2,39,NonOverlappingTemplate,24,2,2,1.0,False,,False,  0   1   1   0   0   0   0   0   0   0     ----       2/2       NonOverlappingTemplate,0,1,1,0,0,0,0,0,0,0,diode,vn
diode_vn,2,40,NonOverlappingTemplate,25,2,2,1.0,False,,False,  0   1   0   1   0   0   0   0   0   0     ----       2/2       NonOverlappingTemplate,0,1,0,1,0,0,0,0,0,0,diode,vn
diode_vn,2,41,NonOverlappingTemplate,26,2,2,1.0,False,,False,  0   0   0   0   1   0   0   0   0   1     ----       2/2       NonOverlappingTemplate,0,0,0,0,1,0,0,0,0,1,diode,vn
diode_vn,2,42,NonOverlappingTemplate,27,2,2,1.0,False,,False,  0   1   0   0   1   0   0   0   0   0     ----       2/2       NonOverlappingTemplate,0,1,0,0,1,0,0,0,0,0,diode,vn
diode_vn,2,43,NonOverlappingTemplate,28,2,2,1.0,False,,False,  0   0   0   1   0   1   0   0   0   0     ----       2/2       NonOverlappingTemplate,0,0,0,1,0,1,0,0,0,0,diode,vn
diode_vn,2,44,NonOverlappingTemplate,29,2,2,1.0,False,,False,  0   0   0   0   1   0   0   0   0   1     ----       2/2       NonOverlappingTemplate,0,0,0,0,1,0,0,0,0,1,diode,vn
diode_vn,2,45,NonOverlappingTemplate,30,2,2,1.0,False,,False,  0   0   0   0   0   0   0   1   1   0     ----       2/2       NonOverlappingTemplate,0,0,0,0,0,0,0,1,1,0,diode,vn
diode_vn,2,46,NonOverlappingTemplate,31,1,2,0.5,False,,False,  1   0   0   0   0   1   0   0   0   0     ----       1/2       NonOverlappingTemplate,1,0,0,0,0,1,0,0,0,0,diode,vn
diode_vn,2,47,NonOverlappingTemplate,32,2,2,1.0,False,,False,  0   0   0   0   1   0   0   1   0   0     ----       2/2       NonOverlappingTemplate,0,0,0,0,1,0,0,1,0,0,diode,vn
diode_vn,2,48,NonOverlappingTemplate,33,2,2,1.0,False,,False,  0   0   1   0   0   0   1   0   0   0     ----       2/2       NonOverlappingTemplate,0,0,1,0,0,0,1,0,0,0,diode,vn
diode_vn,2,49,NonOverlappingTemplate,34,2,2,1.0,False,,False,  0   0   0   1   0   0   0   0   1   0     ----       2/2       NonOverlappingTemplate,0,0,0,1,0,0,0,0,1,0,diode,vn
diode_vn,2,50,NonOverlappingTemplate,35,2,2,1.0,False,,False,  0   0   0   0   0   1   0   1   0   0     ----       2/2       NonOverlappingTemplate,0,0,0,0,0,1,0,1,0,0,diode,vn
diode_vn,2,51,NonOverlappingTemplate,36,2,2,1.0,False,,False,  0   0   1   0   0   0   1   0   0   0     ----       2/2       NonOverlappingTemplate,0,0,1,0,0,0,1,0,0,0,diode,vn
diode_vn,2,52,NonOverlappingTemplate,37,2,2,1.0,False,,False,  0   0   0   1   0   0   0   0   1   0     ----       2/2       NonOverlappingTemplate,0,0,0,1,0,0,0,0,1,0,diode,vn
diode_vn,2,53,NonOverlappingTemplate,38,2,2,1.0,False,,False,  1   0   0   0   0   1   0   0   0   0     ----       2/2       NonOverlappingTemplate,1,0,0,0,0,1,0,0,0,0,diode,vn
diode_vn,2,54,NonOverlappingTemplate,39,2,2,1.0,False,,False,  0   0   0   0   1   1   0   0   0   0     ----       2/2       NonOverlappingTemplate,0,0,0,0,1,1,0,0,0,0,diode,vn
diode_vn,2,55,NonOverlappingTemplate,40,2,2,1.0,False,,False,  1   0   1   0   0   0   0   0   0   0     ----       2/2       NonOverlappingTemplate,1,0,1,0,0,0,0,0,0,0,diode,vn
diode_vn,2,56,NonOverlappingTemplate,41,2,2,1.0,False,,False,  0   0   0   0   0   1   1   0   0   0     ----       2/2       NonOverlappingTemplate,0,0,0,0,0,1,1,0,0,0,diode,vn
diode_vn,2,57,NonOverlappingTemplate,42,2,2,1.0,False,,False,  1   0   1   0   0   0   0   0   0   0     ----       2/2       NonOverlappingTemplate,1,0,1,0,0,0,0,0,0,0,diode,vn
diode_vn,2,58,NonOverlappingTemplate,43,2,2,1.0,False,,False,  0   0   0   1   1   0   0   0   0   0     ----       2/2       NonOverlappingTemplate,0,0,0,1,1,0,0,0,0,0,diode,vn
diode_vn,2,59,NonOverlappingTemplate,44,2,2,1.0,False,,False,  0   0   0   0   0   2   0   0   0   0     ----       2/2       NonOverlappingTemplate,0,0,0,0,0,2,0,0,0,0,diode,vn
diode_vn,2,60,NonOverlappingTemplate,45,2,2,1.0,False,,False,  0   0   0   1   0   1   0   0   0   0     ----       2/2       NonOverlappingTemplate,0,0,0,1,0,1,0,0,0,0,diode,vn
diode_vn,2,61,NonOverlappingTemplate,46,2,2,1.0,False,,False,  0   0   0   0   1   0   0   1   0   0     ----       2/2       NonOverlappingTemplate,0,0,0,0,1,0,0,1,0,0,diode,vn
diode_vn,2,62,NonOverlappingTemplate,47,2,2,1.0,False,,False,  0   0   1   0   0   0   0   1   0   0     ----       2/2       NonOverlappingTemplate,0,0,1,0,0,0,0,1,0,0,diode,vn
diode_vn,2,63,NonOverlappingTemplate,48,2,2,1.0,False,,False,  0   0   0   0   1   0   1   0   0   0     ----       2/2       NonOverlappingTemplate,0,0,0,0,1,0,1,0,0,0,diode,vn
diode_vn,2,64,NonOverlappingTemplate,49,2,2,1.0,False,,False,  1   0   0   0   0   1   0   0   0   0     ----       2/2       NonOverlappingTemplate,1,0,0,0,0,1,0,0,0,0,diode,vn
diode_vn,2,65,NonOverlappingTemplate,50,2,2,1.0,False,,False,  0   1   0   1   0   0   0   0   0   0     ----       2/2       NonOverlappingTemplate,0,1,0,1,0,0,0,0,0,0,diode,vn
diode_vn,2,66,NonOverlappingTemplate,51,2,2,1.0,False,,False,  0   0   0   0   0   1   0   1   0   0     ----       2/2       NonOverlappingTemplate,0,0,0,0,0,1,0,1,0,0,diode,vn
diode_vn,2,67,NonOverlappingTemplate,52,2,2,1.0,False,,False,  0   0   1   0   0   1   0   0   0   0     ----       2/2       NonOverlappingTemplate,0,0,1,0,0,1,0,0,0,0,diode,vn
diode_vn,2,68,NonOverlappingTemplate,53,2,2,1.0,False,,False,  0   0   0   0   0   0   0   2   0   0     ----       2/2       NonOverlappingTemplate,0,0,0,0,0,0,0,2,0,0,diode,vn
diode_vn,2,69,NonOverlappingTemplate,54,2,2,1.0,False,,False,  0   0   0   0   0   1   0   0   0   1     ----       2/2       NonOverlappingTemplate,0,0,0,0,0,1,0,0,0,1,diode,vn
diode_vn,2,70,NonOverlappingTemplate,55,2,2,1.0,False,,False,  0   0   0   2   0   0   0   0   0   0     ----       2/2       NonOverlappingTemplate,0,0,0,2,0,0,0,0,0,0,diode,vn
diode_vn,2,71,NonOverlappingTemplate,56,2,2,1.0,False,,False,  0   0   0   0   0   0   0   1   1   0     ----       2/2       NonOverlappingTemplate,0,0,0,0,0,0,0,1,1,0,diode,vn
diode_vn,2,72,NonOverlappingTemplate,57,2,2,1.0,False,,False,  1   0   0   1   0   0   0   0   0   0     ----       2/2       NonOverlappingTemplate,1,0,0,1,0,0,0,0,0,0,diode,vn
diode_vn,2,73,NonOverlappingTemplate,58,2,2,1.0,False,,False,  0   0   1   0   0   0   1   0   0   0     ----       2/2       NonOverlappingTemplate,0,0,1,0,0,0,1,0,0,0,diode,vn
diode_vn,2,74,NonOverlappingTemplate,59,2,2,1.0,False,,False,  0   1   0   0   0   0   0   0   1   0     ----       2/2       NonOverlappingTemplate,0,1,0,0,0,0,0,0,1,0,diode,vn
diode_vn,2,75,NonOverlappingTemplate,60,2,2,1.0,False,,False,  0   0   0   0   1   0   0   1   0   0     ----       2/2       NonOverlappingTemplate,0,0,0,0,1,0,0,1,0,0,diode,vn
diode_vn,2,76,NonOverlappingTemplate,61,2,2,1.0,False,,False,  0   0   0   0   0   0   0   0   2   0     ----       2/2       NonOverlappingTemplate,0,0,0,0,0,0,0,0,2,0,diode,vn
diode_vn,2,77,NonOverlappingTemplate,62,2,2,1.0,False,,False,  0   1   0   0   0   1   0   0   0   0     ----       2/2       NonOverlappingTemplate,0,1,0,0,0,1,0,0,0,0,diode,vn
diode_vn,2,78,NonOverlappingTemplate,63,2,2,1.0,False,,False,  1   0   0   0   0   0   0   0   0   1     ----       2/2       NonOverlappingTemplate,1,0,0,0,0,0,0,0,0,1,diode,vn
diode_vn,2,79,NonOverlappingTemplate,64,2,2,1.0,False,,False,  0   0   1   0   0   0   0   0   0   1     ----       2/2       NonOverlappingTemplate,0,0,1,0,0,0,0,0,0,1,diode,vn
diode_vn,2,80,NonOverlappingTemplate,65,2,2,1.0,False,,False,  0   0   0   0   0   1   0   0   0   1     ----       2/2       NonOverlappingTemplate,0,0,0,0,0,1,0,0,0,1,diode,vn
diode_vn,2,81,NonOverlappingTemplate,66,2,2,1.0,False,,False,  0   1   0   1   0   0   0   0   0   0     ----       2/2       NonOverlappingTemplate,0,1,0,1,0,0,0,0,0,0,diode,vn
diode_vn,2,82,NonOverlappingTemplate,67,2,2,1.0,False,,False,  0   0   0   0   0   0   0   2   0   0     ----       2/2       NonOverlappingTemplate,0,0,0,0,0,0,0,2,0,0,diode,vn
diode_vn,2,83,NonOverlappingTemplate,68,2,2,1.0,False,,False,  0   0   1   0   0   1   0   0   0   0     ----       2/2       NonOverlappingTemplate,0,0,1,0,0,1,0,0,0,0,diode,vn
diode_vn,2,84,NonOverlappingTemplate,69,2,2,1.0,False,,False,  0   0   1   0   0   0   1   0   0   0     ----       2/2       NonOverlappingTemplate,0,0,1,0,0,0,1,0,0,0,diode,vn
diode_vn,2,85,NonOverlappingTemplate,70,2,2,1.0,False,,False,  0   0   0   0   0   0   1   1   0   0     ----       2/2       NonOverlappingTemplate,0,0,0,0,0,0,1,1,0,0,diode,vn
diode_vn,2,86,NonOverlappingTemplate,71,2,2,1.0,False,,False,  0   1   0   0   0   1   0   0   0   0     ----       2/2       NonOverlappingTemplate,0,1,0,0,0,1,0,0,0,0,diode,vn
diode_vn,2,87,NonOverlappingTemplate,72,2,2,1.0,False,,False,  0   0   0   0   0   1   0   0   1   0     ----       2/2       NonOverlappingTemplate,0,0,0,0,0,1,0,0,1,0,diode,vn
diode_vn,2,88,NonOverlappingTemplate,73,2,2,1.0,False,,False,  0   0   0   0   1   1   0   0   0   0     ----       2/2       NonOverlappingTemplate,0,0,0,0,1,1,0,0,0,0,diode,vn
diode_vn,2,89,NonOverlappingTemplate,74,2,2,1.0,False,,False,  0   0   1   1   0   0   0   0   0   0     ----       2/2       NonOverlappingTemplate,0,0,1,1,0,0,0,0,0,0,diode,vn
diode_vn,2,90,NonOverlappingTemplate,75,2,2,1.0,False,,False,  1   0   0   0   0   0   0   0   0   1     ----       2/2       NonOverlappingTemplate,1,0,0,0,0,0,0,0,0,1,diode,vn
diode_vn,2,91,NonOverlappingTemplate,76,2,2,1.0,False,,False,  1   0   0   1   0   0   0   0   0   0     ----       2/2       NonOverlappingTemplate,1,0,0,1,0,0,0,0,0,0,diode,vn
diode_vn,2,92,NonOverlappingTemplate,77,2,2,1.0,False,,False,  0   1   0   1   0   0   0   0   0   0     ----       2/2       NonOverlappingTemplate,0,1,0,1,0,0,0,0,0,0,diode,vn
diode_vn,2,93,NonOverlappingTemplate,78,2,2,1.0,False,,False,  1   0   0   0   1   0   0   0   0   0     ----       2/2       NonOverlappingTemplate,1,0,0,0,1,0,0,0,0,0,diode,vn
diode_vn,2,94,NonOverlappingTemplate,79,2,2,1.0,False,,False,  0   0   0   1   1   0   0   0   0   0     ----       2/2       NonOverlappingTemplate,0,0,0,1,1,0,0,0,0,0,diode,vn
diode_vn,2,95,NonOverlappingTemplate,80,2,2,1.0,False,,False,  1   0   0   0   1   0   0   0   0   0     ----       2/2       NonOverlappingTemplate,1,0,0,0,1,0,0,0,0,0,diode,vn
diode_vn,2,96,NonOverlappingTemplate,81,2,2,1.0,False,,False,  0   0   2   0   0   0   0   0   0   0     ----       2/2       NonOverlappingTemplate,0,0,2,0,0,0,0,0,0,0,diode,vn
diode_vn,2,97,NonOverlappingTemplate,82,2,2,1.0,False,,False,  0   1   0   1   0   0   0   0   0   0     ----       2/2       NonOverlappingTemplate,0,1,0,1,0,0,0,0,0,0,diode,vn
diode_vn,2,98,NonOverlappingTemplate,83,2,2,1.0,False,,False,  0   0   0   0   0   0   0   0   1   1     ----       2/2       NonOverlappingTemplate,0,0,0,0,0,0,0,0,1,1,diode,vn
diode_vn,2,99,NonOverlappingTemplate,84,2,2,1.0,False,,False,  0   0   0   0   1   0   1   0   0   0     ----       2/2       NonOverlappingTemplate,0,0,0,0,1,0,1,0,0,0,diode,vn
diode_vn,2,100,NonOverlappingTemplate,85,2,2,1.0,False,,False,  0   0   0   0   1   0   0   1   0   0     ----       2/2       NonOverlappingTemplate,0,0,0,0,1,0,0,1,0,0,diode,vn
diode_vn,2,101,NonOverlappingTemplate,86,2,2,1.0,False,,False,  0   0   1   1   0   0   0   0   0   0     ----       2/2       NonOverlappingTemplate,0,0,1,1,0,0,0,0,0,0,diode,vn
diode_vn,2,102,NonOverlappingTemplate,87,2,2,1.0,False,,False,  0   0   0   0   0   1   1   0   0   0     ----       2/2       NonOverlappingTemplate,0,0,0,0,0,1,1,0,0,0,diode,vn
diode_vn,2,103,NonOverlappingTemplate,88,2,2,1.0,False,,False,  0   0   0   0   1   1   0   0   0   0     ----       2/2       NonOverlappingTemplate,0,0,0,0,1,1,0,0,0,0,diode,vn
diode_vn,2,104,NonOverlappingTemplate,89,2,2,1.0,False,,False,  0   0   0   0   0   0   0   0   2   0     ----       2/2       NonOverlappingTemplate,0,0,0,0,0,0,0,0,2,0,diode,vn
diode_vn,2,105,NonOverlappingTemplate,90,2,2,1.0,False,,False,  0   0   0   0   0   0   1   0   0   1     ----       2/2       NonOverlappingTemplate,0,0,0,0,0,0,1,0,0,1,diode,vn
diode_vn,2,106,NonOverlappingTemplate,91,2,2,1.0,False,,False,  1   0   0   0   0   1   0   0   0   0     ----       2/2       NonOverlappingTemplate,1,0,0,0,0,1,0,0,0,0,diode,vn
diode_vn,2,107,NonOverlappingTemplate,92,1,2,0.5,False,,False,  1   0   1   0   0   0   0   0   0   0     ----       1/2       NonOverlappingTemplate,1,0,1,0,0,0,0,0,0,0,diode,vn
diode_vn,2,108,NonOverlappingTemplate,93,1,2,0.5,False,,False,  1   0   0   0   1   0   0   0   0   0     ----       1/2       NonOverlappingTemplate,1,0,0,0,1,0,0,0,0,0,diode,vn
diode_vn,2,109,NonOverlappingTemplate,94,2,2,1.0,False,,False,  0   0   0   1   1   0   0   0   0   0     ----       2/2       NonOverlappingTemplate,0,0,0,1,1,0,0,0,0,0,diode,vn
diode_vn,2,110,NonOverlappingTemplate,95,2,2,1.0,False,,False,  0   0   1   0   0   1   0   0   0   0     ----       2/2       NonOverlappingTemplate,0,0,1,0,0,1,0,0,0,0,diode,vn
diode_vn,2,111,NonOverlappingTemplate,96,2,2,1.0,False,,False,  1   0   0   0   0   0   0   0   0   1     ----       2/2       NonOverlappingTemplate,1,0,0,0,0,0,0,0,0,1,diode,vn
diode_vn,2,112,NonOverlappingTemplate,97,2,2,1.0,False,,False,  0   1   0   0   0   0   0   1   0   0     ----       2/2       NonOverlappingTemplate,0,1,0,0,0,0,0,1,0,0,diode,vn
diode_vn,2,113,NonOverlappingTemplate,98,2,2,1.0,False,,False,  1   0   0   0   0   0   0   0   1   0     ----       2/2       NonOverlappingTemplate,1,0,0,0,0,0,0,0,1,0,diode,vn
diode_vn,2,114,NonOverlappingTemplate,99,2,2,1.0,False,,False,  0   1   1   0   0   0   0   0   0   0     ----       2/2       NonOverlappingTemplate,0,1,1,0,0,0,0,0,0,0,diode,vn
diode_vn,2,115,NonOverlappingTemplate,100,2,2,1.0,False,,False,  1   0   0   0   1   0   0   0   0   0     ----       2/2       NonOverlappingTemplate,1,0,0,0,1,0,0,0,0,0,diode,vn
diode_vn,2,116,NonOverlappingTemplate,101,2,2,1.0,False,,False,  0   0   0   1   1   0   0   0   0   0     ----       2/2       NonOverlappingTemplate,0,0,0,1,1,0,0,0,0,0,diode,vn
diode_vn,2,117,NonOverlappingTemplate,102,2,2,1.0,False,,False,  1   0   0   0   0   0   1   0   0   0     ----       2/2       NonOverlappingTemplate,1,0,0,0,0,0,1,0,0,0,diode,vn
diode_vn,2,118,NonOverlappingTemplate,103,2,2,1.0,False,,False,  0   0   1   1   0   0   0   0   0   0     ----       2/2       NonOverlappingTemplate,0,0,1,1,0,0,0,0,0,0,diode,vn
diode_vn,2,119,NonOverlappingTemplate,104,2,2,1.0,False,,False,  0   0   1   0   0   1   0   0   0   0     ----       2/2       NonOverlappingTemplate,0,0,1,0,0,1,0,0,0,0,diode,vn
diode_vn,2,120,NonOverlappingTemplate,105,2,2,1.0,False,,False,  0   0   0   0   1   0   0   1   0   0     ----       2/2       NonOverlappingTemplate,0,0,0,0,1,0,0,1,0,0,diode,vn
diode_vn,2,121,NonOverlappingTemplate,106,2,2,1.0,False,,False,  0   0   0   0   0   0   1   0   0   1     ----       2/2       NonOverlappingTemplate,0,0,0,0,0,0,1,0,0,1,diode,vn
diode_vn,2,122,NonOverlappingTemplate,107,2,2,1.0,False,,False,  0   1   0   1   0   0   0   0   0   0     ----       2/2       NonOverlappingTemplate,0,1,0,1,0,0,0,0,0,0,diode,vn
diode_vn,2,123,NonOverlappingTemplate,108,2,2,1.0,False,,False,  1   1   0   0   0   0   0   0   0   0     ----       2/2       NonOverlappingTemplate,1,1,0,0,0,0,0,0,0,0,diode,vn
diode_vn,2,124,NonOverlappingTemplate,109,2,2,1.0,False,,False,  0   0   1   0   0   1   0   0   0   0     ----       2/2       NonOverlappingTemplate,0,0,1,0,0,1,0,0,0,0,diode,vn
diode_vn,2,125,NonOverlappingTemplate,110,2,2,1.0,False,,False,  0   1   0   0   0   0   1   0   0   0     ----       2/2       NonOverlappingTemplate,0,1,0,0,0,0,1,0,0,0,diode,vn
diode_vn,2,126,NonOverlappingTemplate,111,2,2,1.0,False,,False,  0   0   1   0   0   0   0   0   0   1     ----       2/2       NonOverlappingTemplate,0,0,1,0,0,0,0,0,0,1,diode,vn
diode_vn,2,127,NonOverlappingTemplate,112,2,2,1.0,False,,False,  0   0   0   0   0   1   0   1   0   0     ----       2/2       NonOverlappingTemplate,0,0,0,0,0,1,0,1,0,0,diode,vn
diode_vn,2,128,NonOverlappingTemplate,113,2,2,1.0,False,,False,  0   0   0   0   0   0   1   0   1   0     ----       2/2       NonOverlappingTemplate,0,0,0,0,0,0,1,0,1,0,diode,vn
diode_vn,2,129,NonOverlappingTemplate,114,2,2,1.0,False,,False,  0   0   0   0   0   1   0   1   0   0     ----       2/2       NonOverlappingTemplate,0,0,0,0,0,1,0,1,0,0,diode,vn
diode_vn,2,130,NonOverlappingTemplate,115,2,2,1.0,False,,False,  0   0   0   2   0   0   0   0   0   0     ----       2/2       NonOverlappingTemplate,0,0,0,2,0,0,0,0,0,0,diode,vn
diode_vn,2,131,NonOverlappingTemplate,116,2,2,1.0,False,,False,  0   1   0   1   0   0   0   0   0   0     ----       2/2       NonOverlappingTemplate,0,1,0,1,0,0,0,0,0,0,diode,vn
diode_vn,2,132,NonOverlappingTemplate,117,2,2,1.0,False,,False,  0   0   0   1   0   0   0   0   0   1     ----       2/2       NonOverlappingTemplate,0,0,0,1,0,0,0,0,0,1,diode,vn
diode_vn,2,133,NonOverlappingTemplate,118,2,2,1.0,False,,False,  0   1   0   0   0   0   0   0   1   0     ----       2/2       NonOverlappingTemplate,0,1,0,0,0,0,0,0,1,0,diode,vn
diode_vn,2,134,NonOverlappingTemplate,119,2,2,1.0,False,,False,  1   0   1   0   0   0   0   0   0   0     ----       2/2       NonOverlappingTemplate,1,0,1,0,0,0,0,0,0,0,diode,vn
diode_vn,2,135,NonOverlappingTemplate,120,2,2,1.0,False,,False,  1   0   0   0   0   1   0   0   0   0     ----       2/2       NonOverlappingTemplate,1,0,0,0,0,1,0,0,0,0,diode,vn
diode_vn,2,136,NonOverlappingTemplate,121,2,2,1.0,False,,False,  0   0   0   1   0   1   0   0   0   0     ----       2/2       NonOverlappingTemplate,0,0,0,1,0,1,0,0,0,0,diode,vn
diode_vn,2,137,NonOverlappingTemplate,122,2,2,1.0,False,,False,  0   0   0   0   1   0   1   0   0   0     ----       2/2       NonOverlappingTemplate,0,0,0,0,1,0,1,0,0,0,diode,vn
diode_vn,2,138,NonOverlappingTemplate,123,2,2,1.0,False,,False,  0   1   0   0   0   0   1   0   0   0     ----       2/2       NonOverlappingTemplate,0,1,0,0,0,0,1,0,0,0,diode,vn
diode_vn,2,139,NonOverlappingTemplate,124,2,2,1.0,False,,False,  0   0   0   0   1   0   0   0   0   1     ----       2/2       NonOverlappingTemplate,0,0,0,0,1,0,0,0,0,1,diode,vn
diode_vn,2,140,NonOverlappingTemplate,125,2,2,1.0,False,,False,  0   0   0   0   1   0   1   0   0   0     ----       2/2       NonOverlappingTemplate,0,0,0,0,1,0,1,0,0,0,diode,vn
diode_vn,2,141,NonOverlappingTemplate,126,2,2,1.0,False,,False,  0   0   1   0   0   0   0   1   0   0     ----       2/2       NonOverlappingTemplate,0,0,1,0,0,0,0,1,0,0,diode,vn
diode_vn,2,142,NonOverlappingTemplate,127,2,2,1.0,False,,False,  0   0   0   0   1   0   0   0   0   1     ----       2/2       NonOverlappingTemplate,0,0,0,0,1,0,0,0,0,1,diode,vn
diode_vn,2,143,NonOverlappingTemplate,128,2,2,1.0,False,,False,  0   0   0   0   0   1   0   1   0   0     ----       2/2       NonOverlappingTemplate,0,0,0,0,0,1,0,1,0,0,diode,vn
diode_vn,2,144,NonOverlappingTemplate,129,2,2,1.0,False,,False,  0   1   0   0   0   0   0   1   0   0     ----       2/2       NonOverlappingTemplate,0,1,0,0,0,0,0,1,0,0,diode,vn
diode_vn,2,145,NonOverlappingTemplate,130,2,2,1.0,False,,False,  0   1   0   0   0   0   0   1   0   0     ----       2/2       NonOverlappingTemplate,0,1,0,0,0,0,0,1,0,0,diode,vn
diode_vn,2,146,NonOverlappingTemplate,131,2,2,1.0,False,,False,  0   0   0   1   0   1   0   0   0   0     ----       2/2       NonOverlappingTemplate,0,0,0,1,0,1,0,0,0,0,diode,vn
diode_vn,2,147,NonOverlappingTemplate,132,2,2,1.0,False,,False,  0   1   0   0   1   0   0   0   0   0     ----       2/2       NonOverlappingTemplate,0,1,0,0,1,0,0,0,0,0,diode,vn
diode_vn,2,148,NonOverlappingTemplate,133,2,2,1.0,False,,False,  1   0   1   0   0   0   0   0   0   0     ----       2/2       NonOverlappingTemplate,1,0,1,0,0,0,0,0,0,0,diode,vn
diode_vn,2,149,NonOverlappingTemplate,134,2,2,1.0,False,,False,  1   0   0   0   0   1   0   0   0   0     ----       2/2       NonOverlappingTemplate,1,0,0,0,0,1,0,0,0,0,diode,vn
diode_vn,2,150,NonOverlappingTemplate,135,2,2,1.0,False,,False,  0   1   0   0   0   0   0   0   0   1     ----       2/2       NonOverlappingTemplate,0,1,0,0,0,0,0,0,0,1,diode,vn
diode_vn,2,151,NonOverlappingTemplate,136,2,2,1.0,False,,False,  0   0   0   0   0   1   0   0   0   1     ----       2/2       NonOverlappingTemplate,0,0,0,0,0,1,0,0,0,1,diode,vn
diode_vn,2,152,NonOverlappingTemplate,137,2,2,1.0,False,,False,  0   0   0   0   0   0   0   1   0   1     ----       2/2       NonOverlappingTemplate,0,0,0,0,0,0,0,1,0,1,diode,vn
diode_vn,2,153,NonOverlappingTemplate,138,2,2,1.0,False,,False,  1   0   0   0   0   0   0   0   1   0     ----       2/2       NonOverlappingTemplate,1,0,0,0,0,0,0,0,1,0,diode,vn
diode_vn,2,154,NonOverlappingTemplate,139,2,2,1.0,False,,False,  1   1   0   0   0   0   0   0   0   0     ----       2/2       NonOverlappingTemplate,1,1,0,0,0,0,0,0,0,0,diode,vn
diode_vn,2,155,NonOverlappingTemplate,140,2,2,1.0,False,,False,  0   1   0   0   0   1   0   0   0   0     ----       2/2       NonOverlappingTemplate,0,1,0,0,0,1,0,0,0,0,diode,vn
diode_vn,2,156,NonOverlappingTemplate,141,2,2,1.0,False,,False,  0   0   0   0   1   0   0   0   0   1     ----       2/2       NonOverlappingTemplate,0,0,0,0,1,0,0,0,0,1,diode,vn
diode_vn,2,157,NonOverlappingTemplate,142,2,2,1.0,False,,False,  0   0   0   0   1   0   0   1   0   0     ----       2/2       NonOverlappingTemplate,0,0,0,0,1,0,0,1,0,0,diode,vn
diode_vn,2,158,NonOverlappingTemplate,143,2,2,1.0,False,,False,  1   0   0   0   0   0   0   0   0   1     ----       2/2       NonOverlappingTemplate,1,0,0,0,0,0,0,0,0,1,diode,vn
diode_vn,2,159,NonOverlappingTemplate,144,2,2,1.0,False,,False,  0   0   0   0   1   0   0   1   0   0     ----       2/2       NonOverlappingTemplate,0,0,0,0,1,0,0,1,0,0,diode,vn
diode_vn,2,160,NonOverlappingTemplate,145,2,2,1.0,False,,False,  0   0   0   1   0   0   0   0   0   1     ----       2/2       NonOverlappingTemplate,0,0,0,1,0,0,0,0,0,1,diode,vn
diode_vn,2,161,NonOverlappingTemplate,146,2,2,1.0,False,,False,  0   0   2   0   0   0   0   0   0   0     ----       2/2       NonOverlappingTemplate,0,0,2,0,0,0,0,0,0,0,diode,vn
diode_vn,2,162,NonOverlappingTemplate,147,2,2,1.0,False,,False,  0   0   0   0   0   1   0   0   1   0     ----       2/2       NonOverlappingTemplate,0,0,0,0,0,1,0,0,1,0,diode,vn
diode_vn,2,163,NonOverlappingTemplate,148,2,2,1.0,False,,False,  0   0   1   1   0   0   0   0   0   0     ----       2/2       NonOverlappingTemplate,0,0,1,1,0,0,0,0,0,0,diode,vn
diode_vn,2,164,OverlappingTemplate,1,2,2,1.0,False,,False,  1   0   0   0   1   0   0   0   0   0     ----       2/2       OverlappingTemplate,1,0,0,0,1,0,0,0,0,0,diode,vn
diode_vn,2,165,Universal,1,2,2,1.0,False,,False,  0   0   0   1   0   1   0   0   0   0     ----       2/2       Universal,0,0,0,1,0,1,0,0,0,0,diode,vn
diode_vn,2,166,ApproximateEntropy,1,2,2,1.0,False,,False,  0   0   0   0   0   0   1   0   1   0     ----       2/2       ApproximateEntropy,0,0,0,0,0,0,1,0,1,0,diode,vn
diode_vn,2,167,RandomExcursions,1,1,1,1.0,False,,False,  0   0   0   1   0   0   0   0   0   0     ----       1/1       RandomExcursions,0,0,0,1,0,0,0,0,0,0,diode,vn
diode_vn,2,168,RandomExcursions,2,1,1,1.0,False,,False,  0   0   1   0   0   0   0   0   0   0     ----       1/1       RandomExcursions,0,0,1,0,0,0,0,0,0,0,diode,vn
diode_vn,2,169,RandomExcursions,3,1,1,1.0,False,,False,  0   1   0   0   0   0   0   0   0   0     ----       1/1       RandomExcursions,0,1,0,0,0,0,0,0,0,0,diode,vn
diode_vn,2,170,RandomExcursions,4,1,1,1.0,False,,False,  0   0   0   1   0   0   0   0   0   0     ----       1/1       RandomExcursions,0,0,0,1,0,0,0,0,0,0,diode,vn
diode_vn,2,171,RandomExcursions,5,1,1,1.0,False,,False,  0   0   0   0   0   0   0   0   1   0     ----       1/1       RandomExcursions,0,0,0,0,0,0,0,0,1,0,diode,vn
diode_vn,2,172,RandomExcursions,6,1,1,1.0,False,,False,  0   0   0   0   0   0   0   1   0   0     ----       1/1       RandomExcursions,0,0,0,0,0,0,0,1,0,0,diode,vn
diode_vn,2,173,RandomExcursions,7,1,1,1.0,False,,False,  0   0   1   0   0   0   0   0   0   0     ----       1/1       RandomExcursions,0,0,1,0,0,0,0,0,0,0,diode,vn
diode_vn,2,174,RandomExcursions,8,1,1,1.0,False,,False,  0   1   0   0   0   0   0   0   0   0     ----       1/1       RandomExcursions,0,1,0,0,0,0,0,0,0,0,diode,vn
diode_vn,2,175,RandomExcursionsVariant,1,1,1,1.0,False,,False,  0   0   0   1   0   0   0   0   0   0     ----       1/1       RandomExcursionsVariant,0,0,0,1,0,0,0,0,0,0,diode,vn
diode_vn,2,176,RandomExcursionsVariant,2,1,1,1.0,False,,False,  0   0   0   1   0   0   0   0   0   0     ----       1/1       RandomExcursionsVariant,0,0,0,1,0,0,0,0,0,0,diode,vn
diode_vn,2,177,RandomExcursionsVariant,3,1,1,1.0,False,,False,  0   0   1   0   0   0   0   0   0   0     ----       1/1       RandomExcursionsVariant,0,0,1,0,0,0,0,0,0,0,diode,vn
diode_vn,2,178,RandomExcursionsVariant,4,1,1,1.0,False,,False,  0   1   0   0   0   0   0   0   0   0     ----       1/1       RandomExcursionsVariant,0,1,0,0,0,0,0,0,0,0,diode,vn
diode_vn,2,179,RandomExcursionsVariant,5,1,1,1.0,False,,False,  1   0   0   0   0   0   0   0   0   0     ----       1/1       RandomExcursionsVariant,1,0,0,0,0,0,0,0,0,0,diode,vn
diode_vn,2,180,RandomExcursionsVariant,6,1,1,1.0,False,,False,  0   1   0   0   0   0   0   0   0   0     ----       1/1       RandomExcursionsVariant,0,1,0,0,0,0,0,0,0,0,diode,vn
diode_vn,2,181,RandomExcursionsVariant,7,1,1,1.0,False,,False,  0   1   0   0   0   0   0   0   0   0     ----       1/1       RandomExcursionsVariant,0,1,0,0,0,0,0,0,0,0,diode,vn
diode_vn,2,182,RandomExcursionsVariant,8,1,1,1.0,False,,False,  1   0   0   0   0   0   0   0   0   0     ----       1/1       RandomExcursionsVariant,1,0,0,0,0,0,0,0,0,0,diode,vn
diode_vn,2,183,RandomExcursionsVariant,9,1,1,1.0,False,,False,  0   1   0   0   0   0   0   0   0   0     ----       1/1       RandomExcursionsVariant,0,1,0,0,0,0,0,0,0,0,diode,vn
diode_vn,2,184,RandomExcursionsVariant,10,1,1,1.0,False,,False,  0   0   1   0   0   0   0   0   0   0     ----       1/1       RandomExcursionsVariant,0,0,1,0,0,0,0,0,0,0,diode,vn
diode_vn,2,185,RandomExcursionsVariant,11,1,1,1.0,False,,False,  0   0   0   1   0   0   0   0   0   0     ----       1/1       RandomExcursionsVariant,0,0,0,1,0,0,0,0,0,0,diode,vn
diode_vn,2,186,RandomExcursionsVariant,12,1,1,1.0,False,,False,  0   0   1   0   0   0   0   0   0   0     ----       1/1       RandomExcursionsVariant,0,0,1,0,0,0,0,0,0,0,diode,vn
diode_vn,2,187,RandomExcursionsVariant,13,1,1,1.0,False,,False,  0   0   1   0   0   0   0   0   0   0     ----       1/1       RandomExcursionsVariant,0,0,1,0,0,0,0,0,0,0,diode,vn
diode_vn,2,188,RandomExcursionsVariant,14,1,1,1.0,False,,False,  0   0   0   0   1   0   0   0   0   0     ----       1/1       RandomExcursionsVariant,0,0,0,0,1,0,0,0,0,0,diode,vn
diode_vn,2,189,RandomExcursionsVariant,15,1,1,1.0,False,,False,  0   0   0   0   1   0   0   0   0   0     ----       1/1       RandomExcursionsVariant,0,0,0,0,1,0,0,0,0,0,diode,vn
diode_vn,2,190,RandomExcursionsVariant,16,1,1,1.0,False,,False,  0   0   0   1   0   0   0   0   0   0     ----       1/1       RandomExcursionsVariant,0,0,0,1,0,0,0,0,0,0,diode,vn
diode_vn,2,191,RandomExcursionsVariant,17,1,1,1.0,False,,False,  0   0   0   0   0   1   0   0   0   0     ----       1/1       RandomExcursionsVariant,0,0,0,0,0,1,0,0,0,0,diode,vn
diode_vn,2,192,RandomExcursionsVariant,18,1,1,1.0,False,,False,  0   0   0   0   1   0   0   0   0   0     ----       1/1       RandomExcursionsVariant,0,0,0,0,1,0,0,0,0,0,diode,vn
diode_vn,2,193,Serial,1,2,2,1.0,False,,False,  0   0   1   0   0   0   0   0   0   1     ----       2/2       Serial,0,0,1,0,0,0,0,0,0,1,diode,vn
diode_vn,2,194,Serial,2,2,2,1.0,False,,False,  0   1   0   0   0   0   0   0   0   1     ----       2/2       Serial,0,1,0,0,0,0,0,0,0,1,diode,vn
diode_vn,2,195,LinearComplexity,1,2,2,1.0,False,,False,  0   1   0   0   0   0   1   0   0   0     ----       2/2       LinearComplexity,0,1,0,0,0,0,1,0,0,0,diode,vn
diode_xor,8,8,Frequency,1,8,8,1.0,False,,False,  0   1   1   3   0   0   0   2   0   1     ----       8/8       Frequency,0,1,1,3,0,0,0,2,0,1,diode,xor
diode_xor,8,9,BlockFrequency,1,8,8,1.0,False,,False,  0   1   1   0   1   1   1   1   1   1     ----       8/8       BlockFrequency,0,1,1,0,1,1,1,1,1,1,diode,xor
diode_xor,8,10,CumulativeSums,1,8,8,1.0,False,,False,  0   1   1   0   1   0   2   0   1   2     ----       8/8       CumulativeSums,0,1,1,0,1,0,2,0,1,2,diode,xor
diode_xor,8,11,CumulativeSums,2,8,8,1.0,False,,False,  0   1   2   0   2   0   0   0   1   2     ----       8/8       CumulativeSums,0,1,2,0,2,0,0,0,1,2,diode,xor
diode_xor,8,12,Runs,1,8,8,1.0,False,,False,  0   3   0   1   1   0   0   1   2   0     ----       8/8       Runs,0,3,0,1,1,0,0,1,2,0,diode,xor
diode_xor,8,13,LongestRun,1,8,8,1.0,False,,False,  0   1   0   1   0   1   1   2   0   2     ----       8/8       LongestRun,0,1,0,1,0,1,1,2,0,2,diode,xor
diode_xor,8,14,Rank,1,8,8,1.0,False,,False,  0   0   0   1   1   1   1   2   1   1     ----       8/8       Rank,0,0,0,1,1,1,1,2,1,1,diode,xor
diode_xor,8,15,FFT,1,8,8,1.0,False,,False,  1   2   2   2   0   0   0   1   0   0     ----       8/8       FFT,1,2,2,2,0,0,0,1,0,0,diode,xor
diode_xor,8,16,NonOverlappingTemplate,1,8,8,1.0,False,,False,  1   0   1   0   0   2   2   2   0   0     ----       8/8       NonOverlappingTemplate,1,0,1,0,0,2,2,2,0,0,diode,xor
diode_xor,8,17,NonOverlappingTemplate,2,8,8,1.0,False,,False,  1   1   1   1   1   2   0   1   0   0     ----       8/8       NonOverlappingTemplate,1,1,1,1,1,2,0,1,0,0,diode,xor
diode_xor,8,18,NonOverlappingTemplate,3,8,8,1.0,False,,False,  2   1   0   1   0   0   0   3   1   0     ----       8/8       NonOverlappingTemplate,2,1,0,1,0,0,0,3,1,0,diode,xor
diode_xor,8,19,NonOverlappingTemplate,4,8,8,1.0,False,,False,  0   1   1   0   1   1   1   3   0   0     ----       8/8       NonOverlappingTemplate,0,1,1,0,1,1,1,3,0,0,diode,xor
diode_xor,8,20,NonOverlappingTemplate,5,8,8,1.0,False,,False,  0   0   1   1   1   1   1   0   2   1     ----       8/8       NonOverlappingTemplate,0,0,1,1,1,1,1,0,2,1,diode,xor
diode_xor,8,21,NonOverlappingTemplate,6,8,8,1.0,False,,False,  1   2   1   1   1   0   0   1   1   0     ----       8/8       NonOverlappingTemplate,1,2,1,1,1,0,0,1,1,0,diode,xor
diode_xor,8,22,NonOverlappingTemplate,7,8,8,1.0,False,,False,  1   2   1   1   0   0   0   1   0   2     ----       8/8       NonOverlappingTemplate,1,2,1,1,0,0,0,1,0,2,diode,xor
diode_xor,8,23,NonOverlappingTemplate,8,8,8,1.0,False,,False,  1   3   2   0   0   1   0   0   0   1     ----       8/8       NonOverlappingTemplate,1,3,2,0,0,1,0,0,0,1,diode,xor
diode_xor,8,24,NonOverlappingTemplate,9,8,8,1.0,False,,False,  0   0   0   1   0   0   0   2   2   3     ----       8/8       NonOverlappingTemplate,0,0,0,1,0,0,0,2,2,3,diode,xor
diode_xor,8,25,NonOverlappingTemplate,10,8,8,1.0,False,,False,  1   1   1   0   0   1   1   1   2   0     ----       8/8       NonOverlappingTemplate,1,1,1,0,0,1,1,1,2,0,diode,xor
diode_xor,8,26,NonOverlappingTemplate,11,8,8,1.0,False,,False,  1   0   0   1   1   1   0   2   0   2     ----       8/8       NonOverlappingTemplate,1,0,0,1,1,1,0,2,0,2,diode,xor
diode_xor,8,27,NonOverlappingTemplate,12,8,8,1.0,False,,False,  1   1   0   2   0   1   1   1   0   1     ----       8/8       NonOverlappingTemplate,1,1,0,2,0,1,1,1,0,1,diode,xor
diode_xor,8,28,NonOverlappingTemplate,13,8,8,1.0,False,,False,  0   3   0   0   2   1   0   2   0   0     ----       8/8       NonOverlappingTemplate,0,3,0,0,2,1,0,2,0,0,diode,xor
diode_xor,8,29,NonOverlappingTemplate,14,8,8,1.0,False,,False,  1   1   1   0   0   0   1   0   4   0     ----       8/8       NonOverlappingTemplate,1,1,1,0,0,0,1,0,4,0,diode,xor
diode_xor,8,30,NonOverlappingTemplate,15,8,8,1.0,False,,False,  1   0   0   2   1   2   1   1   0   0     ----       8/8       NonOverlappingTemplate,1,0,0,2,1,2,1,1,0,0,diode,xor
diode_xor,8,31,NonOverlappingTemplate,16,8,8,1.0,False,,False,  0   1   0   1   1   2   0   0   2   1     ----       8/8       NonOverlappingTemplate,0,1,0,1,1,2,0,0,2,1,diode,xor
diode_xor,8,32,NonOverlappingTemplate,17,8,8,1.0,False,,False,  0   1   0   1   1   1   2   0   2   0     ----       8/8       NonOverlappingTemplate,0,1,0,1,1,1,2,0,2,0,diode,xor
diode_xor,8,33,NonOverlappingTemplate,18,8,8,1.0,False,,False,  1   2   0   1   2   0   1   0   1   0     ----       8/8       NonOverlappingTemplate,1,2,0,1,2,0,1,0,1,0,diode,xor
diode_xor,8,34,NonOverlappingTemplate,19,8,8,1.0,False,,False,  1   1   0   0   1   0   2   2   0   1     ----       8/8       NonOverlappingTemplate,1,1,0,0,1,0,2,2,0,1,diode,xor
diode_xor,8,35,NonOverlappingTemplate,20,8,8,1.0,False,,False,  0   1   2   1   0   2   1   0   0   1     ----       8/8       NonOverlappingTemplate,0,1,2,1,0,2,1,0,0,1,diode,xor
diode_xor,8,36,NonOverlappingTemplate,21,8,8,1.0,False,,False,  0   0   1   1   1   0   2   0   2   1     ----       8/8       NonOverlappingTemplate,0,0,1,1,1,0,2,0,2,1,diode,xor
diode_xor,8,37,NonOverlappingTemplate,22,8,8,1.0,False,,False,  0   1   0   1   2   3   1   0   0   0     ----       8/8       NonOverlappingTemplate,0,1,0,1,2,3,1,0,0,0,diode,xor
diode_xor,8,38,NonOverlappingTemplate,23,8,8,1.0,False,,False,  0   1   2   1   0   0   0   2   1   1     ----       8/8       NonOverlappingTemplate,0,1,2,1,0,0,0,2,1,1,diode,xor
diode_xor,8,39,NonOverlappingTemplate,24,8,8,1.0,False,,False,  0   1   2   2   1   0   0   0   1   1     ----       8/8       NonOverlappingTemplate,0,1,2,2,1,0,0,0,1,1,diode,xor
diode_xor,8,40,NonOverlappingTemplate,25,8,8,1.0,False,,False,  1   3   0   0   2   0   1   0   0   1     ----       8/8       NonOverlappingTemplate,1,3,0,0,2,0,1,0,0,1,diode,xor
diode_xor,8,41,NonOverlappingTemplate,26,8,8,1.0,False,,False,  1   0   0   3   0   0   2   0   2   0     ----       8/8       NonOverlappingTemplate,1,0,0,3,0,0,2,0,2,0,diode,xor
diode_xor,8,42,NonOverlappingTemplate,27,8,8,1.0,False,,False,  0   3   1   0   1   0   0   1   1   1     ----       8/8       NonOverlappingTemplate,0,3,1,0,1,0,0,1,1,1,diode,xor
diode_xor,8,43,NonOverlappingTemplate,28,8,8,1.0,False,,False,  0   0   0   2   0   2   1   1   1   1     ----       8/8       NonOverlappingTemplate,0,0,0,2,0,2,1,1,1,1,diode,xor
diode_xor,8,44,NonOverlappingTemplate,29,8,8,1.0,False,,False,  2   1   1   1   0   2   0   1   0   0     ----       8/8       NonOverlappingTemplate,2,1,1,1,0,2,0,1,0,0,diode,xor
diode_xor,8,45,NonOverlappingTemplate,30,8,8,1.0,False,,False,  0   1   0   1   3   1   0   0   2   0     ----       8/8       NonOverlappingTemplate,0,1,0,1,3,1,0,0,2,0,diode,xor
diode_xor,8,46,NonOverlappingTemplate,31,8,8,1.0,False,,False,  0   1   0   1   1   0   1   2   1   1     ----       8/8       NonOverlappingTemplate,0,1,0,1,1,0,1,2,1,1,diode,xor
diode_xor,8,47,NonOverlappingTemplate,32,8,8,1.0,False,,False,  1   2   0   2   0   1   0   0   1   1     ----       8/8       NonOverlappingTemplate,1,2,0,2,0,1,0,0,1,1,diode,xor
diode_xor,8,48,NonOverlappingTemplate,33,8,8,1.0,False,,False,  0   1   0   1   2   2   0   1   0   1     ----       8/8       NonOverlappingTemplate,0,1,0,1,2,2,0,1,0,1,diode,xor
diode_xor,8,49,NonOverlappingTemplate,34,8,8,1.0,False,,False,  0   0   3   0   1   1   2   0   0   1     ----       8/8       NonOverlappingTemplate,0,0,3,0,1,1,2,0,0,1,diode,xor
diode_xor,8,50,NonOverlappingTemplate,35,8,8,1.0,False,,False,  1   1   0   0   0   1   2   2   0   1     ----       8/8       NonOverlappingTemplate,1,1,0,0,0,1,2,2,0,1,diode,xor
diode_xor,8,51,NonOverlappingTemplate,36,7,8,0.875,False,,False,  2   0   1   1   1   1   1   0   0   1     ----       7/8       NonOverlappingTemplate,2,0,1,1,1,1,1,0,0,1,diode,xor
diode_xor,8,52,NonOverlappingTemplate,37,8,8,1.0,False,,False,  2   0   1   1   0   0   1   0   1   2     ----       8/8       NonOverlappingTemplate,2,0,1,1,0,0,1,0,1,2,diode,xor
diode_xor,8,53,NonOverlappingTemplate,38,8,8,1.0,False,,False,  0   0   1   0   0   2   3   0   1   1     ----       8/8       NonOverlappingTemplate,0,0,1,0,0,2,3,0,1,1,diode,xor
diode_xor,8,54,NonOverlappingTemplate,39,7,8,0.875,False,,False,  1   2   1   0   1   0   1   1   0   1     ----       7/8       NonOverlappingTemplate,1,2,1,0,1,0,1,1,0,1,diode,xor
diode_xor,8,55,NonOverlappingTemplate,40,8,8,1.0,False,,False,  0   2   1   1   1   0   0   1   1   1     ----       8/8       NonOverlappingTemplate,0,2,1,1,1,0,0,1,1,1,diode,xor
diode_xor,8,56,NonOverlappingTemplate,41,8,8,1.0,False,,False,  1   0   3   0   0   1   0   2   0   1     ----       8/8       NonOverlappingTemplate,1,0,3,0,0,1,0,2,0,1,diode,xor
diode_xor,8,57,NonOverlappingTemplate,42,8,8,1.0,False,,False,  1   0   1   0   2   0   0   2   1   1     ----       8/8       NonOverlappingTemplate,1,0,1,0,2,0,0,2,1,1,diode,xor
diode_xor,8,58,NonOverlappingTemplate,43,8,8,1.0,False,,False,  0   0   2   1   1   1   0   1   1   1     ----       8/8       NonOverlappingTemplate,0,0,2,1,1,1,0,1,1,1,diode,xor
diode_xor,8,59,NonOverlappingTemplate,44,8,8,1.0,False,,False,  1   0   1   1   3   0   1   0   0   1     ----       8/8       NonOverlappingTemplate,1,0,1,1,3,0,1,0,0,1,diode,xor
diode_xor,8,60,NonOverlappingTemplate,45,8,8,1.0,False,,False,  1   1   0   0   0   1   1   2   2   0     ----       8/8       NonOverlappingTemplate,1,1,0,0,0,1,1,2,2,0,diode,xor
diode_xor,8,61,NonOverlappingTemplate,46,8,8,1.0,False,,False,  1   0   3   1   2   0   0   0   1   0     ----       8/8       NonOverlappingTemplate,1,0,3,1,2,0,0,0,1,0,diode,xor
diode_xor,8,62,NonOverlappingTemplate,47,8,8,1.0,False,,False,  0   0   4   0   0   1   0   2   0   1     ----       8/8       NonOverlappingTemplate,0,0,4,0,0,1,0,2,0,1,diode,xor
diode_xor,8,63,NonOverlappingTemplate,48,8,8,1.0,False,,False,  0   0   0   3   1   1   0   0   0   3     ----       8/8       NonOverlappingTemplate,0,0,0,3,1,1,0,0,0,3,diode,xor
diode_xor,8,64,NonOverlappingTemplate,49,8,8,1.0,False,,False,  0   0   2   2   1   1   0   0   0   2     ----       8/8       NonOverlappingTemplate,0,0,2,2,1,1,0,0,0,2,diode,xor
diode_xor,8,65,NonOverlappingTemplate,50,8,8,1.0,False,,False,  1   0   1   2   0   0   0   2   2   0     ----       8/8       NonOverlappingTemplate,1,0,1,2,0,0,0,2,2,0,diode,xor
diode_xor,8,66,NonOverlappingTemplate,51,8,8,1.0,False,,False,  1   1   0   1   2   2   0   0   1   0     ----       8/8       NonOverlappingTemplate,1,1,0,1,2,2,0,0,1,0,diode,xor
diode_xor,8,67,NonOverlappingTemplate,52,8,8,1.0,False,,False,  1   1   1   2   1   0   0   1   1   0     ----       8/8       NonOverlappingTemplate,1,1,1,2,1,0,0,1,1,0,diode,xor
diode_xor,8,68,NonOverlappingTemplate,53,8,8,1.0,False,,False,  0   0   0   0   3   1   0   3   0   1     ----       8/8       NonOverlappingTemplate,0,0,0,0,3,1,0,3,0,1,diode,xor
diode_xor,8,69,NonOverlappingTemplate,54,8,8,1.0,False,,False,  0   1   0   0   2   1   1   1   1   1     ----       8/8       NonOverlappingTemplate,0,1,0,0,2,1,1,1,1,1,diode,xor
diode_xor,8,70,NonOverlappingTemplate,55,8,8,1.0,False,,False,  1   0   2   0   2   0   2   0   0   1     ----       8/8       NonOverlappingTemplate,1,0,2,0,2,0,2,0,0,1,diode,xor
diode_xor,8,71,NonOverlappingTemplate,56,8,8,1.0,False,,False,  0   0   1   1   0   3   1   1   0   1     ----       8/8       NonOverlappingTemplate,0,0,1,1,0,3,1,1,0,1,diode,xor
diode_xor,8,72,NonOverlappingTemplate,57,8,8,1.0,False,,False,  2   0   0   2   2   0   0   0   2   0     ----       8/8       NonOverlappingTemplate,2,0,0,2,2,0,0,0,2,0,diode,xor
diode_xor,8,73,NonOverlappingTemplate,58,8,8,1.0,False,,False,  1   1   0   0   1   0   0   3   2   0     ----       8/8       NonOverlappingTemplate,1,1,0,0,1,0,0,3,2,0,diode,xor
diode_xor,8,74,NonOverlappingTemplate,59,8,8,1.0,False,,False,  0   0   0   0   0   0   2   4   1   1     ----       8/8       NonOverlappingTemplate,0,0,0,0,0,0,2,4,1,1,diode,xor
diode_xor,8,75,NonOverlappingTemplate,60,8,8,1.0,False,,False,  0   1   1   1   0   1   3   0   0   1     ----       8/8       NonOverlappingTemplate,0,1,1,1,0,1,3,0,0,1,diode,xor
diode_xor,8,76,NonOverlappingTemplate,61,8,8,1.0,False,,False,  1   2   0   0   0   2   0   1   0   2     ----       8/8       NonOverlappingTemplate,1,2,0,0,0,2,0,1,0,2,diode,xor
diode_xor,8,77,NonOverlappingTemplate,62,8,8,1.0,False,,False,  2   0   0   1   0   0   1   1   0   3     ----       8/8       NonOverlappingTemplate,2,0,0,1,0,0,1,1,0,3,diode,xor
diode_xor,8,78,NonOverlappingTemplate,63,8,8,1.0,False,,False,  0   0   2   0   2   3   0   0   0   1     ----       8/8       NonOverlappingTemplate,0,0,2,0,2,3,0,0,0,1,diode,xor
diode_xor,8,79,NonOverlappingTemplate,64,8,8,1.0,False,,False,  2   2   0   0   1   0   1   2   0   0     ----       8/8       NonOverlappingTemplate,2,2,0,0,1,0,1,2,0,0,diode,xor
diode_xor,8,80,NonOverlappingTemplate,65,8,8,1.0,False,,False,  1   0   0   0   2   0   1   2   2   0     ----       8/8       NonOverlappingTemplate,1,0,0,0,2,0,1,2,2,0,diode,xor
diode_xor,8,81,NonOverlappingTemplate,66,8,8,1.0,False,,False,  1   0   0   2   0   1   1   1   2   0     ----       8/8       NonOverlappingTemplate,1,0,0,2,0,1,1,1,2,0,diode,xor
diode_xor,8,82,NonOverlappingTemplate,67,8,8,1.0,False,,False,  0   1   0   3   0   0   0   1   1   2     ----       8/8       NonOverlappingTemplate,0,1,0,3,0,0,0,1,1,2,diode,xor
diode_xor,8,83,NonOverlappingTemplate,68,8,8,1.0,False,,False,  1   1   1   1   0   0   1   2   1   0     ----       8/8       NonOverlappingTemplate,1,1,1,1,0,0,1,2,1,0,diode,xor
diode_xor,8,84,NonOverlappingTemplate,69,8,8,1.0,False,,False,  0   3   0   0   1   0   0   2   1   1     ----       8/8       NonOverlappingTemplate,0,3,0,0,1,0,0,2,1,1,diode,xor
diode_xor,8,85,NonOverlappingTemplate,70,8,8,1.0,False,,False,  0   1   0   1   2   0   3   0   1   0     ----       8/8       NonOverlappingTemplate,0,1,0,1,2,0,3,0,1,0,diode,xor
diode_xor,8,86,NonOverlappingTemplate,71,8,8,1.0,False,,False,  0   1   1   1   2   1   2   0   0   0     ----       8/8       NonOverlappingTemplate,0,1,1,1,2,1,2,0,0,0,diode,xor
diode_xor,8,87,NonOverlappingTemplate,72,8,8,1.0,False,,False,  0   1   0   0   2   0   0   1   3   1     ----       8/8       NonOverlappingTemplate,0,1,0,0,2,0,0,1,3,1,diode,xor
diode_xor,8,88,NonOverlappingTemplate,73,8,8,1.0,False,,False,  0   0   2   1   0   0   1   2   1   1     ----       8/8       NonOverlappingTemplate,0,0,2,1,0,0,1,2,1,1,diode,xor
diode_xor,8,89,NonOverlappingTemplate,74,8,8,1.0,False,,False,  2   1   0   3   0   2   0   0   0   0     ----       8/8       NonOverlappingTemplate,2,1,0,3,0,2,0,0,0,0,diode,xor
diode_xor,8,90,NonOverlappingTemplate,75,8,8,1.0,False,,False,  1   0   1   0   0   2   2   2   0   0     ----       8/8       NonOverlappingTemplate,1,0,1,0,0,2,2,2,0,0,diode,xor
diode_xor,8,91,NonOverlappingTemplate,76,7,8,0.875,False,,False,  1   0   1   2   0   2   1   0   1   0     ----       7/8       NonOverlappingTemplate,1,0,1,2,0,2,1,0,1,0,diode,xor
diode_xor,8,92,NonOverlappingTemplate,77,8,8,1.0,False,,False,  1   1   2   2   0   1   1   0   0   0     ----       8/8       NonOverlappingTemplate,1,1,2,2,0,1,1,0,0,0,diode,xor
diode_xor,8,93,NonOverlappingTemplate,78,8,8,1.0,False,,False,  1   2   0   1   0   1   2   0   0   1     ----       8/8       NonOverlappingTemplate,1,2,0,1,0,1,2,0,0,1,diode,xor
diode_xor,8,94,NonOverlappingTemplate,79,8,8,1.0,False,,False,  0   1   0   1   3   0   2   0   1   0     ----       8/8       NonOverlappingTemplate,0,1,0,1,3,0,2,0,1,0,diode,xor
diode_xor,8,95,NonOverlappingTemplate,80,8,8,1.0,False,,False,  0   1   0   0   2   1   3   0   1   0     ----       8/8       NonOverlappingTemplate,0,1,0,0,2,1,3,0,1,0,diode,xor
diode_xor,8,96,NonOverlappingTemplate,81,8,8,1.0,False,,False,  0   0   0   1   1   2   2   0   1   1     ----       8/8       NonOverlappingTemplate,0,0,0,1,1,2,2,0,1,1,diode,xor
diode_xor,8,97,NonOverlappingTemplate,82,8,8,1.0,False,,False,  1   1   2   0   1   0   1   0   0   2     ----       8/8       NonOverlappingTemplate,1,1,2,0,1,0,1,0,0,2,diode,xor
diode_xor,8,98,NonOverlappingTemplate,83,8,8,1.0,False,,False,  0   3   0   0   0   2   0   2   1   0     ----       8/8       NonOverlappingTemplate,0,3,0,0,0,2,0,2,1,0,diode,xor
diode_xor,8,99,NonOverlappingTemplate,84,8,8,1.0,False,,False,  0   1   0   1   1   2   1   0   2   0     ----       8/8       NonOverlappingTemplate,0,1,0,1,1,2,1,0,2,0,diode,xor
diode_xor,8,100,NonOverlappingTemplate,85,8,8,1.0,False,,False,  0   3   0   0   0   2   0   2   0   1     ----       8/8       NonOverlappingTemplate,0,3,0,0,0,2,0,2,0,1,diode,xor
diode_xor,8,101,NonOverlappingTemplate,86,8,8,1.0,False,,False,  2   1   1   0   1   0   0   1   0   2     ----       8/8       NonOverlappingTemplate,2,1,1,0,1,0,0,1,0,2,diode,xor
diode_xor,8,102,NonOverlappingTemplate,87,8,8,1.0,False,,False,  2   0   1   1   1   1   1   0   0   1     ----       8/8       NonOverlappingTemplate,2,0,1,1,1,1,1,0,0,1,diode,xor
diode_xor,8,103,NonOverlappingTemplate,88,8,8,1.0,False,,False,  1   0   1   1   1   0   1   1   1   1     ----       8/8       NonOverlappingTemplate,1,0,1,1,1,0,1,1,1,1,diode,xor
diode_xor,8,104,NonOverlappingTemplate,89,8,8,1.0,False,,False,  0   1   1   2   1   1   0   0   2   0     ----       8/8       NonOverlappingTemplate,0,1,1,2,1,1,0,0,2,0,diode,xor
diode_xor,8,105,NonOverlappingTemplate,90,8,8,1.0,False,,False,  0   0   0   2   2   1   1   1   1   0     ----       8/8       NonOverlappingTemplate,0,0,0,2,2,1,1,1,1,0,diode,xor
diode_xor,8,106,NonOverlappingTemplate,91,8,8,1.0,False,,False,  1   1   0   1   1   0   0   1   1   2     ----       8/8       NonOverlappingTemplate,1,1,0,1,1,0,0,1,1,2,diode,xor
diode_xor,8,107,NonOverlappingTemplate,92,8,8,1.0,False,,False,  1   0   1   0   0   2   0   1   1   2     ----       8/8       NonOverlappingTemplate,1,0,1,0,0,2,0,1,1,2,diode,xor
diode_xor,8,108,NonOverlappingTemplate,93,8,8,1.0,False,,False,  0   0   0   3   1   3   0   0   0   1     ----       8/8       NonOverlappingTemplate,0,0,0,3,1,3,0,0,0,1,diode,xor
diode_xor,8,109,NonOverlappingTemplate,94,8,8,1.0,False,,False,  3   0   0   1   0   1   1   1   0   1     ----       8/8       NonOverlappingTemplate,3,0,0,1,0,1,1,1,0,1,diode,xor
diode_xor,8,110,NonOverlappingTemplate,95,8,8,1.0,False,,False,  1   1   0   1   2   1   1   1   0   0     ----       8/8       NonOverlappingTemplate,1,1,0,1,2,1,1,1,0,0,diode,xor
diode_xor,8,111,NonOverlappingTemplate,96,8,8,1.0,False,,False,  1   0   0   1   1   0   1   3   1   0     ----       8/8       NonOverlappingTemplate,1,0,0,1,1,0,1,3,1,0,diode,xor
diode_xor,8,112,NonOverlappingTemplate,97,8,8,1.0,False,,False,  0   0   1   0   0   3   1   2   1   0     ----       8/8       NonOverlappingTemplate,0,0,1,0,0,3,1,2,1,0,diode,xor
diode_xor,8,113,NonOverlappingTemplate,98,8,8,1.0,False,,False,  0   0   1   2   0   0   2   3   0   0     ----       8/8       NonOverlappingTemplate,0,0,1,2,0,0,2,3,0,0,diode,xor
diode_xor,8,114,NonOverlappingTemplate,99,8,8,1.0,False,,False,  0   0   1   1   1   1   1   1   1   1     ----       8/8       NonOverlappingTemplate,0,0,1,1,1,1,1,1,1,1,diode,xor
diode_xor,8,115,NonOverlappingTemplate,100,8,8,1.0,False,,False,  0   1   2   0   0   2   0   2   1   0     ----       8/8       NonOverlappingTemplate,0,1,2,0,0,2,0,2,1,0,diode,xor
diode_xor,8,116,NonOverlappingTemplate,101,8,8,1.0,False,,False,  1   0   2   0   1   1   1   0   1   1     ----       8/8       NonOverlappingTemplate,1,0,2,0,1,1,1,0,1,1,diode,xor
diode_xor,8,117,NonOverlappingTemplate,102,8,8,1.0,False,,False,  1   3   1   0   0   1   1   0   1   0     ----       8/8       NonOverlappingTemplate,1,3,1,0,0,1,1,0,1,0,diode,xor
diode_xor,8,118,NonOverlappingTemplate,103,8,8,1.0,False,,False,  0   1   0   2   1   1   0   1   1   1     ----       8/8       NonOverlappingTemplate,0,1,0,2,1,1,0,1,1,1,diode,xor
diode_xor,8,119,NonOverlappingTemplate,104,8,8,1.0,False,,False,  3   0   0   2   1   0   1   0   0   1     ----       8/8       NonOverlappingTemplate,3,0,0,2,1,0,1,0,0,1,diode,xor
diode_xor,8,120,NonOverlappingTemplate,105,8,8,1.0,False,,False,  2   0   3   0   1   1   0   1   0   0     ----       8/8       NonOverlappingTemplate,2,0,3,0,1,1,0,1,0,0,diode,xor
diode_xor,8,121,NonOverlappingTemplate,106,8,8,1.0,False,,False,  1   0   1   0   0   1   2   0   0   3     ----       8/8       NonOverlappingTemplate,1,0,1,0,0,1,2,0,0,3,diode,xor
diode_xor,8,122,NonOverlappingTemplate,107,8,8,1.0,False,,False,  0   0   2   0   1   0   0   0   3   2     ----       8/8       NonOverlappingTemplate,0,0,2,0,1,0,0,0,3,2,diode,xor
diode_xor,8,123,NonOverlappingTemplate,108,8,8,1.0,False,,False,  2   0   0   1   1   1   1   1   1   0     ----       8/8       NonOverlappingTemplate,2,0,0,1,1,1,1,1,1,0,diode,xor
diode_xor,8,124,NonOverlappingTemplate,109,8,8,1.0,False,,False,  0   0   0   1   1   2   2   0   2   0     ----       8/8       NonOverlappingTemplate,0,0,0,1,1,2,2,0,2,0,diode,xor
diode_xor,8,125,NonOverlappingTemplate,110,8,8,1.0,False,,False,  0   1   3   1   1   1   0   0   1   0     ----       8/8       NonOverlappingTemplate,0,1,3,1,1,1,0,0,1,0,diode,xor
diode_xor,8,126,NonOverlappingTemplate,111,8,8,1.0,False,,False,  1   2   1   1   1   0   1   0   0   1     ----       8/8       NonOverlappingTemplate,1,2,1,1,1,0,1,0,0,1,diode,xor
diode_xor,8,127,NonOverlappingTemplate,112,8,8,1.0,False,,False,  1   0   2   2   1   0   0   2   0   0     ----       8/8       NonOverlappingTemplate,1,0,2,2,1,0,0,2,0,0,diode,xor
diode_xor,8,128,NonOverlappingTemplate,113,8,8,1.0,False,,False,  1   1   1   0   1   0   2   0   0   2     ----       8/8       NonOverlappingTemplate,1,1,1,0,1,0,2,0,0,2,diode,xor
diode_xor,8,129,NonOverlappingTemplate,114,8,8,1.0,False,,False,  0   0   1   1   0   1   1   3   0   1     ----       8/8       NonOverlappingTemplate,0,0,1,1,0,1,1,3,0,1,diode,xor
diode_xor,8,130,NonOverlappingTemplate,115,8,8,1.0,False,,False,  0   1   1   0   1   0   0   1   3   1     ----       8/8       NonOverlappingTemplate,0,1,1,0,1,0,0,1,3,1,diode,xor
diode_xor,8,131,NonOverlappingTemplate,116,8,8,1.0,False,,False,  1   1   0   0   0   1   2   1   0   2     ----       8/8       NonOverlappingTemplate,1,1,0,0,0,1,2,1,0,2,diode,xor
diode_xor,8,132,NonOverlappingTemplate,117,8,8,1.0,False,,False,  1   1   1   2   0   0   0   1   1   1     ----       8/8       NonOverlappingTemplate,1,1,1,2,0,0,0,1,1,1,diode,xor
diode_xor,8,133,NonOverlappingTemplate,118,8,8,1.0,False,,False,  1   2   1   2   0   1   1   0   0   0     ----       8/8       NonOverlappingTemplate,1,2,1,2,0,1,1,0,0,0,diode,xor
diode_xor,8,134,NonOverlappingTemplate,119,8,8,1.0,False,,False,  0   1   3   0   2   0   1   0   1   0     ----       8/8       NonOverlappingTemplate,0,1,3,0,2,0,1,0,1,0,diode,xor
diode_xor,8,135,NonOverlappingTemplate,120,7,8,0.875,False,,False,  1   0   0   0   0   1   1   2   3   0     ----       7/8       NonOverlappingTemplate,1,0,0,0,0,1,1,2,3,0,diode,xor
diode_xor,8,136,NonOverlappingTemplate,121,8,8,1.0,False,,False,  2   0   1   1   1   0   0   1   0   2     ----       8/8       NonOverlappingTemplate,2,0,1,1,1,0,0,1,0,2,diode,xor
diode_xor,8,137,NonOverlappingTemplate,122,8,8,1.0,False,,False,  1   0   2   1   1   1   1   0   1   0     ----       8/8       NonOverlappingTemplate,1,0,2,1,1,1,1,0,1,0,diode,xor
diode_xor,8,138,NonOverlappingTemplate,123,8,8,1.0,False,,False,  1   1   0   2   0   2   1   0   1   0     ----       8/8       NonOverlappingTemplate,1,1,0,2,0,2,1,0,1,0,diode,xor
diode_xor,8,139,NonOverlappingTemplate,124,7,8,0.875,False,,False,  2   2   0   0   1   0   1   1   1   0     ----       7/8       NonOverlappingTemplate,2,2,0,0,1,0,1,1,1,0,diode,xor
diode_xor,8,140,NonOverlappingTemplate,125,8,8,1.0,False,,False,  0   3   1   1   2   0   0   0   1   0     ----       8/8       NonOverlappingTemplate,0,3,1,1,2,0,0,0,1,0,diode,xor
diode_xor,8,141,NonOverlappingTemplate,126,8,8,1.0,False,,False,  1   0   2   1   1   1   0   1   0   1     ----       8/8       NonOverlappingTemplate,1,0,2,1,1,1,0,1,0,1,diode,xor
diode_xor,8,142,NonOverlappingTemplate,127,8,8,1.0,False,,False,  0   1   2   0   2   0   0   3   0   0     ----       8/8       NonOverlappingTemplate,0,1,2,0,2,0,0,3,0,0,diode,xor
diode_xor,8,143,NonOverlappingTemplate,128,8,8,1.0,False,,False,  1   1   2   0   1   0   0   2   1   0     ----       8/8       NonOverlappingTemplate,1,1,2,0,1,0,0,2,1,0,diode,xor
diode_xor,8,144,NonOverlappingTemplate,129,8,8,1.0,False,,False,  0   2   3   0   1   1   0   1   0   0     ----       8/8       NonOverlappingTemplate,0,2,3,0,1,1,0,1,0,0,diode,xor
diode_xor,8,145,NonOverlappingTemplate,130,7,8,0.875,False,,False,  1   0   0   0   3   1   0   2   0   1     ----       7/8       NonOverlappingTemplate,1,0,0,0,3,1,0,2,0,1,diode,xor
diode_xor,8,146,NonOverlappingTemplate,131,8,8,1.0,False,,False,  0   0   0   0   1   1   2   1   1   2     ----       8/8       NonOverlappingTemplate,0,0,0,0,1,1,2,1,1,2,diode,xor
diode_xor,8,147,NonOverlappingTemplate,132,8,8,1.0,False,,False,  0   0   1   1   1   2   1   1   0   1     ----       8/8       NonOverlappingTemplate,0,0,1,1,1,2,1,1,0,1,diode,xor
diode_xor,8,148,NonOverlappingTemplate,133,8,8,1.0,False,,False,  0   1   0   0   3   2   1   0   1   0     ----       8/8       NonOverlappingTemplate,0,1,0,0,3,2,1,0,1,0,diode,xor
diode_xor,8,149,NonOverlappingTemplate,134,8,8,1.0,False,,False,  0   1   2   1   1   0   1   2   0   0     ----       8/8       NonOverlappingTemplate,0,1,2,1,1,0,1,2,0,0,diode,xor
diode_xor,8,150,NonOverlappingTemplate,135,8,8,1.0,False,,False,  3   0   2   0   1   0   0   1   0   1     ----       8/8       NonOverlappingTemplate,3,0,2,0,1,0,0,1,0,1,diode,xor
diode_xor,8,151,NonOverlappingTemplate,136,8,8,1.0,False,,False,  2   0   1   0   1   0   1   1   1   1     ----       8/8       NonOverlappingTemplate,2,0,1,0,1,0,1,1,1,1,diode,xor
diode_xor,8,152,NonOverlappingTemplate,137,8,8,1.0,False,,False,  0   1   1   1   1   0   1   3   0   0     ----       8/8       NonOverlappingTemplate,0,1,1,1,1,0,1,3,0,0,diode,xor
diode_xor,8,153,NonOverlappingTemplate,138,8,8,1.0,False,,False,  1   3   0   1   1   0   0   1   1   0     ----       8/8       NonOverlappingTemplate,1,3,0,1,1,0,0,1,1,0,diode,xor
diode_xor,8,154,NonOverlappingTemplate,139,8,8,1.0,False,,False,  1   2   1   1   0   1   1   0   1   0     ----       8/8       NonOverlappingTemplate,1,2,1,1,0,1,1,0,1,0,diode,xor
diode_xor,8,155,NonOverlappingTemplate,140,8,8,1.0,False,,False,  0   1   0   2   2   1   1   0   0   1     ----       8/8       NonOverlappingTemplate,0,1,0,2,2,1,1,0,0,1,diode,xor
diode_xor,8,156,NonOverlappingTemplate,141,8,8,1.0,False,,False,  0   1   1   1   1   0   0   2   1   1     ----       8/8       NonOverlappingTemplate,0,1,1,1,1,0,0,2,1,1,diode,xor
diode_xor,8,157,NonOverlappingTemplate,142,7,8,0.875,False,,False,  1   1   1   1   0   1   1   0   0   2     ----       7/8       NonOverlappingTemplate,1,1,1,1,0,1,1,0,0,2,diode,xor
diode_xor,8,158,NonOverlappingTemplate,143,8,8,1.0,False,,False,  0   0   3   0   1   0   0   0   4   0     ----       8/8       NonOverlappingTemplate,0,0,3,0,1,0,0,0,4,0,diode,xor
diode_xor,8,159,NonOverlappingTemplate,144,8,8,1.0,False,,False,  1   1   1   0   0   1   1   0   0   3     ----       8/8       NonOverlappingTemplate,1,1,1,0,0,1,1,0,0,3,diode,xor
diode_xor,8,160,NonOverlappingTemplate,145,8,8,1.0,False,,False,  1   2   0   0   1   1   0   2   1   0     ----       8/8       NonOverlappingTemplate,1,2,0,0,1,1,0,2,1,0,diode,xor
diode_xor,8,161,NonOverlappingTemplate,146,7,8,0.875,False,,False,  3   0   2   0   0   2   0   1   0   0     ----       7/8       NonOverlappingTemplate,3,0,2,0,0,2,0,1,0,0,diode,xor
diode_xor,8,162,NonOverlappingTemplate,147,8,8,1.0,False,,False,  0   1   2   0   1   1   1   0   2   0     ----       8/8       NonOverlappingTemplate,0,1,2,0,1,1,1,0,2,0,diode,xor
diode_xor,8,163,NonOverlappingTemplate,148,8,8,1.0,False,,False,  2   1   0   3   0   2   0   0   0   0     ----       8/8       NonOverlappingTemplate,2,1,0,3,0,2,0,0,0,0,diode,xor
diode_xor,8,164,OverlappingTemplate,1,8,8,1.0,False,,False,  2   0   1   1   1   0   1   0   0   2     ----       8/8       OverlappingTemplate,2,0,1,1,1,0,1,0,0,2,diode,xor
diode_xor,8,165,Universal,1,7,8,0.875,False,,False,  2   2   0   0   0   0   1   1   2   0     ----       7/8       Universal,2,2,0,0,0,0,1,1,2,0,diode,xor
diode_xor,8,166,ApproximateEntropy,1,8,8,1.0,False,,False,  0   1   1   1   2   1   0   1   0   1     ----       8/8       ApproximateEntropy,0,1,1,1,2,1,0,1,0,1,diode,xor
diode_xor,8,167,RandomExcursions,1,5,5,1.0,False,,False,  0   0   0   2   0   0   1   0   1   1     ----       5/5       RandomExcursions,0,0,0,2,0,0,1,0,1,1,diode,xor
diode_xor,8,168,RandomExcursions,2,5,5,1.0,False,,False,  0   0   0   0   0   0   1   2   1   1     ----       5/5       RandomExcursions,0,0,0,0,0,0,1,2,1,1,diode,xor
diode_xor,8,169,RandomExcursions,3,5,5,1.0,False,,False,  1   0   1   1   1   0   0   0   1   0     ----       5/5       RandomExcursions,1,0,1,1,1,0,0,0,1,0,diode,xor
diode_xor,8,170,RandomExcursions,4,5,5,1.0,False,,False,  1   0   0   0   1   0   1   0   2   0     ----       5/5       RandomExcursions,1,0,0,0,1,0,1,0,2,0,diode,xor
diode_xor,8,171,RandomExcursions,5,5,5,1.0,False,,False,  1   0   1   2   0   1   0   0   0   0     ----       5/5       RandomExcursions,1,0,1,2,0,1,0,0,0,0,diode,xor
diode_xor,8,172,RandomExcursions,6,5,5,1.0,False,,False,  0   1   1   2   1   0   0   0   0   0     ----       5/5       RandomExcursions,0,1,1,2,1,0,0,0,0,0,diode,xor
diode_xor,8,173,RandomExcursions,7,5,5,1.0,False,,False,  0   0   0   0   0   0   2   1   1   1     ----       5/5       RandomExcursions,0,0,0,0,0,0,2,1,1,1,diode,xor
diode_xor,8,174,RandomExcursions,8,5,5,1.0,False,,False,  0   0   0   1   1   0   0   1   0   2     ----       5/5       RandomExcursions,0,0,0,1,1,0,0,1,0,2,diode,xor
diode_xor,8,175,RandomExcursionsVariant,1,5,5,1.0,False,,False,  0   1   1   0   1   0   0   2   0   0     ----       5/5       RandomExcursionsVariant,0,1,1,0,1,0,0,2,0,0,diode,xor
diode_xor,8,176,RandomExcursionsVariant,2,5,5,1.0,False,,False,  0   2   1   0   0   0   0   0   2   0     ----       5/5       RandomExcursionsVariant,0,2,1,0,0,0,0,0,2,0,diode,xor
diode_xor,8,177,RandomExcursionsVariant,3,5,5,1.0,False,,False,  1   0   2   0   0   0   0   1   0   1     ----       5/5       RandomExcursionsVariant,1,0,2,0,0,0,0,1,0,1,diode,xor
diode_xor,8,178,RandomExcursionsVariant,4,5,5,1.0,False,,False,  1   0   1   1   0   1   0   0   0   1     ----       5/5       RandomExcursionsVariant,1,0,1,1,0,1,0,0,0,1,diode,xor
diode_xor,8,179,RandomExcursionsVariant,5,5,5,1.0,False,,False,  1   1   0   0   2   0   0   0   0   1     ----       5/5       RandomExcursionsVariant,1,1,0,0,2,0,0,0,0,1,diode,xor
diode_xor,8,180,RandomExcursionsVariant,6,5,5,1.0,False,,False,  1   0   1   0   1   0   0   1   0   1     ----       5/5       RandomExcursionsVariant,1,0,1,0,1,0,0,1,0,1,diode,xor
diode_xor,8,181,RandomExcursionsVariant,7,5,5,1.0,False,,False,  0   1   0   0   1   1   0   0   2   0     ----       5/5       RandomExcursionsVariant,0,1,0,0,1,1,0,0,2,0,diode,xor
diode_xor,8,182,RandomExcursionsVariant,8,5,5,1.0,False,,False,  0   0   1   0   1   2   0   0   1   0     ----       5/5       RandomExcursionsVariant,0,0,1,0,1,2,0,0,1,0,diode,xor
diode_xor,8,183,RandomExcursionsVariant,9,5,5,1.0,False,,False,  0   0   0   1   2   0   2   0   0   0     ----       5/5       RandomExcursionsVariant,0,0,0,1,2,0,2,0,0,0,diode,xor
diode_xor,8,184,RandomExcursionsVariant,10,5,5,1.0,False,,False,  0   1   0   1   1   1   0   1   0   0     ----       5/5       RandomExcursionsVariant,0,1,0,1,1,1,0,1,0,0,diode,xor
diode_xor,8,185,RandomExcursionsVariant,11,5,5,1.0,False,,False,  0   2   1   1   0   0   1   0   0   0     ----       5/5       RandomExcursionsVariant,0,2,1,1,0,0,1,0,0,0,diode,xor
diode_xor,8,186,RandomExcursionsVariant,12,5,5,1.0,False,,False,  0   3   1   0   0   0   0   1   0   0     ----       5/5       RandomExcursionsVariant,0,3,1,0,0,0,0,1,0,0,diode,xor
diode_xor,8,187,RandomExcursionsVariant,13,5,5,1.0,False,,False,  0   3   0   1   0   0   0   0   0   1     ----       5/5       RandomExcursionsVariant,0,3,0,1,0,0,0,0,0,1,diode,xor
diode_xor,8,188,RandomExcursionsVariant,14,5,5,1.0,False,,False,  0   2   0   0   1   0   0   1   1   0     ----       5/5       RandomExcursionsVariant,0,2,0,0,1,0,0,1,1,0,diode,xor
diode_xor,8,189,RandomExcursionsVariant,15,5,5,1.0,False,,False,  0   2   0   0   0   0   0   2   1   0     ----       5/5       RandomExcursionsVariant,0,2,0,0,0,0,0,2,1,0,diode,xor
diode_xor,8,190,RandomExcursionsVariant,16,5,5,1.0,False,,False,  0   1   1   0   1   1   1   0   0   0     ----       5/5       RandomExcursionsVariant,0,1,1,0,1,1,1,0,0,0,diode,xor
diode_xor,8,191,RandomExcursionsVariant,17,5,5,1.0,False,,False,  0   1   2   0   0   1   1   0   0   0     ----       5/5       RandomExcursionsVariant,0,1,2,0,0,1,1,0,0,0,diode,xor
diode_xor,8,192,RandomExcursionsVariant,18,5,5,1.0,False,,False,  0   0   3   0   0   1   0   0   1   0     ----       5/5       RandomExcursionsVariant,0,0,3,0,0,1,0,0,1,0,diode,xor
diode_xor,8,193,Serial,1,8,8,1.0,False,,False,  1   1   3   0   1   1   0   0   1   0     ----       8/8       Serial,1,1,3,0,1,1,0,0,1,0,diode,xor
diode_xor,8,194,Serial,2,7,8,0.875,False,,False,  1   2   1   2   0   1   0   0   1   0     ----       7/8       Serial,1,2,1,2,0,1,0,0,1,0,diode,xor
diode_xor,8,195,LinearComplexity,1,8,8,1.0,False,,False,  0   0   2   1   1   2   0   0   1   1     ----       8/8       LinearComplexity,0,0,2,1,1,2,0,0,1,1,diode,xor
mls_raw,8,8,Frequency,1,8,8,1.0,False,,False,  1   1   1   1   0   1   0   1   1   1     ----       8/8       Frequency,1,1,1,1,0,1,0,1,1,1,mls,raw
mls_raw,8,9,BlockFrequency,1,8,8,1.0,False,,False,  1   2   0   1   1   0   1   0   1   1     ----       8/8       BlockFrequency,1,2,0,1,1,0,1,0,1,1,mls,raw
mls_raw,8,10,CumulativeSums,1,8,8,1.0,False,,False,  1   0   2   2   0   0   2   1   0   0     ----       8/8       CumulativeSums,1,0,2,2,0,0,2,1,0,0,mls,raw
mls_raw,8,11,CumulativeSums,2,8,8,1.0,False,,False,  1   1   1   0   2   1   2   0   0   0     ----       8/8       CumulativeSums,1,1,1,0,2,1,2,0,0,0,mls,raw
mls_raw,8,12,Runs,1,8,8,1.0,False,,False,  1   0   0   2   1   0   0   2   2   0     ----       8/8       Runs,1,0,0,2,1,0,0,2,2,0,mls,raw
mls_raw,8,13,LongestRun,1,8,8,1.0,False,,False,  0   2   0   3   1   0   1   0   0   1     ----       8/8       LongestRun,0,2,0,3,1,0,1,0,0,1,mls,raw
mls_raw,8,14,Rank,1,0,8,0.0,True,,False,  8   0   0   0   0   0   0   0   0   0     ----       0/8    *  Rank,8,0,0,0,0,0,0,0,0,0,mls,raw
mls_raw,8,15,FFT,1,7,8,0.875,False,,False,  2   2   0   0   3   1   0   0   0   0     ----       7/8       FFT,2,2,0,0,3,1,0,0,0,0,mls,raw
mls_raw,8,16,NonOverlappingTemplate,1,8,8,1.0,False,,False,  2   1   3   0   0   0   0   1   1   0     ----       8/8       NonOverlappingTemplate,2,1,3,0,0,0,0,1,1,0,mls,raw
mls_raw,8,17,NonOverlappingTemplate,2,8,8,1.0,False,,False,  1   0   1   2   1   0   1   2   0   0     ----       8/8       NonOverlappingTemplate,1,0,1,2,1,0,1,2,0,0,mls,raw
mls_raw,8,18,NonOverlappingTemplate,3,8,8,1.0,False,,False,  0   0   0   3   0   4   0   0   1   0     ----       8/8       NonOverlappingTemplate,0,0,0,3,0,4,0,0,1,0,mls,raw
mls_raw,8,19,NonOverlappingTemplate,4,8,8,1.0,False,,False,  0   0   0   2   1   1   0   2   2   0     ----       8/8       NonOverlappingTemplate,0,0,0,2,1,1,0,2,2,0,mls,raw
mls_raw,8,20,NonOverlappingTemplate,5,8,8,1.0,False,,False,  0   2   1   2   0   0   0   0   1   2     ----       8/8       NonOverlappingTemplate,0,2,1,2,0,0,0,0,1,2,mls,raw
mls_raw,8,21,NonOverlappingTemplate,6,8,8,1.0,False,,False,  0   1   3   0   0   2   1   0   1   0     ----       8/8       NonOverlappingTemplate,0,1,3,0,0,2,1,0,1,0,mls,raw
mls_raw,8,22,NonOverlappingTemplate,7,8,8,1.0,False,,False,  2   1   0   1   2   1   0   0   0   1     ----       8/8       NonOverlappingTemplate,2,1,0,1,2,1,0,0,0,1,mls,raw
mls_raw,8,23,NonOverlappingTemplate,8,8,8,1.0,False,,False,  1   0   1   1   0   2   2   0   0   1     ----       8/8       NonOverlappingTemplate,1,0,1,1,0,2,2,0,0,1,mls,raw
mls_raw,8,24,NonOverlappingTemplate,9,8,8,1.0,False,,False,  0   0   0   0   2   0   3   2   0   1     ----       8/8       NonOverlappingTemplate,0,0,0,0,2,0,3,2,0,1,mls,raw
mls_raw,8,25,NonOverlappingTemplate,10,8,8,1.0,False,,False,  2   1   1   0   0   0   0   0   2   2     ----       8/8       NonOverlappingTemplate,2,1,1,0,0,0,0,0,2,2,mls,raw
mls_raw,8,26,NonOverlappingTemplate,11,7,8,0.875,False,,False,  2   0   0   0   0   3   0   2   0   1     ----       7/8       NonOverlappingTemplate,2,0,0,0,0,3,0,2,0,1,mls,raw
mls_raw,8,27,NonOverlappingTemplate,12,8,8,1.0,False,,False,  1   0   1   2   0   2   0   1   0   1     ----       8/8       NonOverlappingTemplate,1,0,1,2,0,2,0,1,0,1,mls,raw
mls_raw,8,28,NonOverlappingTemplate,13,8,8,1.0,False,,False,  0   0   1   1   0   0   0   2   2   2     ----       8/8       NonOverlappingTemplate,0,0,1,1,0,0,0,2,2,2,mls,raw
mls_raw,8,29,NonOverlappingTemplate,14,8,8,1.0,False,,False,  3   0   2   0   0   0   2   0   1   0     ----       8/8       NonOverlappingTemplate,3,0,2,0,0,0,2,0,1,0,mls,raw
mls_raw,8,30,NonOverlappingTemplate,15,8,8,1.0,False,,False,  0   1   0   2   0   1   3   1   0   0     ----       8/8       NonOverlappingTemplate,0,1,0,2,0,1,3,1,0,0,mls,raw
mls_raw,8,31,NonOverlappingTemplate,16,8,8,1.0,False,,False,  1   1   2   0   0   1   1   1   0   1     ----       8/8       NonOverlappingTemplate,1,1,2,0,0,1,1,1,0,1,mls,raw
mls_raw,8,32,NonOverlappingTemplate,17,8,8,1.0,False,,False,  0   0   2   2   1   0   1   0   0   2     ----       8/8       NonOverlappingTemplate,0,0,2,2,1,0,1,0,0,2,mls,raw
mls_raw,8,33,NonOverlappingTemplate,18,8,8,1.0,False,,False,  0   1   0   1   0   2   0   3   1   0     ----       8/8       NonOverlappingTemplate,0,1,0,1,0,2,0,3,1,0,mls,raw
mls_raw,8,34,NonOverlappingTemplate,19,8,8,1.0,False,,False,  0   1   0   0   2   2   1   0   0   2     ----       8/8       NonOverlappingTemplate,0,1,0,0,2,2,1,0,0,2,mls,raw
mls_raw,8,35,NonOverlappingTemplate,20,8,8,1.0,False,,False,  1   2   2   0   0   0   1   0   1   1     ----       8/8       NonOverlappingTemplate,1,2,2,0,0,0,1,0,1,1,mls,raw
mls_raw,8,36,NonOverlappingTemplate,21,8,8,1.0,False,,False,  0   0   0   1   0   0   1   3   0   3     ----       8/8       NonOverlappingTemplate,0,0,0,1,0,0,1,3,0,3,mls,raw
mls_raw,8,37,NonOverlappingTemplate,22,8,8,1.0,False,,False,  0   0   2   0   1   0   2   1   1   1     ----       8/8       NonOverlappingTemplate,0,0,2,0,1,0,2,1,1,1,mls,raw
mls_raw,8,38,NonOverlappingTemplate,23,8,8,1.0,False,,False,  0   0   1   2   1   2   1   0   1   0     ----       8/8       NonOverlappingTemplate,0,0,1,2,1,2,1,0,1,0,mls,raw
mls_raw,8,39,NonOverlappingTemplate,24,8,8,1.0,False,,False,  2   0   1   0   0   0   2   1   0   2     ----       8/8       NonOverlappingTemplate,2,0,1,0,0,0,2,1,0,2,mls,raw
mls_raw,8,40,NonOverlappingTemplate,25,8,8,1.0,False,,False,  1   0   1   0   3   1   0   1   0   1     ----       8/8       NonOverlappingTemplate,1,0,1,0,3,1,0,1,0,1,mls,raw
mls_raw,8,41,NonOverlappingTemplate,26,8,8,1.0,False,,False,  1   0   0   0   1   2   0   0   1   3     ----       8/8       NonOverlappingTemplate,1,0,0,0,1,2,0,0,1,3,mls,raw
mls_raw,8,42,NonOverlappingTemplate,27,8,8,1.0,False,,False,  0   2   1   1   1   1   2   0   0   0     ----       8/8       NonOverlappingTemplate,0,2,1,1,1,1,2,0,0,0,mls,raw
mls_raw,8,43,NonOverlappingTemplate,28,8,8,1.0,False,,False,  0   1   0   2   1   0   1   1   1   1     ----       8/8       NonOverlappingTemplate,0,1,0,2,1,0,1,1,1,1,mls,raw
mls_raw,8,44,NonOverlappingTemplate,29,8,8,1.0,False,,False,  2   0   3   0   1   0   1   1   0   0     ----       8/8       NonOverlappingTemplate,2,0,3,0,1,0,1,1,0,0,mls,raw
mls_raw,8,45,NonOverlappingTemplate,30,7,8,0.875,False,,False,  3   0   1   0   0   0   0   3   0   1     ----       7/8       NonOverlappingTemplate,3,0,1,0,0,0,0,3,0,1,mls,raw
mls_raw,8,46,NonOverlappingTemplate,31,8,8,1.0,False,,False,  0   1   0   0   1   0   3   2   0   1     ----       8/8       NonOverlappingTemplate,0,1,0,0,1,0,3,2,0,1,mls,raw
mls_raw,8,47,NonOverlappingTemplate,32,8,8,1.0,False,,False,  0   0   0   1   1   3   1   1   1   0     ----       8/8       NonOverlappingTemplate,0,0,0,1,1,3,1,1,1,0,mls,raw
mls_raw,8,48,NonOverlappingTemplate,33,8,8,1.0,False,,False,  1   1   0   0   0   1   0   2   3   0     ----       8/8       NonOverlappingTemplate,1,1,0,0,0,1,0,2,3,0,mls,raw
mls_raw,8,49,NonOverlappingTemplate,34,8,8,1.0,False,,False,  1   1   0   0   1   1   1   1   2   0     ----       8/8       NonOverlappingTemplate,1,1,0,0,1,1,1,1,2,0,mls,raw
mls_raw,8,50,NonOverlappingTemplate,35,8,8,1.0,False,,False,  0   0   1   1   2   2   0   1   1   0     ----       8/8       NonOverlappingTemplate,0,0,1,1,2,2,0,1,1,0,mls,raw
mls_raw,8,51,NonOverlappingTemplate,36,7,8,0.875,False,,False,  3   1   0   0   1   1   0   1   1   0     ----       7/8       NonOverlappingTemplate,3,1,0,0,1,1,0,1,1,0,mls,raw
mls_raw,8,52,NonOverlappingTemplate,37,8,8,1.0,False,,False,  0   0   1   2   2   0   0   0   0   3     ----       8/8       NonOverlappingTemplate,0,0,1,2,2,0,0,0,0,3,mls,raw
mls_raw,8,53,NonOverlappingTemplate,38,8,8,1.0,False,,False,  0   0   1   2   0   1   0   2   1   1     ----       8/8       NonOverlappingTemplate,0,0,1,2,0,1,0,2,1,1,mls,raw
mls_raw,8,54,NonOverlappingTemplate,39,8,8,1.0,False,,False,  0   0   0   3   0   0   1   1   2   1     ----       8/8       NonOverlappingTemplate,0,0,0,3,0,0,1,1,2,1,mls,raw
mls_raw,8,55,NonOverlappingTemplate,40,8,8,1.0,False,,False,  1   0   0   0   1   0   2   3   0   1     ----       8/8       NonOverlappingTemplate,1,0,0,0,1,0,2,3,0,1,mls,raw
mls_raw,8,56,NonOverlappingTemplate,41,8,8,1.0,False,,False,  0   0   0   0   4   0   1   2   1   0     ----       8/8       NonOverlappingTemplate,0,0,0,0,4,0,1,2,1,0,mls,raw
mls_raw,8,57,NonOverlappingTemplate,42,8,8,1.0,False,,False,  0   2   2   0   0   0   1   1   1   1     ----       8/8       NonOverlappingTemplate,0,2,2,0,0,0,1,1,1,1,mls,raw
mls_raw,8,58,NonOverlappingTemplate,43,8,8,1.0,False,,False,  0   0   2   0   1   0   1   3   1   0     ----       8/8       NonOverlappingTemplate,0,0,2,0,1,0,1,3,1,0,mls,raw
mls_raw,8,59,NonOverlappingTemplate,44,8,8,1.0,False,,False,  1   1   0   0   1   1   0   1   0   3     ----       8/8       NonOverlappingTemplate,1,1,0,0,1,1,0,1,0,3,mls,raw
mls_raw,8,60,NonOverlappingTemplate,45,8,8,1.0,False,,False,  2   2   0   2   0   1   0   0   1   0     ----       8/8       NonOverlappingTemplate,2,2,0,2,0,1,0,0,1,0,mls,raw
mls_raw,8,61,NonOverlappingTemplate,46,7,8,0.875,False,,False,  2   2   0   0   1   2   0   1   0   0     ----       7/8       NonOverlappingTemplate,2,2,0,0,1,2,0,1,0,0,mls,raw
mls_raw,8,62,NonOverlappingTemplate,47,8,8,1.0,False,,False,  0   1   0   0   0   2   1   2   1   1     ----       8/8       NonOverlappingTemplate,0,1,0,0,0,2,1,2,1,1,mls,raw
mls_raw,8,63,NonOverlappingTemplate,48,8,8,1.0,False,,False,  0   1   1   0   0   1   3   2   0   0     ----       8/8       NonOverlappingTemplate,0,1,1,0,0,1,3,2,0,0,mls,raw
mls_raw,8,64,NonOverlappingTemplate,49,8,8,1.0,False,,False,  1   1   1   2   1   0   0   2   0   0     ----       8/8       NonOverlappingTemplate,1,1,1,2,1,0,0,2,0,0,mls,raw
mls_raw,8,65,NonOverlappingTemplate,50,8,8,1.0,False,,False,  0   2   1   0   1   1   0   1   0   2     ----       8/8       NonOverlappingTemplate,0,2,1,0,1,1,0,1,0,2,mls,raw
mls_raw,8,66,NonOverlappingTemplate,51,7,8,0.875,False,,False,  1   0   2   1   0   0   1   0   1   2     ----       7/8       NonOverlappingTemplate,1,0,2,1,0,0,1,0,1,2,mls,raw
mls_raw,8,67,NonOverlappingTemplate,52,8,8,1.0,False,,False,  0   1   0   1   0   1   1   0   3   1     ----       8/8       NonOverlappingTemplate,0,1,0,1,0,1,1,0,3,1,mls,raw
mls_raw,8,68,NonOverlappingTemplate,53,8,8,1.0,False,,False,  1   1   0   3   1   1   0   0   0   1     ----       8/8       NonOverlappingTemplate,1,1,0,3,1,1,0,0,0,1,mls,raw
mls_raw,8,69,NonOverlappingTemplate,54,8,8,1.0,False,,False,  1   0   0   0   0   0   0   2   3   2     ----       8/8       NonOverlappingTemplate,1,0,0,0,0,0,0,2,3,2,mls,raw
mls_raw,8,70,NonOverlappingTemplate,55,8,8,1.0,False,,False,  0   0   1   0   1   1   1   1   0   3     ----       8/8       NonOverlappingTemplate,0,0,1,0,1,1,1,1,0,3,mls,raw
mls_raw,8,71,NonOverlappingTemplate,56,8,8,1.0,False,,False,  0   2   1   0   0   0   1   1   2   1     ----       8/8       NonOverlappingTemplate,0,2,1,0,0,0,1,1,2,1,mls,raw
mls_raw,8,72,NonOverlappingTemplate,57,8,8,1.0,False,,False,  1   1   1   0   0   1   0   1   1   2     ----       8/8       NonOverlappingTemplate,1,1,1,0,0,1,0,1,1,2,mls,raw
mls_raw,8,73,NonOverlappingTemplate,58,8,8,1.0,False,,False,  0   0   0   1   1   1   1   2   0   2     ----       8/8       NonOverlappingTemplate,0,0,0,1,1,1,1,2,0,2,mls,raw
mls_raw,8,74,NonOverlappingTemplate,59,8,8,1.0,False,,False,  1   1   1   0   1   2   0   0   1   1     ----       8/8       NonOverlappingTemplate,1,1,1,0,1,2,0,0,1,1,mls,raw
mls_raw,8,75,NonOverlappingTemplate,60,8,8,1.0,False,,False,  1   3   0   2   1   1   0   0   0   0     ----       8/8       NonOverlappingTemplate,1,3,0,2,1,1,0,0,0,0,mls,raw
mls_raw,8,76,NonOverlappingTemplate,61,8,8,1.0,False,,False,  1   0   0   1   0   0   2   0   2   2     ----       8/8       NonOverlappingTemplate,1,0,0,1,0,0,2,0,2,2,mls,raw
mls_raw,8,77,NonOverlappingTemplate,62,8,8,1.0,False,,False,  0   2   0   1   0   1   1   0   1   2     ----       8/8       NonOverlappingTemplate,0,2,0,1,0,1,1,0,1,2,mls,raw
mls_raw,8,78,NonOverlappingTemplate,63,8,8,1.0,False,,False,  1   0   0   1   3   0   0   1   0   2     ----       8/8       NonOverlappingTemplate,1,0,0,1,3,0,0,1,0,2,mls,raw
mls_raw,8,79,NonOverlappingTemplate,64,8,8,1.0,False,,False,  0   0   1   0   0   0   2   1   2   2     ----       8/8       NonOverlappingTemplate,0,0,1,0,0,0,2,1,2,2,mls,raw
mls_raw,8,80,NonOverlappingTemplate,65,8,8,1.0,False,,False,  0   2   2   1   1   0   2   0   0   0     ----       8/8       NonOverlappingTemplate,0,2,2,1,1,0,2,0,0,0,mls,raw
mls_raw,8,81,NonOverlappingTemplate,66,8,8,1.0,False,,False,  0   2   1   0   1   0   1   1   2   0     ----       8/8       NonOverlappingTemplate,0,2,1,0,1,0,1,1,2,0,mls,raw
mls_raw,8,82,NonOverlappingTemplate,67,8,8,1.0,False,,False,  1   0   0   0   2   1   1   1   0   2     ----       8/8       NonOverlappingTemplate,1,0,0,0,2,1,1,1,0,2,mls,raw
mls_raw,8,83,NonOverlappingTemplate,68,7,8,0.875,False,,False,  1   3   0   0   2   1   0   0   1   0     ----       7/8       NonOverlappingTemplate,1,3,0,0,2,1,0,0,1,0,mls,raw
mls_raw,8,84,NonOverlappingTemplate,69,7,8,0.875,False,,False,  3   1   1   0   0   0   1   0   2   0     ----       7/8       NonOverlappingTemplate,3,1,1,0,0,0,1,0,2,0,mls,raw
mls_raw,8,85,NonOverlappingTemplate,70,8,8,1.0,False,,False,  0   0   1   1   1   0   0   2   2   1     ----       8/8       NonOverlappingTemplate,0,0,1,1,1,0,0,2,2,1,mls,raw
mls_raw,8,86,NonOverlappingTemplate,71,8,8,1.0,False,,False,  2   1   2   0   0   1   0   1   1   0     ----       8/8       NonOverlappingTemplate,2,1,2,0,0,1,0,1,1,0,mls,raw
mls_raw,8,87,NonOverlappingTemplate,72,8,8,1.0,False,,False,  1   1   1   0   2   0   0   0   3   0     ----       8/8       NonOverlappingTemplate,1,1,1,0,2,0,0,0,3,0,mls,raw
mls_raw,8,88,NonOverlappingTemplate,73,8,8,1.0,False,,False,  2   0   2   0   0   2   0   0   0   2     ----       8/8       NonOverlappingTemplate,2,0,2,0,0,2,0,0,0,2,mls,raw
mls_raw,8,89,NonOverlappingTemplate,74,8,8,1.0,False,,False,  1   1   1   0   1   0   1   0   2   1     ----       8/8       NonOverlappingTemplate,1,1,1,0,1,0,1,0,2,1,mls,raw
mls_raw,8,90,NonOverlappingTemplate,75,8,8,1.0,False,,False,  2   1   3   0   0   0   0   1   1   0     ----       8/8       NonOverlappingTemplate,2,1,3,0,0,0,0,1,1,0,mls,raw
mls_raw,8,91,NonOverlappingTemplate,76,7,8,0.875,False,,False,  2   1   0   0   0   1   1   2   1   0     ----       7/8       NonOverlappingTemplate,2,1,0,0,0,1,1,2,1,0,mls,raw
mls_raw,8,92,NonOverlappingTemplate,77,8,8,1.0,False,,False,  0   0   0   1   2   1   1   1   0   2     ----       8/8       NonOverlappingTemplate,0,0,0,1,2,1,1,1,0,2,mls,raw
mls_raw,8,93,NonOverlappingTemplate,78,8,8,1.0,False,,False,  0   3   0   1   1   0   0   1   2   0     ----       8/8       NonOverlappingTemplate,0,3,0,1,1,0,0,1,2,0,mls,raw
mls_raw,8,94,NonOverlappingTemplate,79,8,8,1.0,False,,False,  0   1   1   0   1   2   1   1   1   0     ----       8/8       NonOverlappingTemplate,0,1,1,0,1,2,1,1,1,0,mls,raw
mls_raw,8,95,NonOverlappingTemplate,80,8,8,1.0,False,,False,  0   1   2   1   0   1   1   1   0   1     ----       8/8       NonOverlappingTemplate,0,1,2,1,0,1,1,1,0,1,mls,raw
mls_raw,8,96,NonOverlappingTemplate,81,8,8,1.0,False,,False,  1   2   1   1   0   0   1   1   0   1     ----       8/8       NonOverlappingTemplate,1,2,1,1,0,0,1,1,0,1,mls,raw
mls_raw,8,97,NonOverlappingTemplate,82,8,8,1.0,False,,False,  1   2   0   2   0   0   1   1   0   1     ----       8/8       NonOverlappingTemplate,1,2,0,2,0,0,1,1,0,1,mls,raw
mls_raw,8,98,NonOverlappingTemplate,83,8,8,1.0,False,,False,  1   0   1   1   1   0   1   2   1   0     ----       8/8       NonOverlappingTemplate,1,0,1,1,1,0,1,2,1,0,mls,raw
mls_raw,8,99,NonOverlappingTemplate,84,8,8,1.0,False,,False,  0   0   1   1   2   1   0   1   2   0     ----       8/8       NonOverlappingTemplate,0,0,1,1,2,1,0,1,2,0,mls,raw
mls_raw,8,100,NonOverlappingTemplate,85,8,8,1.0,False,,False,  1   1   0   2   0   0   1   2   1   0     ----       8/8       NonOverlappingTemplate,1,1,0,2,0,0,1,2,1,0,mls,raw
mls_raw,8,101,NonOverlappingTemplate,86,8,8,1.0,False,,False,  1   2   0   0   2   1   1   0   1   0     ----       8/8       NonOverlappingTemplate,1,2,0,0,2,1,1,0,1,0,mls,raw
mls_raw,8,102,NonOverlappingTemplate,87,8,8,1.0,False,,False,  0   1   0   1   1   0   2   1   2   0     ----       8/8       NonOverlappingTemplate,0,1,0,1,1,0,2,1,2,0,mls,raw
mls_raw,8,103,NonOverlappingTemplate,88,8,8,1.0,False,,False,  1   1   2   0   0   2   0   1   0   1     ----       8/8       NonOverlappingTemplate,1,1,2,0,0,2,0,1,0,1,mls,raw
mls_raw,8,104,NonOverlappingTemplate,89,8,8,1.0,False,,False,  1   1   1   1   1   1   1   0   1   0     ----       8/8       NonOverlappingTemplate,1,1,1,1,1,1,1,0,1,0,mls,raw
mls_raw,8,105,NonOverlappingTemplate,90,8,8,1.0,False,,False,  1   1   0   0   1   1   0   1   3   0     ----       8/8       NonOverlappingTemplate,1,1,0,0,1,1,0,1,3,0,mls,raw
mls_raw,8,106,NonOverlappingTemplate,91,8,8,1.0,False,,False,  1   1   1   0   2   0   0   2   1   0     ----       8/8       NonOverlappingTemplate,1,1,1,0,2,0,0,2,1,0,mls,raw
mls_raw,8,107,NonOverlappingTemplate,92,8,8,1.0,False,,False,  0   2   0   2   1   2   0   1   0   0     ----       8/8       NonOverlappingTemplate,0,2,0,2,1,2,0,1,0,0,mls,raw
mls_raw,8,108,NonOverlappingTemplate,93,8,8,1.0,False,,False,  1   0   0   1   1   0   2   1   0   2     ----       8/8       NonOverlappingTemplate,1,0,0,1,1,0,2,1,0,2,mls,raw
mls_raw,8,109,NonOverlappingTemplate,94,8,8,1.0,False,,False,  0   2   2   0   1   1   0   0   1   1     ----       8/8       NonOverlappingTemplate,0,2,2,0,1,1,0,0,1,1,mls,raw
mls_raw,8,110,NonOverlappingTemplate,95,8,8,1.0,False,,False,  1   0   1   2   0   2   0   0   1   1     ----       8/8       NonOverlappingTemplate,1,0,1,2,0,2,0,0,1,1,mls,raw
mls_raw,8,111,NonOverlappingTemplate,96,8,8,1.0,False,,False,  1   1   0   2   1   0   2   1   0   0     ----       8/8       NonOverlappingTemplate,1,1,0,2,1,0,2,1,0,0,mls,raw
mls_raw,8,112,NonOverlappingTemplate,97,8,8,1.0,False,,False,  1   0   0   0   1   0   3   0   3   0     ----       8/8       NonOverlappingTemplate,1,0,0,0,1,0,3,0,3,0,mls,raw
mls_raw,8,113,NonOverlappingTemplate,98,8,8,1.0,False,,False,  0   0   0   3   1   1   0   1   2   0     ----       8/8       NonOverlappingTemplate,0,0,0,3,1,1,0,1,2,0,mls,raw
mls_raw,8,114,NonOverlappingTemplate,99,8,8,1.0,False,,False,  0   2   1   2   0   0   1   0   2   0     ----       8/8       NonOverlappingTemplate,0,2,1,2,0,0,1,0,2,0,mls,raw
mls_raw,8,115,NonOverlappingTemplate,100,8,8,1.0,False,,False,  1   0   1   0   1   2   0   2   0   1     ----       8/8       NonOverlappingTemplate,1,0,1,0,1,2,0,2,0,1,mls,raw
mls_raw,8,116,NonOverlappingTemplate,101,8,8,1.0,False,,False,  1   2   1   0   0   1   1   0   0   2     ----       8/8       NonOverlappingTemplate,1,2,1,0,0,1,1,0,0,2,mls,raw
mls_raw,8,117,NonOverlappingTemplate,102,8,8,1.0,False,,False,  0   0   2   0   1   0   2   1   1   1     ----       8/8       NonOverlappingTemplate,0,0,2,0,1,0,2,1,1,1,mls,raw
mls_raw,8,118,NonOverlappingTemplate,103,8,8,1.0,False,,False,  1   1   0   1   2   1   0   0   1   1     ----       8/8       NonOverlappingTemplate,1,1,0,1,2,1,0,0,1,1,mls,raw
mls_raw,8,119,NonOverlappingTemplate,104,8,8,1.0,False,,False,  1   0   1   2   0   2   0   0   2   0     ----       8/8       NonOverlappingTemplate,1,0,1,2,0,2,0,0,2,0,mls,raw
mls_raw,8,120,NonOverlappingTemplate,105,8,8,1.0,False,,False,  0   2   0   0   2   2   1   0   1   0     ----       8/8       NonOverlappingTemplate,0,2,0,0,2,2,1,0,1,0,mls,raw
mls_raw,8,121,NonOverlappingTemplate,106,8,8,1.0,False,,False,  0   0   1   2   2   0   3   0   0   0     ----       8/8       NonOverlappingTemplate,0,0,1,2,2,0,3,0,0,0,mls,raw
mls_raw,8,122,NonOverlappingTemplate,107,8,8,1.0,False,,False,  0   0   1   0   1   2   1   1   1   1     ----       8/8       NonOverlappingTemplate,0,0,1,0,1,2,1,1,1,1,mls,raw
mls_raw,8,123,NonOverlappingTemplate,108,8,8,1.0,False,,False,  1   0   2   1   1   1   1   0   1   0     ----       8/8       NonOverlappingTemplate,1,0,2,1,1,1,1,0,1,0,mls,raw
mls_raw,8,124,NonOverlappingTemplate,109,7,8,0.875,False,,False,  2   0   0   1   1   2   1   0   1   0     ----       7/8       NonOverlappingTemplate,2,0,0,1,1,2,1,0,1,0,mls,raw
mls_raw,8,125,NonOverlappingTemplate,110,8,8,1.0,False,,False,  2   0   1   0   1   0   3   0   0   1     ----       8/8       NonOverlappingTemplate,2,0,1,0,1,0,3,0,0,1,mls,raw
mls_raw,8,126,NonOverlappingTemplate,111,8,8,1.0,False,,False,  1   0   0   1   0   1   1   3   1   0     ----       8/8       NonOverlappingTemplate,1,0,0,1,0,1,1,3,1,0,mls,raw
mls_raw,8,127,NonOverlappingTemplate,112,7,8,0.875,False,,False,  3   1   1   1   0   0   0   1   1   0     ----       7/8       NonOverlappingTemplate,3,1,1,1,0,0,0,1,1,0,mls,raw
mls_raw,8,128,NonOverlappingTemplate,113,8,8,1.0,False,,False,  2   1   0   1   2   1   0   1   0   0     ----       8/8       NonOverlappingTemplate,2,1,0,1,2,1,0,1,0,0,mls,raw
mls_raw,8,129,NonOverlappingTemplate,114,8,8,1.0,False,,False,  0   2   0   0   1   2   1   0   1   1     ----       8/8       NonOverlappingTemplate,0,2,0,0,1,2,1,0,1,1,mls,raw
mls_raw,8,130,NonOverlappingTemplate,115,8,8,1.0,False,,False,  0   0   1   2   1   1   0   0   1   2     ----       8/8       NonOverlappingTemplate,0,0,1,2,1,1,0,0,1,2,mls,raw
mls_raw,8,131,NonOverlappingTemplate,116,8,8,1.0,False,,False,  0   0   3   2   1   0   0   1   1   0     ----       8/8       NonOverlappingTemplate,0,0,3,2,1,0,0,1,1,0,mls,raw
mls_raw,8,132,NonOverlappingTemplate,117,8,8,1.0,False,,False,  2   0   0   0   0   3   0   0   2   1     ----       8/8       NonOverlappingTemplate,2,0,0,0,0,3,0,0,2,1,mls,raw
mls_raw,8,133,NonOverlappingTemplate,118,8,8,1.0,False,,False,  0   1   0   1   2   1   0   0   1   2     ----       8/8       NonOverlappingTemplate,0,1,0,1,2,1,0,0,1,2,mls,raw
mls_raw,8,134,NonOverlappingTemplate,119,8,8,1.0,False,,False,  0   0   0   1   0   0   1   3   2   1     ----       8/8       NonOverlappingTemplate,0,0,0,1,0,0,1,3,2,1,mls,raw
mls_raw,8,135,NonOverlappingTemplate,120,8,8,1.0,False,,False,  0   3   2   0   1   0   1   0   0   1     ----       8/8       NonOverlappingTemplate,0,3,2,0,1,0,1,0,0,1,mls,raw
mls_raw,8,136,NonOverlappingTemplate,121,8,8,1.0,False,,False,  1   2   1   1   0   1   0   0   0   2     ----       8/8       NonOverlappingTemplate,1,2,1,1,0,1,0,0,0,2,mls,raw
mls_raw,8,137,NonOverlappingTemplate,122,8,8,1.0,False,,False,  0   0   2   0   2   1   1   0   0   2     ----       8/8       NonOverlappingTemplate,0,0,2,0,2,1,1,0,0,2,mls,raw
mls_raw,8,138,NonOverlappingTemplate,123,8,8,1.0,False,,False,  0   1   2   0   0   2   0   2   1   0     ----       8/8       NonOverlappingTemplate,0,1,2,0,0,2,0,2,1,0,mls,raw
mls_raw,8,139,NonOverlappingTemplate,124,8,8,1.0,False,,False,  1   0   1   1   1   2   0   0   1   1     ----       8/8       NonOverlappingTemplate,1,0,1,1,1,2,0,0,1,1,mls,raw
mls_raw,8,140,NonOverlappingTemplate,125,8,8,1.0,False,,False,  1   0   1   0   2   1   1   1   0   1     ----       8/8       NonOverlappingTemplate,1,0,1,0,2,1,1,1,0,1,mls,raw
mls_raw,8,141,NonOverlappingTemplate,126,8,8,1.0,False,,False,  1   0   1   0   1   4   1   0   0   0     ----       8/8       NonOverlappingTemplate,1,0,1,0,1,4,1,0,0,0,mls,raw
mls_raw,8,142,NonOverlappingTemplate,127,8,8,1.0,False,,False,  1   0   1   2   0   0   0   0   3   1     ----       8/8       NonOverlappingTemplate,1,0,1,2,0,0,0,0,3,1,mls,raw
mls_raw,8,143,NonOverlappingTemplate,128,8,8,1.0,False,,False,  0   1   1   1   0   1   1   1   0   2     ----       8/8       NonOverlappingTemplate,0,1,1,1,0,1,1,1,0,2,mls,raw
mls_raw,8,144,NonOverlappingTemplate,129,8,8,1.0,False,,False,  1   0   3   0   0   1   1   1   0   1     ----       8/8       NonOverlappingTemplate,1,0,3,0,0,1,1,1,0,1,mls,raw
mls_raw,8,145,NonOverlappingTemplate,130,8,8,1.0,False,,False,  1   2   1   0   0   2   1   0   1   0     ----       8/8       NonOverlappingTemplate,1,2,1,0,0,2,1,0,1,0,mls,raw
mls_raw,8,146,NonOverlappingTemplate,131,8,8,1.0,False,,False,  1   0   0   2   1   0   0   1   2   1     ----       8/8       NonOverlappingTemplate,1,0,0,2,1,0,0,1,2,1,mls,raw
mls_raw,8,147,NonOverlappingTemplate,132,8,8,1.0,False,,False,  2   1   1   0   0   2   0   0   1   1     ----       8/8       NonOverlappingTemplate,2,1,1,0,0,2,0,0,1,1,mls,raw
mls_raw,8,148,NonOverlappingTemplate,133,8,8,1.0,False,,False,  0   0   2   2   1   1   0   1   0   1     ----       8/8       NonOverlappingTemplate,0,0,2,2,1,1,0,1,0,1,mls,raw
mls_raw,8,149,NonOverlappingTemplate,134,8,8,1.0,False,,False,  2   1   0   1   0   3   1   0   0   0     ----       8/8       NonOverlappingTemplate,2,1,0,1,0,3,1,0,0,0,mls,raw
mls_raw,8,150,NonOverlappingTemplate,135,8,8,1.0,False,,False,  0   0   1   1   2   1   2   0   1   0     ----       8/8       NonOverlappingTemplate,0,0,1,1,2,1,2,0,1,0,mls,raw
mls_raw,8,151,NonOverlappingTemplate,136,8,8,1.0,False,,False,  2   2   1   0   0   0   2   1   0   0     ----       8/8       NonOverlappingTemplate,2,2,1,0,0,0,2,1,0,0,mls,raw
mls_raw,8,152,NonOverlappingTemplate,137,8,8,1.0,False,,False,  1   2   2   1   1   0   0   0   1   0     ----       8/8       NonOverlappingTemplate,1,2,2,1,1,0,0,0,1,0,mls,raw
mls_raw,8,153,NonOverlappingTemplate,138,8,8,1.0,False,,False,  0   1   1   0   1   0   1   2   1   1     ----       8/8       NonOverlappingTemplate,0,1,1,0,1,0,1,2,1,1,mls,raw
mls_raw,8,154,NonOverlappingTemplate,139,8,8,1.0,False,,False,  0   1   0   1   3   1   1   0   1   0     ----       8/8       NonOverlappingTemplate,0,1,0,1,3,1,1,0,1,0,mls,raw
mls_raw,8,155,NonOverlappingTemplate,140,8,8,1.0,False,,False,  0   0   0   3   3   0   0   0   1   1     ----       8/8       NonOverlappingTemplate,0,0,0,3,3,0,0,0,1,1,mls,raw
mls_raw,8,156,NonOverlappingTemplate,141,8,8,1.0,False,,False,  1   1   1   1   1   0   1   1   1   0     ----       8/8       NonOverlappingTemplate,1,1,1,1,1,0,1,1,1,0,mls,raw
mls_raw,8,157,NonOverlappingTemplate,142,7,8,0.875,False,,False,  2   1   1   1   0   0   0   2   0   1     ----       7/8       NonOverlappingTemplate,2,1,1,1,0,0,0,2,0,1,mls,raw
mls_raw,8,158,NonOverlappingTemplate,143,8,8,1.0,False,,False,  2   1   2   1   1   0   0   1   0   0     ----       8/8       NonOverlappingTemplate,2,1,2,1,1,0,0,1,0,0,mls,raw
mls_raw,8,159,NonOverlappingTemplate,144,8,8,1.0,False,,False,  1   0   2   0   1   0   2   0   2   0     ----       8/8       NonOverlappingTemplate,1,0,2,0,1,0,2,0,2,0,mls,raw
mls_raw,8,160,NonOverlappingTemplate,145,8,8,1.0,False,,False,  5   1   1   0   0   0   0   0   0   1     ----       8/8       NonOverlappingTemplate,5,1,1,0,0,0,0,0,0,1,mls,raw
mls_raw,8,161,NonOverlappingTemplate,146,8,8,1.0,False,,False,  0   3   1   1   0   1   0   1   1   0     ----       8/8       NonOverlappingTemplate,0,3,1,1,0,1,0,1,1,0,mls,raw
mls_raw,8,162,NonOverlappingTemplate,147,8,8,1.0,False,,False,  2   2   0   2   0   2   0   0   0   0     ----       8/8       NonOverlappingTemplate,2,2,0,2,0,2,0,0,0,0,mls,raw
mls_raw,8,163,NonOverlappingTemplate,148,8,8,1.0,False,,False,  1   1   1   0   1   0   1   0   2   1     ----       8/8       NonOverlappingTemplate,1,1,1,0,1,0,1,0,2,1,mls,raw
mls_raw,8,164,OverlappingTemplate,1,8,8,1.0,False,,False,  0   2   0   0   0   1   3   1   0   1     ----       8/8       OverlappingTemplate,0,2,0,0,0,1,3,1,0,1,mls,raw
mls_raw,8,165,Universal,1,8,8,1.0,False,,False,  0   0   1   2   1   0   1   0   2   1     ----       8/8       Universal,0,0,1,2,1,0,1,0,2,1,mls,raw
mls_raw,8,166,ApproximateEntropy,1,7,8,0.875,False,,False,  3   0   0   1   1   1   1   0   0   1     ----       7/8       ApproximateEntropy,3,0,0,1,1,1,1,0,0,1,mls,raw
mls_raw,8,167,RandomExcursions,1,2,2,1.0,False,,False,  1   0   0   0   0   0   0   0   1   0     ----       2/2       RandomExcursions,1,0,0,0,0,0,0,0,1,0,mls,raw
mls_raw,8,168,RandomExcursions,2,2,2,1.0,False,,False,  0   1   0   0   0   1   0   0   0   0     ----       2/2       RandomExcursions,0,1,0,0,0,1,0,0,0,0,mls,raw
mls_raw,8,169,RandomExcursions,3,2,2,1.0,False,,False,  0   0   1   0   0   0   0   0   1   0     ----       2/2       RandomExcursions,0,0,1,0,0,0,0,0,1,0,mls,raw
mls_raw,8,170,RandomExcursions,4,2,2,1.0,False,,False,  0   2   0   0   0   0   0   0   0   0     ----       2/2       RandomExcursions,0,2,0,0,0,0,0,0,0,0,mls,raw
mls_raw,8,171,RandomExcursions,5,2,2,1.0,False,,False,  0   0   0   0   0   0   0   1   1   0     ----       2/2       RandomExcursions,0,0,0,0,0,0,0,1,1,0,mls,raw
mls_raw,8,172,RandomExcursions,6,2,2,1.0,False,,False,  1   0   0   0   0   0   1   0   0   0     ----       2/2       RandomExcursions,1,0,0,0,0,0,1,0,0,0,mls,raw
mls_raw,8,173,RandomExcursions,7,2,2,1.0,False,,False,  0   1   0   0   0   0   0   0   1   0     ----       2/2       RandomExcursions,0,1,0,0,0,0,0,0,1,0,mls,raw
mls_raw,8,174,RandomExcursions,8,2,2,1.0,False,,False,  1   0   0   0   0   0   1   0   0   0     ----       2/2       RandomExcursions,1,0,0,0,0,0,1,0,0,0,mls,raw
mls_raw,8,175,RandomExcursionsVariant,1,2,2,1.0,False,,False,  0   0   0   0   0   0   1   0   0   1     ----       2/2       RandomExcursionsVariant,0,0,0,0,0,0,1,0,0,1,mls,raw
mls_raw,8,176,RandomExcursionsVariant,2,2,2,1.0,False,,False,  0   0   0   0   0   1   0   0   0   1     ----       2/2       RandomExcursionsVariant,0,0,0,0,0,1,0,0,0,1,mls,raw
mls_raw,8,177,RandomExcursionsVariant,3,2,2,1.0,False,,False,  0   0   0   1   0   0   0   0   0   1     ----       2/2       RandomExcursionsVariant,0,0,0,1,0,0,0,0,0,1,mls,raw
mls_raw,8,178,RandomExcursionsVariant,4,2,2,1.0,False,,False,  0   0   0   0   0   1   0   0   0   1     ----       2/2       RandomExcursionsVariant,0,0,0,0,0,1,0,0,0,1,mls,raw
mls_raw,8,179,RandomExcursionsVariant,5,2,2,1.0,False,,False,  0   0   0   0   0   0   0   0   2   0     ----       2/2       RandomExcursionsVariant,0,0,0,0,0,0,0,0,2,0,mls,raw
mls_raw,8,180,RandomExcursionsVariant,6,2,2,1.0,False,,False,  0   1   0   0   0   0   0   0   1   0     ----       2/2       RandomExcursionsVariant,0,1,0,0,0,0,0,0,1,0,mls,raw
mls_raw,8,181,RandomExcursionsVariant,7,1,2,0.5,False,,False,  1   0   0   0   1   0   0   0   0   0     ----       1/2       RandomExcursionsVariant,1,0,0,0,1,0,0,0,0,0,mls,raw
mls_raw,8,182,RandomExcursionsVariant,8,1,2,0.5,False,,False,  1   0   0   1   0   0   0   0   0   0     ----       1/2       RandomExcursionsVariant,1,0,0,1,0,0,0,0,0,0,mls,raw
mls_raw,8,183,RandomExcursionsVariant,9,2,2,1.0,False,,False,  1   0   0   0   1   0   0   0   0   0     ----       2/2       RandomExcursionsVariant,1,0,0,0,1,0,0,0,0,0,mls,raw
mls_raw,8,184,RandomExcursionsVariant,10,2,2,1.0,False,,False,  0   1   0   0   0   0   0   0   0   1     ----       2/2       RandomExcursionsVariant,0,1,0,0,0,0,0,0,0,1,mls,raw
mls_raw,8,185,RandomExcursionsVariant,11,2,2,1.0,False,,False,  0   0   1   0   0   0   1   0   0   0     ----       2/2       RandomExcursionsVariant,0,0,1,0,0,0,1,0,0,0,mls,raw
mls_raw,8,186,RandomExcursionsVariant,12,2,2,1.0,False,,False,  0   0   1   0   0   0   0   0   1   0     ----       2/2       RandomExcursionsVariant,0,0,1,0,0,0,0,0,1,0,mls,raw
mls_raw,8,187,RandomExcursionsVariant,13,2,2,1.0,False,,False,  0   0   0   1   0   0   0   0   0   1     ----       2/2       RandomExcursionsVariant,0,0,0,1,0,0,0,0,0,1,mls,raw
mls_raw,8,188,RandomExcursionsVariant,14,2,2,1.0,False,,False,  0   0   0   0   0   0   1   0   1   0     ----       2/2       RandomExcursionsVariant,0,0,0,0,0,0,1,0,1,0,mls,raw
mls_raw,8,189,RandomExcursionsVariant,15,2,2,1.0,False,,False,  0   0   0   0   0   0   1   0   0   1     ----       2/2       RandomExcursionsVariant,0,0,0,0,0,0,1,0,0,1,mls,raw
mls_raw,8,190,RandomExcursionsVariant,16,2,2,1.0,False,,False,  0   0   0   0   1   0   1   0   0   0     ----       2/2       RandomExcursionsVariant,0,0,0,0,1,0,1,0,0,0,mls,raw
mls_raw,8,191,RandomExcursionsVariant,17,2,2,1.0,False,,False,  0   0   0   0   2   0   0   0   0   0     ----       2/2       RandomExcursionsVariant,0,0,0,0,2,0,0,0,0,0,mls,raw
mls_raw,8,192,RandomExcursionsVariant,18,2,2,1.0,False,,False,  0   0   0   0   1   1   0   0   0   0     ----       2/2       RandomExcursionsVariant,0,0,0,0,1,1,0,0,0,0,mls,raw
mls_raw,8,193,Serial,1,8,8,1.0,False,,False,  0   0   1   4   1   0   0   1   1   0     ----       8/8       Serial,0,0,1,4,1,0,0,1,1,0,mls,raw
mls_raw,8,194,Serial,2,8,8,1.0,False,,False,  1   1   2   0   0   0   1   0   1   2     ----       8/8       Serial,1,1,2,0,0,0,1,0,1,2,mls,raw
mls_raw,8,195,LinearComplexity,1,0,8,0.0,True,,False,  8   0   0   0   0   0   0   0   0   0     ----       0/8    *  LinearComplexity,8,0,0,0,0,0,0,0,0,0,mls,raw
mls_vn,2,8,Frequency,1,2,2,1.0,False,,False,  0   0   1   0   0   0   0   0   1   0     ----       2/2       Frequency,0,0,1,0,0,0,0,0,1,0,mls,vn
mls_vn,2,9,BlockFrequency,1,2,2,1.0,False,,False,  1   1   0   0   0   0   0   0   0   0     ----       2/2       BlockFrequency,1,1,0,0,0,0,0,0,0,0,mls,vn
mls_vn,2,10,CumulativeSums,1,2,2,1.0,False,,False,  0   0   1   0   1   0   0   0   0   0     ----       2/2       CumulativeSums,0,0,1,0,1,0,0,0,0,0,mls,vn
mls_vn,2,11,CumulativeSums,2,2,2,1.0,False,,False,  0   1   0   0   0   0   1   0   0   0     ----       2/2       CumulativeSums,0,1,0,0,0,0,1,0,0,0,mls,vn
mls_vn,2,12,Runs,1,2,2,1.0,False,,False,  0   0   0   1   0   1   0   0   0   0     ----       2/2       Runs,0,0,0,1,0,1,0,0,0,0,mls,vn
mls_vn,2,13,LongestRun,1,2,2,1.0,False,,False,  0   0   0   1   0   0   0   0   0   1     ----       2/2       LongestRun,0,0,0,1,0,0,0,0,0,1,mls,vn
mls_vn,2,14,Rank,1,2,2,1.0,False,,False,  0   0   0   1   0   0   0   1   0   0     ----       2/2       Rank,0,0,0,1,0,0,0,1,0,0,mls,vn
mls_vn,2,15,FFT,1,2,2,1.0,False,,False,  0   1   0   0   1   0   0   0   0   0     ----       2/2       FFT,0,1,0,0,1,0,0,0,0,0,mls,vn
mls_vn,2,16,NonOverlappingTemplate,1,2,2,1.0,False,,False,  0   0   0   0   1   0   0   0   0   1     ----       2/2       NonOverlappingTemplate,0,0,0,0,1,0,0,0,0,1,mls,vn
mls_vn,2,17,NonOverlappingTemplate,2,2,2,1.0,False,,False,  0   0   0   1   0   1   0   0   0   0     ----       2/2       NonOverlappingTemplate,0,0,0,1,0,1,0,0,0,0,mls,vn
mls_vn,2,18,NonOverlappingTemplate,3,2,2,1.0,False,,False,  0   0   0   0   0   0   1   0   0   1     ----       2/2       NonOverlappingTemplate,0,0,0,0,0,0,1,0,0,1,mls,vn
mls_vn,2,19,NonOverlappingTemplate,4,2,2,1.0,False,,False,  1   0   0   1   0   0   0   0   0   0     ----       2/2       NonOverlappingTemplate,1,0,0,1,0,0,0,0,0,0,mls,vn
mls_vn,2,20,NonOverlappingTemplate,5,2,2,1.0,False,,False,  0   0   0   0   1   0   1   0   0   0     ----       2/2       NonOverlappingTemplate,0,0,0,0,1,0,1,0,0,0,mls,vn
mls_vn,2,21,NonOverlappingTemplate,6,2,2,1.0,False,,False,  1   0   0   0   0   1   0   0   0   0     ----       2/2       NonOverlappingTemplate,1,0,0,0,0,1,0,0,0,0,mls,vn
mls_vn,2,22,NonOverlappingTemplate,7,2,2,1.0,False,,False,  0   0   0   0   1   0   0   1   0   0     ----       2/2       NonOverlappingTemplate,0,0,0,0,1,0,0,1,0,0,mls,vn
mls_vn,2,23,NonOverlappingTemplate,8,2,2,1.0,False,,False,  1   0   0   0   0   1   0   0   0   0     ----       2/2       NonOverlappingTemplate,1,0,0,0,0,1,0,0,0,0,mls,vn
mls_vn,2,24,NonOverlappingTemplate,9,2,2,1.0,False,,False,  1   0   0   0   0   0   1   0   0   0     ----       2/2       NonOverlappingTemplate,1,0,0,0,0,0,1,0,0,0,mls,vn
mls_vn,2,25,NonOverlappingTemplate,10,2,2,1.0,False,,False,  0   0   0   0   1   0   0   0   0   1     ----       2/2       NonOverlappingTemplate,0,0,0,0,1,0,0,0,0,1,mls,vn
mls_vn,2,26,NonOverlappingTemplate,11,2,2,1.0,False,,False,  1   0   1   0   0   0   0   0   0   0     ----       2/2       NonOverlappingTemplate,1,0,1,0,0,0,0,0,0,0,mls,vn
mls_vn,2,27,NonOverlappingTemplate,12,2,2,1.0,False,,False,  0   0   1   1   0   0   0   0   0   0     ----       2/2       NonOverlappingTemplate,0,0,1,1,0,0,0,0,0,0,mls,vn
mls_vn,2,28,NonOverlappingTemplate,13,2,2,1.0,False,,False,  0   0   0   0   1   0   1   0   0   0     ----       2/2       NonOverlappingTemplate,0,0,0,0,1,0,1,0,0,0,mls,vn
mls_vn,2,29,NonOverlappingTemplate,14,2,2,1.0,False,,False,  1   0   0   0   0   0   0   0   0   1     ----       2/2       NonOverlappingTemplate,1,0,0,0,0,0,0,0,0,1,mls,vn
mls_vn,2,30,NonOverlappingTemplate,15,2,2,1.0,False,,False,  0   0   1   0   0   0   1   0   0   0     ----       2/2       NonOverlappingTemplate,0,0,1,0,0,0,1,0,0,0,mls,vn
mls_vn,2,31,NonOverlappingTemplate,16,2,2,1.0,False,,False,  0   0   0   1   0   1   0   0   0   0     ----       2/2       NonOverlappingTemplate,0,0,0,1,0,1,0,0,0,0,mls,vn
mls_vn,2,32,NonOverlappingTemplate,17,2,2,1.0,False,,False,  0   0   0   1   0   0   0   0   1   0     ----       2/2       NonOverlappingTemplate,0,0,0,1,0,0,0,0,1,0,mls,vn
mls_vn,2,33,NonOverlappingTemplate,18,2,2,1.0,False,,False,  0   0   0   0   0   1   0   1   0   0     ----       2/2       NonOverlappingTemplate,0,0,0,0,0,1,0,1,0,0,mls,vn
mls_vn,2,34,NonOverlappingTemplate,19,2,2,1.0,False,,False,  0   0   0   0   0   1   1   0   0   0     ----       2/2       NonOverlappingTemplate,0,0,0,0,0,1,1,0,0,0,mls,vn
mls_vn,2,35,NonOverlappingTemplate,20,2,2,1.0,False,,False,  0   0   1   1   0   0   0   0   0   0     ----       2/2       NonOverlappingTemplate,0,0,1,1,0,0,0,0,0,0,mls,vn
mls_vn,2,36,NonOverlappingTemplate,21,2,2,1.0,False,,False,  0   0   1   0   1   0   0   0   0   0     ----       2/2       NonOverlappingTemplate,0,0,1,0,1,0,0,0,0,0,mls,vn
mls_vn,2,37,NonOverlappingTemplate,22,2,2,1.0,False,,False,  1   0   0   0   0   0   0   0   0   1     ----       2/2       NonOverlappingTemplate,1,0,0,0,0,0,0,0,0,1,mls,vn
mls_vn,2,38,NonOverlappingTemplate,23,2,2,1.0,False,,False,  0   0   0   0   0   1   0   0   0   1     ----       2/2       NonOverlappingTemplate,0,0,0,0,0,1,0,0,0,1,mls,vn
mls_vn,2,39,NonOverlappingTemplate,24,2,2,1.0,False,,False,  0   0   1   0   1   0   0   0   0   0     ----       2/2       NonOverlappingTemplate,0,0,1,0,1,0,0,0,0,0,mls,vn
mls_vn,2,40,NonOverlappingTemplate,25,2,2,1.0,False,,False,  0   0   1   0   0   1   0   0   0   0     ----       2/2       NonOverlappingTemplate,0,0,1,0,0,1,0,0,0,0,mls,vn
mls_vn,2,41,NonOverlappingTemplate,26,2,2,1.0,False,,False,  1   0   0   0   0   0   0   0   0   1     ----       2/2       NonOverlappingTemplate,1,0,0,0,0,0,0,0,0,1,mls,vn
mls_vn,2,42,NonOverlappingTemplate,27,2,2,1.0,False,,False,  0   0   1   0   0   0   0   0   0   1     ----       2/2       NonOverlappingTemplate,0,0,1,0,0,0,0,0,0,1,mls,vn
mls_vn,2,43,NonOverlappingTemplate,28,2,2,1.0,False,,False,  0   0   0   0   1   0   0   0   0   1     ----       2/2       NonOverlappingTemplate,0,0,0,0,1,0,0,0,0,1,mls,vn
mls_vn,2,44,NonOverlappingTemplate,29,2,2,1.0,False,,False,  0   1   1   0   0   0   0   0   0   0     ----       2/2       NonOverlappingTemplate,0,1,1,0,0,0,0,0,0,0,mls,vn
mls_vn,2,45,NonOverlappingTemplate,30,2,2,1.0,False,,False,  0   0   0   0   0   0   1   0   1   0     ----       2/2       NonOverlappingTemplate,0,0,0,0,0,0,1,0,1,0,mls,vn
mls_vn,2,46,NonOverlappingTemplate,31,2,2,1.0,False,,False,  0   1   0   0   0   0   0   0   1   0     ----       2/2       NonOverlappingTemplate,0,1,0,0,0,0,0,0,1,0,mls,vn
mls_vn,2,47,NonOverlappingTemplate,32,2,2,1.0,False,,False,  0   1   0   0   0   0   0   0   1   0     ----       2/2       NonOverlappingTemplate,0,1,0,0,0,0,0,0,1,0,mls,vn
mls_vn,2,48,NonOverlappingTemplate,33,2,2,1.0,False,,False,  0   0   1   0   0   0   1   0   0   0     ----       2/2       NonOverlappingTemplate,0,0,1,0,0,0,1,0,0,0,mls,vn
mls_vn,2,49,NonOverlappingTemplate,34,2,2,1.0,False,,False,  0   0   0   1   0   0   0   1   0   0     ----       2/2       NonOverlappingTemplate,0,0,0,1,0,0,0,1,0,0,mls,vn
mls_vn,2,50,NonOverlappingTemplate,35,2,2,1.0,False,,False,  1   0   0   0   0   0   0   0   0   1     ----       2/2       NonOverlappingTemplate,1,0,0,0,0,0,0,0,0,1,mls,vn
mls_vn,2,51,NonOverlappingTemplate,36,2,2,1.0,False,,False,  0   0   0   0   0   1   0   1   0   0     ----       2/2       NonOverlappingTemplate,0,0,0,0,0,1,0,1,0,0,mls,vn
mls_vn,2,52,NonOverlappingTemplate,37,2,2,1.0,False,,False,  0   0   0   0   1   0   0   0   0   1     ----       2/2       NonOverlappingTemplate,0,0,0,0,1,0,0,0,0,1,mls,vn
mls_vn,2,53,NonOverlappingTemplate,38,2,2,1.0,False,,False,  0   0   0   1   0   0   0   0   1   0     ----       2/2       NonOverlappingTemplate,0,0,0,1,0,0,0,0,1,0,mls,vn
mls_vn,2,54,NonOverlappingTemplate,39,2,2,1.0,False,,False,  0   0   0   0   0   0   0   1   0   1     ----       2/2       NonOverlappingTemplate,0,0,0,0,0,0,0,1,0,1,mls,vn
mls_vn,2,55,NonOverlappingTemplate,40,2,2,1.0,False,,False,  0   1   1   0   0   0   0   0   0   0     ----       2/2       NonOverlappingTemplate,0,1,1,0,0,0,0,0,0,0,mls,vn
mls_vn,2,56,NonOverlappingTemplate,41,2,2,1.0,False,,False,  0   0   0   0   0   0   0   2   0   0     ----       2/2       NonOverlappingTemplate,0,0,0,0,0,0,0,2,0,0,mls,vn
mls_vn,2,57,NonOverlappingTemplate,42,2,2,1.0,False,,False,  0   0   0   0   0   0   1   0   0   1     ----       2/2       NonOverlappingTemplate,0,0,0,0,0,0,1,0,0,1,mls,vn
mls_vn,2,58,NonOverlappingTemplate,43,2,2,1.0,False,,False,  1   0   0   0   0   0   0   0   1   0     ----       2/2       NonOverlappingTemplate,1,0,0,0,0,0,0,0,1,0,mls,vn
mls_vn,2,59,NonOverlappingTemplate,44,2,2,1.0,False,,False,  0   0   1   0   0   0   1   0   0   0     ----       2/2       NonOverlappingTemplate,0,0,1,0,0,0,1,0,0,0,mls,vn
mls_vn,2,60,NonOverlappingTemplate,45,2,2,1.0,False,,False,  0   0   0   1   0   1   0   0   0   0     ----       2/2       NonOverlappingTemplate,0,0,0,1,0,1,0,0,0,0,mls,vn
mls_vn,2,61,NonOverlappingTemplate,46,2,2,1.0,False,,False,  1   0   0   1   0   0   0   0   0   0     ----       2/2       NonOverlappingTemplate,1,0,0,1,0,0,0,0,0,0,mls,vn
mls_vn,2,62,NonOverlappingTemplate,47,2,2,1.0,False,,False,  1   1   0   0   0   0   0   0   0   0     ----       2/2       NonOverlappingTemplate,1,1,0,0,0,0,0,0,0,0,mls,vn
mls_vn,2,63,NonOverlappingTemplate,48,2,2,1.0,False,,False,  0   0   0   0   0   1   1   0   0   0     ----       2/2       NonOverlappingTemplate,0,0,0,0,0,1,1,0,0,0,mls,vn
mls_vn,2,64,NonOverlappingTemplate,49,2,2,1.0,False,,False,  1   0   0   0   0   0   0   1   0   0     ----       2/2       NonOverlappingTemplate,1,0,0,0,0,0,0,1,0,0,mls,vn
mls_vn,2,65,NonOverlappingTemplate,50,2,2,1.0,False,,False,  0   0   2   0   0   0   0   0   0   0     ----       2/2       NonOverlappingTemplate,0,0,2,0,0,0,0,0,0,0,mls,vn
mls_vn,2,66,NonOverlappingTemplate,51,2,2,1.0,False,,False,  1   0   0   0   0   0   0   0   0   1     ----       2/2       NonOverlappingTemplate,1,0,0,0,0,0,0,0,0,1,mls,vn
mls_vn,2,67,NonOverlappingTemplate,52,2,2,1.0,False,,False,  0   0   0   0   0   0   1   0   0   1     ----       2/2       NonOverlappingTemplate,0,0,0,0,0,0,1,0,0,1,mls,vn
mls_vn,2,68,NonOverlappingTemplate,53,2,2,1.0,False,,False,  0   2   0   0   0   0   0   0   0   0     ----       2/2       NonOverlappingTemplate,0,2,0,0,0,0,0,0,0,0,mls,vn
mls_vn,2,69,NonOverlappingTemplate,54,2,2,1.0,False,,False,  0   0   0   0   1   0   0   0   1   0     ----       2/2       NonOverlappingTemplate,0,0,0,0,1,0,0,0,1,0,mls,vn
mls_vn,2,70,NonOverlappingTemplate,55,2,2,1.0,False,,False,  0   1   0   0   0   0   0   0   1   0     ----       2/2       NonOverlappingTemplate,0,1,0,0,0,0,0,0,1,0,mls,vn
mls_vn,2,71,NonOverlappingTemplate,56,2,2,1.0,False,,False,  0   0   0   1   0   0   0   0   0   1     ----       2/2       NonOverlappingTemplate,0,0,0,1,0,0,0,0,0,1,mls,vn
mls_vn,2,72,NonOverlappingTemplate,57,2,2,1.0,False,,False,  0   0   0   0   1   0   0   0   0   1     ----       2/2       NonOverlappingTemplate,0,0,0,0,1,0,0,0,0,1,mls,vn
mls_vn,2,73,NonOverlappingTemplate,58,2,2,1.0,False,,False,  0   0   0   0   0   0   0   0   1   1     ----       2/2       NonOverlappingTemplate,0,0,0,0,0,0,0,0,1,1,mls,vn
mls_vn,2,74,NonOverlappingTemplate,59,2,2,1.0,False,,False,  0   0   0   0   0   0   1   0   1   0     ----       2/2       NonOverlappingTemplate,0,0,0,0,0,0,1,0,1,0,mls,vn
mls_vn,2,75,NonOverlappingTemplate,60,2,2,1.0,False,,False,  0   1   0   0   0   0   0   0   1   0     ----       2/2       NonOverlappingTemplate,0,1,0,0,0,0,0,0,1,0,mls,vn
mls_vn,2,76,NonOverlappingTemplate,61,2,2,1.0,False,,False,  0   0   0   0   1   0   0   0   0   1     ----       2/2       NonOverlappingTemplate,0,0,0,0,1,0,0,0,0,1,mls,vn
mls_vn,2,77,NonOverlappingTemplate,62,2,2,1.0,False,,False,  0   0   0   1   0   0   0   1   0   0     ----       2/2       NonOverlappingTemplate,0,0,0,1,0,0,0,1,0,0,mls,vn
mls_vn,2,78,NonOverlappingTemplate,63,2,2,1.0,False,,False,  0   0   0   0   0   0   0   1   0   1     ----       2/2       NonOverlappingTemplate,0,0,0,0,0,0,0,1,0,1,mls,vn
mls_vn,2,79,NonOverlappingTemplate,64,2,2,1.0,False,,False,  0   0   0   0   0   0   0   0   2   0     ----       2/2       NonOverlappingTemplate,0,0,0,0,0,0,0,0,2,0,mls,vn
mls_vn,2,80,NonOverlappingTemplate,65,2,2,1.0,False,,False,  0   0   0   0   1   1   0   0   0   0     ----       2/2       NonOverlappingTemplate,0,0,0,0,1,1,0,0,0,0,mls,vn
mls_vn,2,81,NonOverlappingTemplate,66,2,2,1.0,False,,False,  1   0   0   0   0   0   1   0   0   0     ----       2/2       NonOverlappingTemplate,1,0,0,0,0,0,1,0,0,0,mls,vn
mls_vn,2,82,NonOverlappingTemplate,67,2,2,1.0,False,,False,  0   0   1   0   0   0   0   1   0   0     ----       2/2       NonOverlappingTemplate,0,0,1,0,0,0,0,1,0,0,mls,vn
mls_vn,2,83,NonOverlappingTemplate,68,2,2,1.0,False,,False,  0   0   0   1   0   1   0   0   0   0     ----       2/2       NonOverlappingTemplate,0,0,0,1,0,1,0,0,0,0,mls,vn
mls_vn,2,84,NonOverlappingTemplate,69,2,2,1.0,False,,False,  0   1   0   1   0   0   0   0   0   0     ----       2/2       NonOverlappingTemplate,0,1,0,1,0,0,0,0,0,0,mls,vn
mls_vn,2,85,NonOverlappingTemplate,70,2,2,1.0,False,,False,  0   0   0   0   1   1   0   0   0   0     ----       2/2       NonOverlappingTemplate,0,0,0,0,1,1,0,0,0,0,mls,vn
mls_vn,2,86,NonOverlappingTemplate,71,2,2,1.0,False,,False,  0   0   0   0   0   0   1   1   0   0     ----       2/2       NonOverlappingTemplate,0,0,0,0,0,0,1,1,0,0,mls,vn
mls_vn,2,87,NonOverlappingTemplate,72,2,2,1.0,False,,False,  0   0   0   0   0   0   1   0   0   1     ----       2/2       NonOverlappingTemplate,0,0,0,0,0,0,1,0,0,1,mls,vn
mls_vn,2,88,NonOverlappingTemplate,73,2,2,1.0,False,,False,  0   1   0   0   1   0   0   0   0   0     ----       2/2       NonOverlappingTemplate,0,1,0,0,1,0,0,0,0,0,mls,vn
mls_vn,2,89,NonOverlappingTemplate,74,2,2,1.0,False,,False,  0   0   0   0   1   1   0   0   0   0     ----       2/2       NonOverlappingTemplate,0,0,0,0,1,1,0,0,0,0,mls,vn
mls_vn,2,90,NonOverlappingTemplate,75,2,2,1.0,False,,False,  0   0   0   0   1   0   0   0   0   1     ----       2/2       NonOverlappingTemplate,0,0,0,0,1,0,0,0,0,1,mls,vn
mls_vn,2,91,NonOverlappingTemplate,76,2,2,1.0,False,,False,  0   0   0   0   1   0   0   0   1   0     ----       2/2       NonOverlappingTemplate,0,0,0,0,1,0,0,0,1,0,mls,vn
mls_vn,2,92,NonOverlappingTemplate,77,2,2,1.0,False,,False,  0   0   0   0   0   0   0   1   1   0     ----       2/2       NonOverlappingTemplate,0,0,0,0,0,0,0,1,1,0,mls,vn
mls_vn,2,93,NonOverlappingTemplate,78,2,2,1.0,False,,False,  0   0   0   1   0   0   0   1   0   0     ----       2/2       NonOverlappingTemplate,0,0,0,1,0,0,0,1,0,0,mls,vn
mls_vn,2,94,NonOverlappingTemplate,79,2,2,1.0,False,,False,  0   1   0   0   0   0   0   0   0   1     ----       2/2       NonOverlappingTemplate,0,1,0,0,0,0,0,0,0,1,mls,vn
mls_vn,2,95,NonOverlappingTemplate,80,2,2,1.0,False,,False,  0   1   0   0   1   0   0   0   0   0     ----       2/2       NonOverlappingTemplate,0,1,0,0,1,0,0,0,0,0,mls,vn
mls_vn,2,96,NonOverlappingTemplate,81,2,2,1.0,False,,False,  0   0   1   0   0   0   1   0   0   0     ----       2/2       NonOverlappingTemplate,0,0,1,0,0,0,1,0,0,0,mls,vn
mls_vn,2,97,NonOverlappingTemplate,82,2,2,1.0,False,,False,  0   1   0   0   0   1   0   0   0   0     ----       2/2       NonOverlappingTemplate,0,1,0,0,0,1,0,0,0,0,mls,vn
mls_vn,2,98,NonOverlappingTemplate,83,2,2,1.0,False,,False,  0   1   0   0   0   0   0   0   1   0     ----       2/2       NonOverlappingTemplate,0,1,0,0,0,0,0,0,1,0,mls,vn
mls_vn,2,99,NonOverlappingTemplate,84,2,2,1.0,False,,False,  0   0   1   0   0   1   0   0   0   0     ----       2/2       NonOverlappingTemplate,0,0,1,0,0,1,0,0,0,0,mls,vn
mls_vn,2,100,NonOverlappingTemplate,85,2,2,1.0,False,,False,  0   0   0   1   1   0   0   0   0   0     ----       2/2       NonOverlappingTemplate,0,0,0,1,1,0,0,0,0,0,mls,vn
mls_vn,2,101,NonOverlappingTemplate,86,2,2,1.0,False,,False,  0   1   0   0   0   1   0   0   0   0     ----       2/2       NonOverlappingTemplate,0,1,0,0,0,1,0,0,0,0,mls,vn
mls_vn,2,102,NonOverlappingTemplate,87,2,2,1.0,False,,False,  0   0   0   1   0   0   0   0   1   0     ----       2/2       NonOverlappingTemplate,0,0,0,1,0,0,0,0,1,0,mls,vn
mls_vn,2,103,NonOverlappingTemplate,88,2,2,1.0,False,,False,  1   0   0   0   0   0   0   0   1   0     ----       2/2       NonOverlappingTemplate,1,0,0,0,0,0,0,0,1,0,mls,vn
mls_vn,2,104,NonOverlappingTemplate,89,2,2,1.0,False,,False,  1   0   0   0   0   0   1   0   0   0     ----       2/2       NonOverlappingTemplate,1,0,0,0,0,0,1,0,0,0,mls,vn
mls_vn,2,105,NonOverlappingTemplate,90,2,2,1.0,False,,False,  0   0   1   0   0   0   1   0   0   0     ----       2/2       NonOverlappingTemplate,0,0,1,0,0,0,1,0,0,0,mls,vn
mls_vn,2,106,NonOverlappingTemplate,91,2,2,1.0,False,,False,  1   0   0   0   0   0   0   0   1   0     ----       2/2       NonOverlappingTemplate,1,0,0,0,0,0,0,0,1,0,mls,vn
mls_vn,2,107,NonOverlappingTemplate,92,2,2,1.0,False,,False,  0   0   1   1   0   0   0   0   0   0     ----       2/2       NonOverlappingTemplate,0,0,1,1,0,0,0,0,0,0,mls,vn
mls_vn,2,108,NonOverlappingTemplate,93,2,2,1.0,False,,False,  0   0   0   0   0   1   0   1   0   0     ----       2/2       NonOverlappingTemplate,0,0,0,0,0,1,0,1,0,0,mls,vn
mls_vn,2,109,NonOverlappingTemplate,94,2,2,1.0,False,,False,  0   0   0   0   0   0   0   0   1   1     ----       2/2       NonOverlappingTemplate,0,0,0,0,0,0,0,0,1,1,mls,vn
mls_vn,2,110,NonOverlappingTemplate,95,2,2,1.0,False,,False,  2   0   0   0   0   0   0   0   0   0     ----       2/2       NonOverlappingTemplate,2,0,0,0,0,0,0,0,0,0,mls,vn
mls_vn,2,111,NonOverlappingTemplate,96,2,2,1.0,False,,False,  0   0   0   1   0   0   1   0   0   0     ----       2/2       NonOverlappingTemplate,0,0,0,1,0,0,1,0,0,0,mls,vn
mls_vn,2,112,NonOverlappingTemplate,97,2,2,1.0,False,,False,  0   1   1   0   0   0   0   0   0   0     ----       2/2       NonOverlappingTemplate,0,1,1,0,0,0,0,0,0,0,mls,vn
mls_vn,2,113,NonOverlappingTemplate,98,2,2,1.0,False,,False,  1   0   1   0   0   0   0   0   0   0     ----       2/2       NonOverlappingTemplate,1,0,1,0,0,0,0,0,0,0,mls,vn
mls_vn,2,114,NonOverlappingTemplate,99,2,2,1.0,False,,False,  0   0   1   0   0   0   0   0   1   0     ----       2/2       NonOverlappingTemplate,0,0,1,0,0,0,0,0,1,0,mls,vn
mls_vn,2,115,NonOverlappingTemplate,100,1,2,0.5,False,,False,  1   0   0   0   0   0   0   0   1   0     ----       1/2       NonOverlappingTemplate,1,0,0,0,0,0,0,0,1,0,mls,vn
mls_vn,2,116,NonOverlappingTemplate,101,2,2,1.0,False,,False,  0   0   0   1   0   0   0   1   0   0     ----       2/2       NonOverlappingTemplate,0,0,0,1,0,0,0,1,0,0,mls,vn
mls_vn,2,117,NonOverlappingTemplate,102,2,2,1.0,False,,False,  0   0   1   0   0   0   1   0   0   0     ----       2/2       NonOverlappingTemplate,0,0,1,0,0,0,1,0,0,0,mls,vn
mls_vn,2,118,NonOverlappingTemplate,103,2,2,1.0,False,,False,  0   0   0   0   0   1   0   0   1   0     ----       2/2       NonOverlappingTemplate,0,0,0,0,0,1,0,0,1,0,mls,vn
mls_vn,2,119,NonOverlappingTemplate,104,2,2,1.0,False,,False,  0   0   0   0   0   0   2   0   0   0     ----       2/2       NonOverlappingTemplate,0,0,0,0,0,0,2,0,0,0,mls,vn
mls_vn,2,120,NonOverlappingTemplate,105,2,2,1.0,False,,False,  0   0   1   1   0   0   0   0   0   0     ----       2/2       NonOverlappingTemplate,0,0,1,1,0,0,0,0,0,0,mls,vn
mls_vn,2,121,NonOverlappingTemplate,106,2,2,1.0,False,,False,  1   0   0   0   0   0   0   0   0   1     ----       2/2       NonOverlappingTemplate,1,0,0,0,0,0,0,0,0,1,mls,vn
mls_vn,2,122,NonOverlappingTemplate,107,2,2,1.0,False,,False,  0   0   0   0   0   1   0   0   0   1     ----       2/2       NonOverlappingTemplate,0,0,0,0,0,1,0,0,0,1,mls,vn
mls_vn,2,123,NonOverlappingTemplate,108,2,2,1.0,False,,False,  0   0   0   1   0   0   0   1   0   0     ----       2/2       NonOverlappingTemplate,0,0,0,1,0,0,0,1,0,0,mls,vn
mls_vn,2,124,NonOverlappingTemplate,109,2,2,1.0,False,,False,  0   0   2   0   0   0   0   0   0   0     ----       2/2       NonOverlappingTemplate,0,0,2,0,0,0,0,0,0,0,mls,vn
mls_vn,2,125,NonOverlappingTemplate,110,2,2,1.0,False,,False,  0   0   1   0   1   0   0   0   0   0     ----       2/2       NonOverlappingTemplate,0,0,1,0,1,0,0,0,0,0,mls,vn
mls_vn,2,126,NonOverlappingTemplate,111,2,2,1.0,False,,False,  0   1   0   1   0   0   0   0   0   0     ----       2/2       NonOverlappingTemplate,0,1,0,1,0,0,0,0,0,0,mls,vn
mls_vn,2,127,NonOverlappingTemplate,112,2,2,1.0,False,,False,  0   0   1   0   0   0   0   0   0   1     ----       2/2       NonOverlappingTemplate,0,0,1,0,0,0,0,0,0,1,mls,vn
mls_vn,2,128,NonOverlappingTemplate,113,2,2,1.0,False,,False,  0   0   0   0   2   0   0   0   0   0     ----       2/2       NonOverlappingTemplate,0,0,0,0,2,0,0,0,0,0,mls,vn
mls_vn,2,129,NonOverlappingTemplate,114,2,2,1.0,False,,False,  0   1   0   0   0   0   0   1   0   0     ----       2/2       NonOverlappingTemplate,0,1,0,0,0,0,0,1,0,0,mls,vn
mls_vn,2,130,NonOverlappingTemplate,115,2,2,1.0,False,,False,  0   0   0   0   1   0   0   1   0   0     ----       2/2       NonOverlappingTemplate,0,0,0,0,1,0,0,1,0,0,mls,vn
mls_vn,2,131,NonOverlappingTemplate,116,2,2,1.0,False,,False,  0   0   0   1   0   0   0   0   0   1     ----       2/2       NonOverlappingTemplate,0,0,0,1,0,0,0,0,0,1,mls,vn
mls_vn,2,132,NonOverlappingTemplate,117,2,2,1.0,False,,False,  0   0   1   0   0   0   0   0   1   0     ----       2/2       NonOverlappingTemplate,0,0,1,0,0,0,0,0,1,0,mls,vn
mls_vn,2,133,NonOverlappingTemplate,118,2,2,1.0,False,,False,  1   0   0   1   0   0   0   0   0   0     ----       2/2       NonOverlappingTemplate,1,0,0,1,0,0,0,0,0,0,mls,vn
mls_vn,2,134,NonOverlappingTemplate,119,2,2,1.0,False,,False,  0   0   1   0   0   0   0   1   0   0     ----       2/2       NonOverlappingTemplate,0,0,1,0,0,0,0,1,0,0,mls,vn
mls_vn,2,135,NonOverlappingTemplate,120,2,2,1.0,False,,False,  0   1   0   0   0   0   1   0   0   0     ----       2/2       NonOverlappingTemplate,0,1,0,0,0,0,1,0,0,0,mls,vn
mls_vn,2,136,NonOverlappingTemplate,121,2,2,1.0,False,,False,  0   0   0   1   1   0   0   0   0   0     ----       2/2       NonOverlappingTemplate,0,0,0,1,1,0,0,0,0,0,mls,vn
mls_vn,2,137,NonOverlappingTemplate,122,2,2,1.0,False,,False,  0   0   1   1   0   0   0   0   0   0     ----       2/2       NonOverlappingTemplate,0,0,1,1,0,0,0,0,0,0,mls,vn
mls_vn,2,138,NonOverlappingTemplate,123,2,2,1.0,False,,False,  0   0   0   0   1   1   0   0   0   0     ----       2/2       NonOverlappingTemplate,0,0,0,0,1,1,0,0,0,0,mls,vn
mls_vn,2,139,NonOverlappingTemplate,124,2,2,1.0,False,,False,  0   0   0   0   0   1   0   0   0   1     ----       2/2       NonOverlappingTemplate,0,0,0,0,0,1,0,0,0,1,mls,vn
mls_vn,2,140,NonOverlappingTemplate,125,2,2,1.0,False,,False,  0   2   0   0   0   0   0   0   0   0     ----       2/2       NonOverlappingTemplate,0,2,0,0,0,0,0,0,0,0,mls,vn
mls_vn,2,141,NonOverlappingTemplate,126,2,2,1.0,False,,False,  0   0   0   0   0   1   0   0   0   1     ----       2/2       NonOverlappingTemplate,0,0,0,0,0,1,0,0,0,1,mls,vn
mls_vn,2,142,NonOverlappingTemplate,127,2,2,1.0,False,,False,  0   0   0   0   1   0   1   0   0   0     ----       2/2       NonOverlappingTemplate,0,0,0,0,1,0,1,0,0,0,mls,vn
mls_vn,2,143,NonOverlappingTemplate,128,2,2,1.0,False,,False,  0   0   0   0   0   0   1   1   0   0     ----       2/2       NonOverlappingTemplate,0,0,0,0,0,0,1,1,0,0,mls,vn
mls_vn,2,144,NonOverlappingTemplate,129,2,2,1.0,False,,False,  1   0   0   0   0   0   0   0   1   0     ----       2/2       NonOverlappingTemplate,1,0,0,0,0,0,0,0,1,0,mls,vn
mls_vn,2,145,NonOverlappingTemplate,130,2,2,1.0,False,,False,  0   0   1   0   1   0   0   0   0   0     ----       2/2       NonOverlappingTemplate,0,0,1,0,1,0,0,0,0,0,mls,vn
mls_vn,2,146,NonOverlappingTemplate,131,2,2,1.0,False,,False,  0   0   0   1   0   0   0   1   0   0     ----       2/2       NonOverlappingTemplate,0,0,0,1,0,0,0,1,0,0,mls,vn
mls_vn,2,147,NonOverlappingTemplate,132,2,2,1.0,False,,False,  0   0   0   1   0   0   0   0   0   1     ----       2/2       NonOverlappingTemplate,0,0,0,1,0,0,0,0,0,1,mls,vn
mls_vn,2,148,NonOverlappingTemplate,133,2,2,1.0,False,,False,  0   0   1   0   0   0   0   1   0   0     ----       2/2       NonOverlappingTemplate,0,0,1,0,0,0,0,1,0,0,mls,vn
mls_vn,2,149,NonOverlappingTemplate,134,2,2,1.0,False,,False,  1   0   0   0   1   0   0   0   0   0     ----       2/2       NonOverlappingTemplate,1,0,0,0,1,0,0,0,0,0,mls,vn
mls_vn,2,150,NonOverlappingTemplate,135,2,2,1.0,False,,False,  0   0   0   0   0   1   0   0   0   1     ----       2/2       NonOverlappingTemplate,0,0,0,0,0,1,0,0,0,1,mls,vn
mls_vn,2,151,NonOverlappingTemplate,136,1,2,0.5,False,,False,  1   0   0   0   0   0   0   1   0   0     ----       1/2       NonOverlappingTemplate,1,0,0,0,0,0,0,1,0,0,mls,vn
mls_vn,2,152,NonOverlappingTemplate,137,2,2,1.0,False,,False,  0   0   0   0   0   0   1   0   1   0     ----       2/2       NonOverlappingTemplate,0,0,0,0,0,0,1,0,1,0,mls,vn
mls_vn,2,153,NonOverlappingTemplate,138,2,2,1.0,False,,False,  0   0   0   0   1   0   0   0   1   0     ----       2/2       NonOverlappingTemplate,0,0,0,0,1,0,0,0,1,0,mls,vn
mls_vn,2,154,NonOverlappingTemplate,139,2,2,1.0,False,,False,  0   0   0   0   1   0   0   1   0   0     ----       2/2       NonOverlappingTemplate,0,0,0,0,1,0,0,1,0,0,mls,vn
mls_vn,2,155,NonOverlappingTemplate,140,2,2,1.0,False,,False,  0   0   0   0   0   1   0   0   0   1     ----       2/2       NonOverlappingTemplate,0,0,0,0,0,1,0,0,0,1,mls,vn
mls_vn,2,156,NonOverlappingTemplate,141,2,2,1.0,False,,False,  1   0   0   0   0   1   0   0   0   0     ----       2/2       NonOverlappingTemplate,1,0,0,0,0,1,0,0,0,0,mls,vn
mls_vn,2,157,NonOverlappingTemplate,142,2,2,1.0,False,,False,  0   1   0   0   0   0   0   0   1   0     ----       2/2       NonOverlappingTemplate,0,1,0,0,0,0,0,0,1,0,mls,vn
mls_vn,2,158,NonOverlappingTemplate,143,2,2,1.0,False,,False,  0   0   0   1   0   1   0   0   0   0     ----       2/2       NonOverlappingTemplate,0,0,0,1,0,1,0,0,0,0,mls,vn
mls_vn,2,159,NonOverlappingTemplate,144,2,2,1.0,False,,False,  0   0   0   1   0   0   0   1   0   0     ----       2/2       NonOverlappingTemplate,0,0,0,1,0,0,0,1,0,0,mls,vn
mls_vn,2,160,NonOverlappingTemplate,145,2,2,1.0,False,,False,  0   0   0   1   0   0   0   1   0   0     ----       2/2       NonOverlappingTemplate,0,0,0,1,0,0,0,1,0,0,mls,vn
mls_vn,2,161,NonOverlappingTemplate,146,2,2,1.0,False,,False,  0   0   0   0   0   1   0   1   0   0     ----       2/2       NonOverlappingTemplate,0,0,0,0,0,1,0,1,0,0,mls,vn
mls_vn,2,162,NonOverlappingTemplate,147,2,2,1.0,False,,False,  0   0   0   0   0   0   1   0   1   0     ----       2/2       NonOverlappingTemplate,0,0,0,0,0,0,1,0,1,0,mls,vn
mls_vn,2,163,NonOverlappingTemplate,148,2,2,1.0,False,,False,  0   0   0   0   1   1   0   0   0   0     ----       2/2       NonOverlappingTemplate,0,0,0,0,1,1,0,0,0,0,mls,vn
mls_vn,2,164,OverlappingTemplate,1,2,2,1.0,False,,False,  1   0   0   0   1   0   0   0   0   0     ----       2/2       OverlappingTemplate,1,0,0,0,1,0,0,0,0,0,mls,vn
mls_vn,2,165,Universal,1,2,2,1.0,False,,False,  1   0   0   0   0   0   1   0   0   0     ----       2/2       Universal,1,0,0,0,0,0,1,0,0,0,mls,vn
mls_vn,2,166,ApproximateEntropy,1,2,2,1.0,False,,False,  2   0   0   0   0   0   0   0   0   0     ----       2/2       ApproximateEntropy,2,0,0,0,0,0,0,0,0,0,mls,vn
mls_vn,2,167,RandomExcursions,1,1,1,1.0,False,,False,  0   0   0   0   0   0   0   0   1   0     ----       1/1       RandomExcursions,0,0,0,0,0,0,0,0,1,0,mls,vn
mls_vn,2,168,RandomExcursions,2,1,1,1.0,False,,False,  0   0   0   0   0   0   0   0   1   0     ----       1/1       RandomExcursions,0,0,0,0,0,0,0,0,1,0,mls,vn
mls_vn,2,169,RandomExcursions,3,1,1,1.0,False,,False,  0   0   0   0   0   0   0   0   0   1     ----       1/1       RandomExcursions,0,0,0,0,0,0,0,0,0,1,mls,vn
mls_vn,2,170,RandomExcursions,4,1,1,1.0,False,,False,  1   0   0   0   0   0   0   0   0   0     ----       1/1       RandomExcursions,1,0,0,0,0,0,0,0,0,0,mls,vn
mls_vn,2,171,RandomExcursions,5,1,1,1.0,False,,False,  0   0   0   0   1   0   0   0   0   0     ----       1/1       RandomExcursions,0,0,0,0,1,0,0,0,0,0,mls,vn
mls_vn,2,172,RandomExcursions,6,1,1,1.0,False,,False,  1   0   0   0   0   0   0   0   0   0     ----       1/1       RandomExcursions,1,0,0,0,0,0,0,0,0,0,mls,vn
mls_vn,2,173,RandomExcursions,7,1,1,1.0,False,,False,  0   0   0   1   0   0   0   0   0   0     ----       1/1       RandomExcursions,0,0,0,1,0,0,0,0,0,0,mls,vn
mls_vn,2,174,RandomExcursions,8,1,1,1.0,False,,False,  0   0   0   0   0   1   0   0   0   0     ----       1/1       RandomExcursions,0,0,0,0,0,1,0,0,0,0,mls,vn
mls_vn,2,175,RandomExcursionsVariant,1,1,1,1.0,False,,False,  0   0   0   1   0   0   0   0   0   0     ----       1/1       RandomExcursionsVariant,0,0,0,1,0,0,0,0,0,0,mls,vn
mls_vn,2,176,RandomExcursionsVariant,2,1,1,1.0,False,,False,  0   1   0   0   0   0   0   0   0   0     ----       1/1       RandomExcursionsVariant,0,1,0,0,0,0,0,0,0,0,mls,vn
mls_vn,2,177,RandomExcursionsVariant,3,1,1,1.0,False,,False,  0   1   0   0   0   0   0   0   0   0     ----       1/1       RandomExcursionsVariant,0,1,0,0,0,0,0,0,0,0,mls,vn
mls_vn,2,178,RandomExcursionsVariant,4,1,1,1.0,False,,False,  0   0   0   1   0   0   0   0   0   0     ----       1/1       RandomExcursionsVariant,0,0,0,1,0,0,0,0,0,0,mls,vn
mls_vn,2,179,RandomExcursionsVariant,5,1,1,1.0,False,,False,  0   0   0   0   0   0   0   1   0   0     ----       1/1       RandomExcursionsVariant,0,0,0,0,0,0,0,1,0,0,mls,vn
mls_vn,2,180,RandomExcursionsVariant,6,1,1,1.0,False,,False,  0   0   0   0   0   0   0   0   1   0     ----       1/1       RandomExcursionsVariant,0,0,0,0,0,0,0,0,1,0,mls,vn
mls_vn,2,181,RandomExcursionsVariant,7,1,1,1.0,False,,False,  0   0   0   0   0   0   0   0   0   1     ----       1/1       RandomExcursionsVariant,0,0,0,0,0,0,0,0,0,1,mls,vn
mls_vn,2,182,RandomExcursionsVariant,8,1,1,1.0,False,,False,  0   0   0   0   0   0   0   0   1   0     ----       1/1       RandomExcursionsVariant,0,0,0,0,0,0,0,0,1,0,mls,vn
mls_vn,2,183,RandomExcursionsVariant,9,1,1,1.0,False,,False,  0   0   0   0   0   0   0   0   0   1     ----       1/1       RandomExcursionsVariant,0,0,0,0,0,0,0,0,0,1,mls,vn
mls_vn,2,184,RandomExcursionsVariant,10,1,1,1.0,False,,False,  0   0   0   1   0   0   0   0   0   0     ----       1/1       RandomExcursionsVariant,0,0,0,1,0,0,0,0,0,0,mls,vn
mls_vn,2,185,RandomExcursionsVariant,11,1,1,1.0,False,,False,  0   0   0   1   0   0   0   0   0   0     ----       1/1       RandomExcursionsVariant,0,0,0,1,0,0,0,0,0,0,mls,vn
mls_vn,2,186,RandomExcursionsVariant,12,1,1,1.0,False,,False,  0   0   1   0   0   0   0   0   0   0     ----       1/1       RandomExcursionsVariant,0,0,1,0,0,0,0,0,0,0,mls,vn
mls_vn,2,187,RandomExcursionsVariant,13,1,1,1.0,False,,False,  0   0   0   1   0   0   0   0   0   0     ----       1/1       RandomExcursionsVariant,0,0,0,1,0,0,0,0,0,0,mls,vn
mls_vn,2,188,RandomExcursionsVariant,14,1,1,1.0,False,,False,  0   0   0   0   1   0   0   0   0   0     ----       1/1       RandomExcursionsVariant,0,0,0,0,1,0,0,0,0,0,mls,vn
mls_vn,2,189,RandomExcursionsVariant,15,1,1,1.0,False,,False,  0   0   0   0   1   0   0   0   0   0     ----       1/1       RandomExcursionsVariant,0,0,0,0,1,0,0,0,0,0,mls,vn
mls_vn,2,190,RandomExcursionsVariant,16,1,1,1.0,False,,False,  0   0   1   0   0   0   0   0   0   0     ----       1/1       RandomExcursionsVariant,0,0,1,0,0,0,0,0,0,0,mls,vn
mls_vn,2,191,RandomExcursionsVariant,17,1,1,1.0,False,,False,  0   1   0   0   0   0   0   0   0   0     ----       1/1       RandomExcursionsVariant,0,1,0,0,0,0,0,0,0,0,mls,vn
mls_vn,2,192,RandomExcursionsVariant,18,1,1,1.0,False,,False,  1   0   0   0   0   0   0   0   0   0     ----       1/1       RandomExcursionsVariant,1,0,0,0,0,0,0,0,0,0,mls,vn
mls_vn,2,193,Serial,1,2,2,1.0,False,,False,  1   0   0   0   0   0   0   0   0   1     ----       2/2       Serial,1,0,0,0,0,0,0,0,0,1,mls,vn
mls_vn,2,194,Serial,2,2,2,1.0,False,,False,  0   1   0   0   0   0   0   0   0   1     ----       2/2       Serial,0,1,0,0,0,0,0,0,0,1,mls,vn
mls_vn,2,195,LinearComplexity,1,2,2,1.0,False,,False,  0   0   0   0   0   0   0   1   1   0     ----       2/2       LinearComplexity,0,0,0,0,0,0,0,1,1,0,mls,vn
mls_xor,8,8,Frequency,1,8,8,1.0,False,,False,  1   0   0   2   1   0   0   2   2   0     ----       8/8       Frequency,1,0,0,2,1,0,0,2,2,0,mls,xor
mls_xor,8,9,BlockFrequency,1,8,8,1.0,False,,False,  0   0   0   1   1   2   2   1   1   0     ----       8/8       BlockFrequency,0,0,0,1,1,2,2,1,1,0,mls,xor
mls_xor,8,10,CumulativeSums,1,8,8,1.0,False,,False,  0   1   1   0   1   0   1   1   2   1     ----       8/8       CumulativeSums,0,1,1,0,1,0,1,1,2,1,mls,xor
mls_xor,8,11,CumulativeSums,2,8,8,1.0,False,,False,  0   1   0   0   1   2   0   1   0   3     ----       8/8       CumulativeSums,0,1,0,0,1,2,0,1,0,3,mls,xor
mls_xor,8,12,Runs,1,8,8,1.0,False,,False,  0   0   0   1   1   1   1   4   0   0     ----       8/8       Runs,0,0,0,1,1,1,1,4,0,0,mls,xor
mls_xor,8,13,LongestRun,1,8,8,1.0,False,,False,  0   0   1   2   0   1   0   0   2   2     ----       8/8       LongestRun,0,0,1,2,0,1,0,0,2,2,mls,xor
mls_xor,8,14,Rank,1,0,8,0.0,True,,False,  8   0   0   0   0   0   0   0   0   0     ----       0/8    *  Rank,8,0,0,0,0,0,0,0,0,0,mls,xor
mls_xor,8,15,FFT,1,8,8,1.0,False,,False,  2   0   1   0   1   2   0   0   1   1     ----       8/8       FFT,2,0,1,0,1,2,0,0,1,1,mls,xor
mls_xor,8,16,NonOverlappingTemplate,1,8,8,1.0,False,,False,  2   1   0   0   0   2   1   1   1   0     ----       8/8       NonOverlappingTemplate,2,1,0,0,0,2,1,1,1,0,mls,xor
mls_xor,8,17,NonOverlappingTemplate,2,8,8,1.0,False,,False,  0   1   0   1   1   1   1   1   0   2     ----       8/8       NonOverlappingTemplate,0,1,0,1,1,1,1,1,0,2,mls,xor
mls_xor,8,18,NonOverlappingTemplate,3,8,8,1.0,False,,False,  1   1   0   0   1   2   1   0   0   2     ----       8/8       NonOverlappingTemplate,1,1,0,0,1,2,1,0,0,2,mls,xor
mls_xor,8,19,NonOverlappingTemplate,4,8,8,1.0,False,,False,  0   0   2   1   1   0   0   1   1   2     ----       8/8       NonOverlappingTemplate,0,0,2,1,1,0,0,1,1,2,mls,xor
mls_xor,8,20,NonOverlappingTemplate,5,8,8,1.0,False,,False,  0   1   2   2   0   0   1   0   1   1     ----       8/8       NonOverlappingTemplate,0,1,2,2,0,0,1,0,1,1,mls,xor
mls_xor,8,21,NonOverlappingTemplate,6,8,8,1.0,False,,False,  1   1   3   1   0   0   2   0   0   0     ----       8/8       NonOverlappingTemplate,1,1,3,1,0,0,2,0,0,0,mls,xor
mls_xor,8,22,NonOverlappingTemplate,7,8,8,1.0,False,,False,  0   0   0   0   0   3   2   1   1   1     ----       8/8       NonOverlappingTemplate,0,0,0,0,0,3,2,1,1,1,mls,xor
mls_xor,8,23,NonOverlappingTemplate,8,8,8,1.0,False,,False,  0   0   0   0   1   0   1   3   1   2     ----       8/8       NonOverlappingTemplate,0,0,0,0,1,0,1,3,1,2,mls,xor
mls_xor,8,24,NonOverlappingTemplate,9,7,8,0.875,False,,False,  1   1   0   0   0   3   2   0   1   0     ----       7/8       NonOverlappingTemplate,1,1,0,0,0,3,2,0,1,0,mls,xor
mls_xor,8,25,NonOverlappingTemplate,10,8,8,1.0,False,,False,  1   0   1   1   0   1   2   0   2   0     ----       8/8       NonOverlappingTemplate,1,0,1,1,0,1,2,0,2,0,mls,xor
mls_xor,8,26,NonOverlappingTemplate,11,8,8,1.0,False,,False,  0   0   0   2   1   0   2   1   1   1     ----       8/8       NonOverlappingTemplate,0,0,0,2,1,0,2,1,1,1,mls,xor
mls_xor,8,27,NonOverlappingTemplate,12,6,8,0.75,True,,False,  3   0   0   1   0   1   0   1   2   0     ----       6/8    *  NonOverlappingTemplate,3,0,0,1,0,1,0,1,2,0,mls,xor
mls_xor,8,28,NonOverlappingTemplate,13,8,8,1.0,False,,False,  0   0   0   1   1   2   1   1   1   1     ----       8/8       NonOverlappingTemplate,0,0,0,1,1,2,1,1,1,1,mls,xor
mls_xor,8,29,NonOverlappingTemplate,14,8,8,1.0,False,,False,  1   1   0   2   1   2   0   0   1   0     ----       8/8       NonOverlappingTemplate,1,1,0,2,1,2,0,0,1,0,mls,xor
mls_xor,8,30,NonOverlappingTemplate,15,8,8,1.0,False,,False,  2   1   0   0   0   1   0   1   3   0     ----       8/8       NonOverlappingTemplate,2,1,0,0,0,1,0,1,3,0,mls,xor
mls_xor,8,31,NonOverlappingTemplate,16,8,8,1.0,False,,False,  0   0   2   0   0   1   1   2   1   1     ----       8/8       NonOverlappingTemplate,0,0,2,0,0,1,1,2,1,1,mls,xor
mls_xor,8,32,NonOverlappingTemplate,17,8,8,1.0,False,,False,  1   0   0   3   1   0   0   2   0   1     ----       8/8       NonOverlappingTemplate,1,0,0,3,1,0,0,2,0,1,mls,xor
mls_xor,8,33,NonOverlappingTemplate,18,8,8,1.0,False,,False,  0   1   0   2   0   1   1   2   1   0     ----       8/8       NonOverlappingTemplate,0,1,0,2,0,1,1,2,1,0,mls,xor
mls_xor,8,34,NonOverlappingTemplate,19,8,8,1.0,False,,False,  1   2   0   1   1   1   1   0   0   1     ----       8/8       NonOverlappingTemplate,1,2,0,1,1,1,1,0,0,1,mls,xor
mls_xor,8,35,NonOverlappingTemplate,20,8,8,1.0,False,,False,  1   0   2   2   0   0   1   0   2   0     ----       8/8       NonOverlappingTemplate,1,0,2,2,0,0,1,0,2,0,mls,xor
mls_xor,8,36,NonOverlappingTemplate,21,8,8,1.0,False,,False,  0   1   1   1   1   1   0   0   0   3     ----       8/8       NonOverlappingTemplate,0,1,1,1,1,1,0,0,0,3,mls,xor
mls_xor,8,37,NonOverlappingTemplate,22,8,8,1.0,False,,False,  1   0   0   0   0   3   1   2   1   0     ----       8/8       NonOverlappingTemplate,1,0,0,0,0,3,1,2,1,0,mls,xor
mls_xor,8,38,NonOverlappingTemplate,23,8,8,1.0,False,,False,  2   1   0   3   0   1   1   0   0   0     ----       8/8       NonOverlappingTemplate,2,1,0,3,0,1,1,0,0,0,mls,xor
mls_xor,8,39,NonOverlappingTemplate,24,8,8,1.0,False,,False,  0   1   1   1   0   1   0   0   0   4     ----       8/8       NonOverlappingTemplate,0,1,1,1,0,1,0,0,0,4,mls,xor
mls_xor,8,40,NonOverlappingTemplate,25,8,8,1.0,False,,False,  2   0   2   1   1   0   1   0   1   0     ----       8/8       NonOverlappingTemplate,2,0,2,1,1,0,1,0,1,0,mls,xor
mls_xor,8,41,NonOverlappingTemplate,26,8,8,1.0,False,,False,  0   1   1   0   1   1   0   1   1   2     ----       8/8       NonOverlappingTemplate,0,1,1,0,1,1,0,1,1,2,mls,xor
mls_xor,8,42,NonOverlappingTemplate,27,8,8,1.0,False,,False,  2   0   1   0   0   2   0   1   2   0     ----       8/8       NonOverlappingTemplate,2,0,1,0,0,2,0,1,2,0,mls,xor
mls_xor,8,43,NonOverlappingTemplate,28,8,8,1.0,False,,False,  0   1   1   0   0   0   1   1   2   2     ----       8/8       NonOverlappingTemplate,0,1,1,0,0,0,1,1,2,2,mls,xor
mls_xor,8,44,NonOverlappingTemplate,29,7,8,0.875,False,,False,  1   1   1   2   0   2   1   0   0   0     ----       7/8       NonOverlappingTemplate,1,1,1,2,0,2,1,0,0,0,mls,xor
mls_xor,8,45,NonOverlappingTemplate,30,8,8,1.0,False,,False,  0   2   1   0   1   1   0   2   0   1     ----       8/8       NonOverlappingTemplate,0,2,1,0,1,1,0,2,0,1,mls,xor
mls_xor,8,46,NonOverlappingTemplate,31,8,8,1.0,False,,False,  1   0   1   0   0   0   4   0   0   2     ----       8/8       NonOverlappingTemplate,1,0,1,0,0,0,4,0,0,2,mls,xor
mls_xor,8,47,NonOverlappingTemplate,32,8,8,1.0,False,,False,  0   0   5   0   0   2   1   0   0   0     ----       8/8       NonOverlappingTemplate,0,0,5,0,0,2,1,0,0,0,mls,xor
mls_xor,8,48,NonOverlappingTemplate,33,7,8,0.875,False,,False,  1   0   1   0   2   1   0   2   0   1     ----       7/8       NonOverlappingTemplate,1,0,1,0,2,1,0,2,0,1,mls,xor
mls_xor,8,49,NonOverlappingTemplate,34,8,8,1.0,False,,False,  1   1   1   0   2   1   0   0   0   2     ----       8/8       NonOverlappingTemplate,1,1,1,0,2,1,0,0,0,2,mls,xor
mls_xor,8,50,NonOverlappingTemplate,35,8,8,1.0,False,,False,  0   0   1   0   1   1   3   0   1   1     ----       8/8       NonOverlappingTemplate,0,0,1,0,1,1,3,0,1,1,mls,xor
mls_xor,8,51,NonOverlappingTemplate,36,8,8,1.0,False,,False,  2   1   1   2   0   0   1   0   1   0     ----       8/8       NonOverlappingTemplate,2,1,1,2,0,0,1,0,1,0,mls,xor
mls_xor,8,52,NonOverlappingTemplate,37,8,8,1.0,False,,False,  1   0   1   0   0   0   0   3   1   2     ----       8/8       NonOverlappingTemplate,1,0,1,0,0,0,0,3,1,2,mls,xor
mls_xor,8,53,NonOverlappingTemplate,38,7,8,0.875,False,,False,  1   0   1   2   1   0   0   1   1   1     ----       7/8       NonOverlappingTemplate,1,0,1,2,1,0,0,1,1,1,mls,xor
mls_xor,8,54,NonOverlappingTemplate,39,8,8,1.0,False,,False,  0   0   1   4   1   1   0   0   1   0     ----       8/8       NonOverlappingTemplate,0,0,1,4,1,1,0,0,1,0,mls,xor
mls_xor,8,55,NonOverlappingTemplate,40,8,8,1.0,False,,False,  1   1   0   0   1   0   1   0   2   2     ----       8/8       NonOverlappingTemplate,1,1,0,0,1,0,1,0,2,2,mls,xor
mls_xor,8,56,NonOverlappingTemplate,41,8,8,1.0,False,,False,  0   3   2   0   0   1   0   0   2   0     ----       8/8       NonOverlappingTemplate,0,3,2,0,0,1,0,0,2,0,mls,xor
mls_xor,8,57,NonOverlappingTemplate,42,8,8,1.0,False,,False,  0   1   1   3   2   0   0   1   0   0     ----       8/8       NonOverlappingTemplate,0,1,1,3,2,0,0,1,0,0,mls,xor
mls_xor,8,58,NonOverlappingTemplate,43,8,8,1.0,False,,False,  0   0   0   3   1   2   0   0   1   1     ----       8/8       NonOverlappingTemplate,0,0,0,3,1,2,0,0,1,1,mls,xor
mls_xor,8,59,NonOverlappingTemplate,44,8,8,1.0,False,,False,  1   2   0   1   0   0   0   1   1   2     ----       8/8       NonOverlappingTemplate,1,2,0,1,0,0,0,1,1,2,mls,xor
mls_xor,8,60,NonOverlappingTemplate,45,8,8,1.0,False,,False,  2   2   0   0   0   0   0   1   1   2     ----       8/8       NonOverlappingTemplate,2,2,0,0,0,0,0,1,1,2,mls,xor
mls_xor,8,61,NonOverlappingTemplate,46,8,8,1.0,False,,False,  1   1   2   0   2   0   0   1   1   0     ----       8/8       NonOverlappingTemplate,1,1,2,0,2,0,0,1,1,0,mls,xor
mls_xor,8,62,NonOverlappingTemplate,47,8,8,1.0,False,,False,  1   1   0   1   1   2   0   0   1   1     ----       8/8       NonOverlappingTemplate,1,1,0,1,1,2,0,0,1,1,mls,xor
mls_xor,8,63,NonOverlappingTemplate,48,8,8,1.0,False,,False,  3   2   0   1   0   0   0   1   1   0     ----       8/8       NonOverlappingTemplate,3,2,0,1,0,0,0,1,1,0,mls,xor
mls_xor,8,64,NonOverlappingTemplate,49,8,8,1.0,False,,False,  1   1   1   0   1   0   1   0   2   1     ----       8/8       NonOverlappingTemplate,1,1,1,0,1,0,1,0,2,1,mls,xor
mls_xor,8,65,NonOverlappingTemplate,50,8,8,1.0,False,,False,  0   0   0   1   2   2   0   2   0   1     ----       8/8       NonOverlappingTemplate,0,0,0,1,2,2,0,2,0,1,mls,xor
mls_xor,8,66,NonOverlappingTemplate,51,8,8,1.0,False,,False,  0   2   1   0   0   1   0   1   2   1     ----       8/8       NonOverlappingTemplate,0,2,1,0,0,1,0,1,2,1,mls,xor
mls_xor,8,67,NonOverlappingTemplate,52,8,8,1.0,False,,False,  2   0   0   1   1   0   1   0   1   2     ----       8/8       NonOverlappingTemplate,2,0,0,1,1,0,1,0,1,2,mls,xor
mls_xor,8,68,NonOverlappingTemplate,53,8,8,1.0,False,,False,  1   1   1   2   0   1   1   1   0   0     ----       8/8       NonOverlappingTemplate,1,1,1,2,0,1,1,1,0,0,mls,xor
mls_xor,8,69,NonOverlappingTemplate,54,8,8,1.0,False,,False,  0   1   2   2   0   1   0   0   0   2     ----       8/8       NonOverlappingTemplate,0,1,2,2,0,1,0,0,0,2,mls,xor
mls_xor,8,70,NonOverlappingTemplate,55,8,8,1.0,False,,False,  0   0   2   2   2   0   0   1   1   0     ----       8/8       NonOverlappingTemplate,0,0,2,2,2,0,0,1,1,0,mls,xor
mls_xor,8,71,NonOverlappingTemplate,56,8,8,1.0,False,,False,  1   1   0   0   2   0   0   0   2   2     ----       8/8       NonOverlappingTemplate,1,1,0,0,2,0,0,0,2,2,mls,xor
mls_xor,8,72,NonOverlappingTemplate,57,8,8,1.0,False,,False,  1   0   1   1   1   1   1   0   1   1     ----       8/8       NonOverlappingTemplate,1,0,1,1,1,1,1,0,1,1,mls,xor
mls_xor,8,73,NonOverlappingTemplate,58,8,8,1.0,False,,False,  0   2   0   1   1   0   2   1   1   0     ----       8/8       NonOverlappingTemplate,0,2,0,1,1,0,2,1,1,0,mls,xor
mls_xor,8,74,NonOverlappingTemplate,59,8,8,1.0,False,,False,  0   0   1   3   1   0   0   2   0   1     ----       8/8       NonOverlappingTemplate,0,0,1,3,1,0,0,2,0,1,mls,xor
mls_xor,8,75,NonOverlappingTemplate,60,8,8,1.0,False,,False,  1   1   1   1   2   0   0   0   0   2     ----       8/8       NonOverlappingTemplate,1,1,1,1,2,0,0,0,0,2,mls,xor
mls_xor,8,76,NonOverlappingTemplate,61,8,8,1.0,False,,False,  0   2   2   1   0   0   0   1   2   0     ----       8/8       NonOverlappingTemplate,0,2,2,1,0,0,0,1,2,0,mls,xor
mls_xor,8,77,NonOverlappingTemplate,62,8,8,1.0,False,,False,  0   1   0   0   1   0   1   1   1   3     ----       8/8       NonOverlappingTemplate,0,1,0,0,1,0,1,1,1,3,mls,xor
mls_xor,8,78,NonOverlappingTemplate,63,8,8,1.0,False,,False,  0   2   0   0   2   1   0   1   0   2     ----       8/8       NonOverlappingTemplate,0,2,0,0,2,1,0,1,0,2,mls,xor
mls_xor,8,79,NonOverlappingTemplate,64,8,8,1.0,False,,False,  0   1   1   1   1   0   2   0   1   1     ----       8/8       NonOverlappingTemplate,0,1,1,1,1,0,2,0,1,1,mls,xor
mls_xor,8,80,NonOverlappingTemplate,65,8,8,1.0,False,,False,  0   0   1   0   0   1   2   3   0   1     ----       8/8       NonOverlappingTemplate,0,0,1,0,0,1,2,3,0,1,mls,xor
mls_xor,8,81,NonOverlappingTemplate,66,8,8,1.0,False,,False,  1   1   2   1   1   1   0   0   1   0     ----       8/8       NonOverlappingTemplate,1,1,2,1,1,1,0,0,1,0,mls,xor
mls_xor,8,82,NonOverlappingTemplate,67,8,8,1.0,False,,False,  0   0   0   0   0   1   2   0   3   2     ----       8/8       NonOverlappingTemplate,0,0,0,0,0,1,2,0,3,2,mls,xor
mls_xor,8,83,NonOverlappingTemplate,68,8,8,1.0,False,,False,  1   1   1   2   2   0   0   0   1   0     ----       8/8       NonOverlappingTemplate,1,1,1,2,2,0,0,0,1,0,mls,xor
mls_xor,8,84,NonOverlappingTemplate,69,8,8,1.0,False,,False,  1   1   0   0   2   1   1   1   0   1     ----       8/8       NonOverlappingTemplate,1,1,0,0,2,1,1,1,0,1,mls,xor
mls_xor,8,85,NonOverlappingTemplate,70,8,8,1.0,False,,False,  3   1   0   0   0   1   0   1   0   2     ----       8/8       NonOverlappingTemplate,3,1,0,0,0,1,0,1,0,2,mls,xor
mls_xor,8,86,NonOverlappingTemplate,71,8,8,1.0,False,,False,  0   2   0   0   2   1   0   1   1   1     ----       8/8       NonOverlappingTemplate,0,2,0,0,2,1,0,1,1,1,mls,xor
mls_xor,8,87,NonOverlappingTemplate,72,8,8,1.0,False,,False,  1   0   3   0   1   0   1   0   2   0     ----       8/8       NonOverlappingTemplate,1,0,3,0,1,0,1,0,2,0,mls,xor
mls_xor,8,88,NonOverlappingTemplate,73,8,8,1.0,False,,False,  1   1   0   0   3   2   0   0   1   0     ----       8/8       NonOverlappingTemplate,1,1,0,0,3,2,0,0,1,0,mls,xor
mls_xor,8,89,NonOverlappingTemplate,74,8,8,1.0,False,,False,  0   1   1   2   0   0   1   0   2   1     ----       8/8       NonOverlappingTemplate,0,1,1,2,0,0,1,0,2,1,mls,xor
mls_xor,8,90,NonOverlappingTemplate,75,8,8,1.0,False,,False,  2   1   0   0   0   2   1   1   1   0     ----       8/8       NonOverlappingTemplate,2,1,0,0,0,2,1,1,1,0,mls,xor
mls_xor,8,91,NonOverlappingTemplate,76,8,8,1.0,False,,False,  0   0   1   3   1   0   1   0   2   0     ----       8/8       NonOverlappingTemplate,0,0,1,3,1,0,1,0,2,0,mls,xor
mls_xor,8,92,NonOverlappingTemplate,77,8,8,1.0,False,,False,  0   1   1   0   0   0   0   1   3   2     ----       8/8       NonOverlappingTemplate,0,1,1,0,0,0,0,1,3,2,mls,xor
mls_xor,8,93,NonOverlappingTemplate,78,8,8,1.0,False,,False,  1   1   0   3   2   0   0   1   0   0     ----       8/8       NonOverlappingTemplate,1,1,0,3,2,0,0,1,0,0,mls,xor
mls_xor,8,94,NonOverlappingTemplate,79,8,8,1.0,False,,False,  1   1   0   1   0   1   2   2   0   0     ----       8/8       NonOverlappingTemplate,1,1,0,1,0,1,2,2,0,0,mls,xor
mls_xor,8,95,NonOverlappingTemplate,80,8,8,1.0,False,,False,  0   1   0   1   2   1   1   1   1   0     ----       8/8       NonOverlappingTemplate,0,1,0,1,2,1,1,1,1,0,mls,xor
mls_xor,8,96,NonOverlappingTemplate,81,8,8,1.0,False,,False,  0   1   1   0   4   0   0   1   0   1     ----       8/8       NonOverlappingTemplate,0,1,1,0,4,0,0,1,0,1,mls,xor
mls_xor,8,97,NonOverlappingTemplate,82,7,8,0.875,False,,False,  1   1   0   0   0   0   2   0   0   4     ----       7/8       NonOverlappingTemplate,1,1,0,0,0,0,2,0,0,4,mls,xor
mls_xor,8,98,NonOverlappingTemplate,83,8,8,1.0,False,,False,  0   2   0   1   1   1   0   2   0   1     ----       8/8       NonOverlappingTemplate,0,2,0,1,1,1,0,2,0,1,mls,xor
mls_xor,8,99,NonOverlappingTemplate,84,8,8,1.0,False,,False,  0   0   1   0   1   2   2   0   1   1     ----       8/8       NonOverlappingTemplate,0,0,1,0,1,2,2,0,1,1,mls,xor
mls_xor,8,100,NonOverlappingTemplate,85,8,8,1.0,False,,False,  1   1   3   0   1   1   1   0   0   0     ----       8/8       NonOverlappingTemplate,1,1,3,0,1,1,1,0,0,0,mls,xor
mls_xor,8,101,NonOverlappingTemplate,86,8,8,1.0,False,,False,  0   0   1   1   0   2   1   1   1   1     ----       8/8       NonOverlappingTemplate,0,0,1,1,0,2,1,1,1,1,mls,xor
mls_xor,8,102,NonOverlappingTemplate,87,8,8,1.0,False,,False,  0   0   2   0   1   1   1   1   0   2     ----       8/8       NonOverlappingTemplate,0,0,2,0,1,1,1,1,0,2,mls,xor
mls_xor,8,103,NonOverlappingTemplate,88,8,8,1.0,False,,False,  1   2   1   0   1   0   0   1   2   0     ----       8/8       NonOverlappingTemplate,1,2,1,0,1,0,0,1,2,0,mls,xor
mls_xor,8,104,NonOverlappingTemplate,89,8,8,1.0,False,,False,  1   1   0   1   0   0   1   2   1   1     ----       8/8       NonOverlappingTemplate,1,1,0,1,0,0,1,2,1,1,mls,xor
mls_xor,8,105,NonOverlappingTemplate,90,7,8,0.875,False,,False,  1   1   0   0   1   0   2   3   0   0     ----       7/8       NonOverlappingTemplate,1,1,0,0,1,0,2,3,0,0,mls,xor
mls_xor,8,106,NonOverlappingTemplate,91,8,8,1.0,False,,False,  2   1   1   2   0   1   0   0   1   0     ----       8/8       NonOverlappingTemplate,2,1,1,2,0,1,0,0,1,0,mls,xor
mls_xor,8,107,NonOverlappingTemplate,92,8,8,1.0,False,,False,  3   1   1   0   0   0   0   0   2   1     ----       8/8       NonOverlappingTemplate,3,1,1,0,0,0,0,0,2,1,mls,xor
mls_xor,8,108,NonOverlappingTemplate,93,8,8,1.0,False,,False,  1   1   1   0   0   1   1   1   1   1     ----       8/8       NonOverlappingTemplate,1,1,1,0,0,1,1,1,1,1,mls,xor
mls_xor,8,109,NonOverlappingTemplate,94,8,8,1.0,False,,False,  1   2   0   0   2   0   0   2   1   0     ----       8/8       NonOverlappingTemplate,1,2,0,0,2,0,0,2,1,0,mls,xor
mls_xor,8,110,NonOverlappingTemplate,95,8,8,1.0,False,,False,  1   2   0   2   0   1   0   0   1   1     ----       8/8       NonOverlappingTemplate,1,2,0,2,0,1,0,0,1,1,mls,xor
mls_xor,8,111,NonOverlappingTemplate,96,8,8,1.0,False,,False,  0   0   3   1   0   0   1   1   0   2     ----       8/8       NonOverlappingTemplate,0,0,3,1,0,0,1,1,0,2,mls,xor
mls_xor,8,112,NonOverlappingTemplate,97,8,8,1.0,False,,False,  1   0   0   0   0   1   4   0   0   2     ----       8/8       NonOverlappingTemplate,1,0,0,0,0,1,4,0,0,2,mls,xor
mls_xor,8,113,NonOverlappingTemplate,98,8,8,1.0,False,,False,  1   3   0   1   0   0   0   2   1   0     ----       8/8       NonOverlappingTemplate,1,3,0,1,0,0,0,2,1,0,mls,xor
mls_xor,8,114,NonOverlappingTemplate,99,8,8,1.0,False,,False,  1   2   0   0   0   0   1   0   2   2     ----       8/8       NonOverlappingTemplate,1,2,0,0,0,0,1,0,2,2,mls,xor
mls_xor,8,115,NonOverlappingTemplate,100,8,8,1.0,False,,False,  1   1   0   0   1   1   3   0   0   1     ----       8/8       NonOverlappingTemplate,1,1,0,0,1,1,3,0,0,1,mls,xor
mls_xor,8,116,NonOverlappingTemplate,101,8,8,1.0,False,,False,  1   1   2   1   1   1   0   0   1   0     ----       8/8       NonOverlappingTemplate,1,1,2,1,1,1,0,0,1,0,mls,xor
mls_xor,8,117,NonOverlappingTemplate,102,8,8,1.0,False,,False,  1   1   1   2   1   1   0   0   0   1     ----       8/8       NonOverlappingTemplate,1,1,1,2,1,1,0,0,0,1,mls,xor
mls_xor,8,118,NonOverlappingTemplate,103,8,8,1.0,False,,False,  1   1   0   1   0   2   2   1   0   0     ----       8/8       NonOverlappingTemplate,1,1,0,1,0,2,2,1,0,0,mls,xor
mls_xor,8,119,NonOverlappingTemplate,104,7,8,0.875,False,,False,  1   1   1   1   0   3   0   1   0   0     ----       7/8       NonOverlappingTemplate,1,1,1,1,0,3,0,1,0,0,mls,xor
mls_xor,8,120,NonOverlappingTemplate,105,8,8,1.0,False,,False,  0   1   0   3   0   0   1   1   0   2     ----       8/8       NonOverlappingTemplate,0,1,0,3,0,0,1,1,0,2,mls,xor
mls_xor,8,121,NonOverlappingTemplate,106,8,8,1.0,False,,False,  1   1   1   1   0   0   3   0   0   1     ----       8/8       NonOverlappingTemplate,1,1,1,1,0,0,3,0,0,1,mls,xor
mls_xor,8,122,NonOverlappingTemplate,107,8,8,1.0,False,,False,  0   0   1   2   2   1   0   1   0   1     ----       8/8       NonOverlappingTemplate,0,0,1,2,2,1,0,1,0,1,mls,xor
mls_xor,8,123,NonOverlappingTemplate,108,8,8,1.0,False,,False,  0   0   2   1   1   0   0   1   3   0     ----       8/8       NonOverlappingTemplate,0,0,2,1,1,0,0,1,3,0,mls,xor
mls_xor,8,124,NonOverlappingTemplate,109,8,8,1.0,False,,False,  1   0   0   1   0   3   1   1   1   0     ----       8/8       NonOverlappingTemplate,1,0,0,1,0,3,1,1,1,0,mls,xor
mls_xor,8,125,NonOverlappingTemplate,110,8,8,1.0,False,,False,  0   0   2   2   1   0   1   2   0   0     ----       8/8       NonOverlappingTemplate,0,0,2,2,1,0,1,2,0,0,mls,xor
mls_xor,8,126,NonOverlappingTemplate,111,8,8,1.0,False,,False,  1   1   0   0   0   2   2   0   0   2     ----       8/8       NonOverlappingTemplate,1,1,0,0,0,2,2,0,0,2,mls,xor
mls_xor,8,127,NonOverlappingTemplate,112,8,8,1.0,False,,False,  0   1   0   2   0   0   2   0   2   1     ----       8/8       NonOverlappingTemplate,0,1,0,2,0,0,2,0,2,1,mls,xor
mls_xor,8,128,NonOverlappingTemplate,113,8,8,1.0,False,,False,  0   0   0   1   1   2   1   1   1   1     ----       8/8       NonOverlappingTemplate,0,0,0,1,1,2,1,1,1,1,mls,xor
mls_xor,8,129,NonOverlappingTemplate,114,8,8,1.0,False,,False,  2   1   0   0   0   1   2   1   1   0     ----       8/8       NonOverlappingTemplate,2,1,0,0,0,1,2,1,1,0,mls,xor
mls_xor,8,130,NonOverlappingTemplate,115,8,8,1.0,False,,False,  4   0   0   2   0   0   0   0   1   1     ----       8/8       NonOverlappingTemplate,4,0,0,2,0,0,0,0,1,1,mls,xor
mls_xor,8,131,NonOverlappingTemplate,116,8,8,1.0,False,,False,  0   0   0   2   1   0   0   0   2   3     ----       8/8       NonOverlappingTemplate,0,0,0,2,1,0,0,0,2,3,mls,xor
mls_xor,8,132,NonOverlappingTemplate,117,8,8,1.0,False,,False,  0   3   0   0   1   0   3   0   0   1     ----       8/8       NonOverlappingTemplate,0,3,0,0,1,0,3,0,0,1,mls,xor
mls_xor,8,133,NonOverlappingTemplate,118,8,8,1.0,False,,False,  2   0   1   1   2   1   0   0   1   0     ----       8/8       NonOverlappingTemplate,2,0,1,1,2,1,0,0,1,0,mls,xor
mls_xor,8,134,NonOverlappingTemplate,119,8,8,1.0,False,,False,  1   1   0   0   2   0   2   1   0   1     ----       8/8       NonOverlappingTemplate,1,1,0,0,2,0,2,1,0,1,mls,xor
mls_xor,8,135,NonOverlappingTemplate,120,8,8,1.0,False,,False,  0   1   0   1   1   1   0   1   1   2     ----       8/8       NonOverlappingTemplate,0,1,0,1,1,1,0,1,1,2,mls,xor
mls_xor,8,136,NonOverlappingTemplate,121,8,8,1.0,False,,False,  0   1   1   1   0   1   0   1   1   2     ----       8/8       NonOverlappingTemplate,0,1,1,1,0,1,0,1,1,2,mls,xor
mls_xor,8,137,NonOverlappingTemplate,122,8,8,1.0,False,,False,  1   2   0   1   1   1   0   0   0   2     ----       8/8       NonOverlappingTemplate,1,2,0,1,1,1,0,0,0,2,mls,xor
mls_xor,8,138,NonOverlappingTemplate,123,8,8,1.0,False,,False,  0   2   2   0   0   0   2   1   1   0     ----       8/8       NonOverlappingTemplate,0,2,2,0,0,0,2,1,1,0,mls,xor
mls_xor,8,139,NonOverlappingTemplate,124,8,8,1.0,False,,False,  1   3   1   0   1   1   0   1   0   0     ----       8/8       NonOverlappingTemplate,1,3,1,0,1,1,0,1,0,0,mls,xor
mls_xor,8,140,NonOverlappingTemplate,125,8,8,1.0,False,,False,  0   2   0   1   2   1   0   1   0   1     ----       8/8       NonOverlappingTemplate,0,2,0,1,2,1,0,1,0,1,mls,xor
mls_xor,8,141,NonOverlappingTemplate,126,8,8,1.0,False,,False,  1   0   2   2   1   0   1   0   0   1     ----       8/8       NonOverlappingTemplate,1,0,2,2,1,0,1,0,0,1,mls,xor
mls_xor,8,142,NonOverlappingTemplate,127,8,8,1.0,False,,False,  1   0   2   0   2   2   0   0   1   0     ----       8/8       NonOverlappingTemplate,1,0,2,0,2,2,0,0,1,0,mls,xor
mls_xor,8,143,NonOverlappingTemplate,128,8,8,1.0,False,,False,  0   1   1   2   1   0   0   2   1   0     ----       8/8       NonOverlappingTemplate,0,1,1,2,1,0,0,2,1,0,mls,xor
mls_xor,8,144,NonOverlappingTemplate,129,8,8,1.0,False,,False,  1   0   1   0   1   1   0   1   3   0     ----       8/8       NonOverlappingTemplate,1,0,1,0,1,1,0,1,3,0,mls,xor
mls_xor,8,145,NonOverlappingTemplate,130,7,8,0.875,False,,False,  1   0   2   2   0   0   1   0   1   1     ----       7/8       NonOverlappingTemplate,1,0,2,2,0,0,1,0,1,1,mls,xor
mls_xor,8,146,NonOverlappingTemplate,131,8,8,1.0,False,,False,  1   1   1   1   1   2   0   1   0   0     ----       8/8       NonOverlappingTemplate,1,1,1,1,1,2,0,1,0,0,mls,xor
mls_xor,8,147,NonOverlappingTemplate,132,8,8,1.0,False,,False,  1   0   0   0   2   1   2   1   1   0     ----       8/8       NonOverlappingTemplate,1,0,0,0,2,1,2,1,1,0,mls,xor
mls_xor,8,148,NonOverlappingTemplate,133,8,8,1.0,False,,False,  1   3   1   0   0   0   0   1   2   0     ----       8/8       NonOverlappingTemplate,1,3,1,0,0,0,0,1,2,0,mls,xor
mls_xor,8,149,NonOverlappingTemplate,134,8,8,1.0,False,,False,  1   2   0   0   0   1   1   1   1   1     ----       8/8       NonOverlappingTemplate,1,2,0,0,0,1,1,1,1,1,mls,xor
mls_xor,8,150,NonOverlappingTemplate,135,8,8,1.0,False,,False,  2   1   1   0   0   1   0   0   2   1     ----       8/8       NonOverlappingTemplate,2,1,1,0,0,1,0,0,2,1,mls,xor
mls_xor,8,151,NonOverlappingTemplate,136,8,8,1.0,False,,False,  0   1   2   0   0   0   3   1   1   0     ----       8/8       NonOverlappingTemplate,0,1,2,0,0,0,3,1,1,0,mls,xor
mls_xor,8,152,NonOverlappingTemplate,137,8,8,1.0,False,,False,  0   0   2   0   4   0   1   0   0   1     ----       8/8       NonOverlappingTemplate,0,0,2,0,4,0,1,0,0,1,mls,xor
mls_xor,8,153,NonOverlappingTemplate,138,8,8,1.0,False,,False,  2   1   1   0   0   1   0   0   2   1     ----       8/8       NonOverlappingTemplate,2,1,1,0,0,1,0,0,2,1,mls,xor
mls_xor,8,154,NonOverlappingTemplate,139,8,8,1.0,False,,False,  0   2   0   0   0   2   3   0   0   1     ----       8/8       NonOverlappingTemplate,0,2,0,0,0,2,3,0,0,1,mls,xor
mls_xor,8,155,NonOverlappingTemplate,140,8,8,1.0,False,,False,  1   2   2   0   0   1   1   0   0   1     ----       8/8       NonOverlappingTemplate,1,2,2,0,0,1,1,0,0,1,mls,xor
mls_xor,8,156,NonOverlappingTemplate,141,8,8,1.0,False,,False,  1   0   2   1   0   0   2   0   1   1     ----       8/8       NonOverlappingTemplate,1,0,2,1,0,0,2,0,1,1,mls,xor
mls_xor,8,157,NonOverlappingTemplate,142,8,8,1.0,False,,False,  1   1   0   2   1   1   1   1   0   0     ----       8/8       NonOverlappingTemplate,1,1,0,2,1,1,1,1,0,0,mls,xor
mls_xor,8,158,NonOverlappingTemplate,143,8,8,1.0,False,,False,  0   1   0   2   2   1   0   1   0   1     ----       8/8       NonOverlappingTemplate,0,1,0,2,2,1,0,1,0,1,mls,xor
mls_xor,8,159,NonOverlappingTemplate,144,7,8,0.875,False,,False,  1   1   1   1   0   0   1   1   0   2     ----       7/8       NonOverlappingTemplate,1,1,1,1,0,0,1,1,0,2,mls,xor
mls_xor,8,160,NonOverlappingTemplate,145,8,8,1.0,False,,False,  1   0   0   1   0   1   1   1   2   1     ----       8/8       NonOverlappingTemplate,1,0,0,1,0,1,1,1,2,1,mls,xor
mls_xor,8,161,NonOverlappingTemplate,146,8,8,1.0,False,,False,  3   1   0   0   1   1   1   1   0   0     ----       8/8       NonOverlappingTemplate,3,1,0,0,1,1,1,1,0,0,mls,xor
mls_xor,8,162,NonOverlappingTemplate,147,8,8,1.0,False,,False,  0   0   1   0   2   2   1   1   1   0     ----       8/8       NonOverlappingTemplate,0,0,1,0,2,2,1,1,1,0,mls,xor
mls_xor,8,163,NonOverlappingTemplate,148,8,8,1.0,False,,False,  0   1   1   2   0   0   1   0   2   1     ----       8/8       NonOverlappingTemplate,0,1,1,2,0,0,1,0,2,1,mls,xor
mls_xor,8,164,OverlappingTemplate,1,8,8,1.0,False,,False,  1   2   0   1   1   0   0   2   1   0     ----       8/8       OverlappingTemplate,1,2,0,1,1,0,0,2,1,0,mls,xor
mls_xor,8,165,Universal,1,8,8,1.0,False,,False,  0   1   1   1   2   1   0   2   0   0     ----       8/8       Universal,0,1,1,1,2,1,0,2,0,0,mls,xor
mls_xor,8,166,ApproximateEntropy,1,8,8,1.0,False,,False,  3   0   2   0   0   2   0   0   1   0     ----       8/8       ApproximateEntropy,3,0,2,0,0,2,0,0,1,0,mls,xor
mls_xor,8,167,RandomExcursions,1,4,4,1.0,False,,False,  0   0   0   0   0   1   0   1   0   2     ----       4/4       RandomExcursions,0,0,0,0,0,1,0,1,0,2,mls,xor
mls_xor,8,168,RandomExcursions,2,4,4,1.0,False,,False,  0   0   1   1   1   0   0   0   1   0     ----       4/4       RandomExcursions,0,0,1,1,1,0,0,0,1,0,mls,xor
mls_xor,8,169,RandomExcursions,3,4,4,1.0,False,,False,  0   0   0   2   1   0   1   0   0   0     ----       4/4       RandomExcursions,0,0,0,2,1,0,1,0,0,0,mls,xor
mls_xor,8,170,RandomExcursions,4,4,4,1.0,False,,False,  0   0   0   0   0   2   0   2   0   0     ----       4/4       RandomExcursions,0,0,0,0,0,2,0,2,0,0,mls,xor
mls_xor,8,171,RandomExcursions,5,4,4,1.0,False,,False,  0   0   1   1   0   0   0   0   1   1     ----       4/4       RandomExcursions,0,0,1,1,0,0,0,0,1,1,mls,xor
mls_xor,8,172,RandomExcursions,6,4,4,1.0,False,,False,  1   0   1   0   0   1   0   0   0   1     ----       4/4       RandomExcursions,1,0,1,0,0,1,0,0,0,1,mls,xor
mls_xor,8,173,RandomExcursions,7,4,4,1.0,False,,False,  0   0   0   0   2   2   0   0   0   0     ----       4/4       RandomExcursions,0,0,0,0,2,2,0,0,0,0,mls,xor
mls_xor,8,174,RandomExcursions,8,4,4,1.0,False,,False,  1   1   0   0   0   1   1   0   0   0     ----       4/4       RandomExcursions,1,1,0,0,0,1,1,0,0,0,mls,xor
mls_xor,8,175,RandomExcursionsVariant,1,4,4,1.0,False,,False,  0   0   0   0   0   0   1   2   1   0     ----       4/4       RandomExcursionsVariant,0,0,0,0,0,0,1,2,1,0,mls,xor
mls_xor,8,176,RandomExcursionsVariant,2,4,4,1.0,False,,False,  0   0   0   0   0   0   1   1   1   1     ----       4/4       RandomExcursionsVariant,0,0,0,0,0,0,1,1,1,1,mls,xor
mls_xor,8,177,RandomExcursionsVariant,3,4,4,1.0,False,,False,  0   0   0   0   0   1   1   1   0   1     ----       4/4       RandomExcursionsVariant,0,0,0,0,0,1,1,1,0,1,mls,xor
mls_xor,8,178,RandomExcursionsVariant,4,4,4,1.0,False,,False,  0   0   0   0   0   1   1   0   0   2     ----       4/4       RandomExcursionsVariant,0,0,0,0,0,1,1,0,0,2,mls,xor
mls_xor,8,179,RandomExcursionsVariant,5,4,4,1.0,False,,False,  0   0   0   1   0   0   0   0   1   2     ----       4/4       RandomExcursionsVariant,0,0,0,1,0,0,0,0,1,2,mls,xor
mls_xor,8,180,RandomExcursionsVariant,6,4,4,1.0,False,,False,  0   0   1   0   0   1   0   0   2   0     ----       4/4       RandomExcursionsVariant,0,0,1,0,0,1,0,0,2,0,mls,xor
mls_xor,8,181,RandomExcursionsVariant,7,4,4,1.0,False,,False,  0   0   1   0   1   0   1   1   0   0     ----       4/4       RandomExcursionsVariant,0,0,1,0,1,0,1,1,0,0,mls,xor
mls_xor,8,182,RandomExcursionsVariant,8,4,4,1.0,False,,False,  0   0   0   0   0   0   2   1   1   0     ----       4/4       RandomExcursionsVariant,0,0,0,0,0,0,2,1,1,0,mls,xor
mls_xor,8,183,RandomExcursionsVariant,9,4,4,1.0,False,,False,  0   0   0   1   0   0   1   0   1   1     ----       4/4       RandomExcursionsVariant,0,0,0,1,0,0,1,0,1,1,mls,xor
mls_xor,8,184,RandomExcursionsVariant,10,4,4,1.0,False,,False,  1   0   0   1   1   0   1   0   0   0     ----       4/4       RandomExcursionsVariant,1,0,0,1,1,0,1,0,0,0,mls,xor
mls_xor,8,185,RandomExcursionsVariant,11,4,4,1.0,False,,False,  0   0   1   1   1   0   0   0   0   1     ----       4/4       RandomExcursionsVariant,0,0,1,1,1,0,0,0,0,1,mls,xor
mls_xor,8,186,RandomExcursionsVariant,12,4,4,1.0,False,,False,  0   0   1   1   1   1   0   0   0   0     ----       4/4       RandomExcursionsVariant,0,0,1,1,1,1,0,0,0,0,mls,xor
mls_xor,8,187,RandomExcursionsVariant,13,4,4,1.0,False,,False,  0   1   0   2   0   0   0   0   1   0     ----       4/4       RandomExcursionsVariant,0,1,0,2,0,0,0,0,1,0,mls,xor
mls_xor,8,188,RandomExcursionsVariant,14,4,4,1.0,False,,False,  0   0   1   1   1   0   0   0   1   0     ----       4/4       RandomExcursionsVariant,0,0,1,1,1,0,0,0,1,0,mls,xor
mls_xor,8,189,RandomExcursionsVariant,15,4,4,1.0,False,,False,  0   1   0   0   2   1   0   0   0   0     ----       4/4       RandomExcursionsVariant,0,1,0,0,2,1,0,0,0,0,mls,xor
mls_xor,8,190,RandomExcursionsVariant,16,4,4,1.0,False,,False,  0   0   1   2   0   0   1   0   0   0     ----       4/4       RandomExcursionsVariant,0,0,1,2,0,0,1,0,0,0,mls,xor
mls_xor,8,191,RandomExcursionsVariant,17,4,4,1.0,False,,False,  0   0   2   0   1   0   0   1   0   0     ----       4/4       RandomExcursionsVariant,0,0,2,0,1,0,0,1,0,0,mls,xor
mls_xor,8,192,RandomExcursionsVariant,18,4,4,1.0,False,,False,  0   0   0   1   1   0   2   0   0   0     ----       4/4       RandomExcursionsVariant,0,0,0,1,1,0,2,0,0,0,mls,xor
mls_xor,8,193,Serial,1,8,8,1.0,False,,False,  0   3   0   2   0   0   1   1   1   0     ----       8/8       Serial,0,3,0,2,0,0,1,1,1,0,mls,xor
mls_xor,8,194,Serial,2,8,8,1.0,False,,False,  1   0   2   1   1   1   0   1   0   1     ----       8/8       Serial,1,0,2,1,1,1,0,1,0,1,mls,xor
mls_xor,8,195,LinearComplexity,1,0,8,0.0,True,,False,  8   0   0   0   0   0   0   0   0   0     ----       0/8    *  LinearComplexity,8,0,0,0,0,0,0,0,0,0,mls,xor
pycryptodome_raw,8,8,Frequency,1,8,8,1.0,False,,False,  0   1   2   1   1   1   1   1   0   0     ----       8/8       Frequency,0,1,2,1,1,1,1,1,0,0,pycryptodome,raw
pycryptodome_raw,8,9,BlockFrequency,1,7,8,0.875,False,,False,  1   2   0   0   0   0   2   2   1   0     ----       7/8       BlockFrequency,1,2,0,0,0,0,2,2,1,0,pycryptodome,raw
pycryptodome_raw,8,10,CumulativeSums,1,8,8,1.0,False,,False,  0   2   0   0   2   2   0   2   0   0     ----       8/8       CumulativeSums,0,2,0,0,2,2,0,2,0,0,pycryptodome,raw
pycryptodome_raw,8,11,CumulativeSums,2,8,8,1.0,False,,False,  1   0   0   1   2   2   0   1   1   0     ----       8/8       CumulativeSums,1,0,0,1,2,2,0,1,1,0,pycryptodome,raw
pycryptodome_raw,8,12,Runs,1,8,8,1.0,False,,False,  0   0   1   0   0   2   1   1   3   0     ----       8/8       Runs,0,0,1,0,0,2,1,1,3,0,pycryptodome,raw
pycryptodome_raw,8,13,LongestRun,1,8,8,1.0,False,,False,  0   3   1   2   0   0   1   0   0   1     ----       8/8       LongestRun,0,3,1,2,0,0,1,0,0,1,pycryptodome,raw
pycryptodome_raw,8,14,Rank,1,8,8,1.0,False,,False,  3   1   1   1   1   0   0   0   1   0     ----       8/8       Rank,3,1,1,1,1,0,0,0,1,0,pycryptodome,raw
pycryptodome_raw,8,15,FFT,1,8,8,1.0,False,,False,  0   2   1   1   1   0   1   1   1   0     ----       8/8       FFT,0,2,1,1,1,0,1,1,1,0,pycryptodome,raw
pycryptodome_raw,8,16,NonOverlappingTemplate,1,8,8,1.0,False,,False,  0   3   1   0   0   3   0   1   0   0     ----       8/8       NonOverlappingTemplate,0,3,1,0,0,3,0,1,0,0,pycryptodome,raw
pycryptodome_raw,8,17,NonOverlappingTemplate,2,8,8,1.0,False,,False,  0   0   0   0   2   4   1   0   1   0     ----       8/8       NonOverlappingTemplate,0,0,0,0,2,4,1,0,1,0,pycryptodome,raw
pycryptodome_raw,8,18,NonOverlappingTemplate,3,8,8,1.0,False,,False,  1   1   1   0   2   0   0   1   0   2     ----       8/8       NonOverlappingTemplate,1,1,1,0,2,0,0,1,0,2,pycryptodome,raw
pycryptodome_raw,8,19,NonOverlappingTemplate,4,7,8,0.875,False,,False,  2   0   0   0   0   2   1   1   2   0     ----       7/8       NonOverlappingTemplate,2,0,0,0,0,2,1,1,2,0,pycryptodome,raw
pycryptodome_raw,8,20,NonOverlappingTemplate,5,8,8,1.0,False,,False,  0   0   4   1   0   0   1   2   0   0     ----       8/8       NonOverlappingTemplate,0,0,4,1,0,0,1,2,0,0,pycryptodome,raw
pycryptodome_raw,8,21,NonOverlappingTemplate,6,8,8,1.0,False,,False,  0   1   0   0   2   1   1   1   2   0     ----       8/8       NonOverlappingTemplate,0,1,0,0,2,1,1,1,2,0,pycryptodome,raw
pycryptodome_raw,8,22,NonOverlappingTemplate,7,8,8,1.0,False,,False,  1   1   0   0   1   2   0   0   0   3     ----       8/8       NonOverlappingTemplate,1,1,0,0,1,2,0,0,0,3,pycryptodome,raw
pycryptodome_raw,8,23,NonOverlappingTemplate,8,8,8,1.0,False,,False,  1   2   1   2   1   1   0   0   0   0     ----       8/8       NonOverlappingTemplate,1,2,1,2,1,1,0,0,0,0,pycryptodome,raw
pycryptodome_raw,8,24,NonOverlappingTemplate,9,8,8,1.0,False,,False,  0   0   0   0   0   3   0   2   2   1     ----       8/8       NonOverlappingTemplate,0,0,0,0,0,3,0,2,2,1,pycryptodome,raw
pycryptodome_raw,8,25,NonOverlappingTemplate,10,8,8,1.0,False,,False,  0   1   0   0   0   2   1   1   1   2     ----       8/8       NonOverlappingTemplate,0,1,0,0,0,2,1,1,1,2,pycryptodome,raw
pycryptodome_raw,8,26,NonOverlappingTemplate,11,8,8,1.0,False,,False,  0   2   1   2   1   0   1   0   0   1     ----       8/8       NonOverlappingTemplate,0,2,1,2,1,0,1,0,0,1,pycryptodome,raw
pycryptodome_raw,8,27,NonOverlappingTemplate,12,8,8,1.0,False,,False,  0   1   2   0   0   1   1   0   1   2     ----       8/8       NonOverlappingTemplate,0,1,2,0,0,1,1,0,1,2,pycryptodome,raw
pycryptodome_raw,8,28,NonOverlappingTemplate,13,7,8,0.875,False,,False,  1   1   1   1   0   2   0   0   0   2     ----       7/8       NonOverlappingTemplate,1,1,1,1,0,2,0,0,0,2,pycryptodome,raw
pycryptodome_raw,8,29,NonOverlappingTemplate,14,8,8,1.0,False,,False,  1   0   1   2   0   0   2   2   0   0     ----       8/8       NonOverlappingTemplate,1,0,1,2,0,0,2,2,0,0,pycryptodome,raw
pycryptodome_raw,8,30,NonOverlappingTemplate,15,8,8,1.0,False,,False,  0   1   3   0   0   2   1   0   1   0     ----       8/8       NonOverlappingTemplate,0,1,3,0,0,2,1,0,1,0,pycryptodome,raw
pycryptodome_raw,8,31,NonOverlappingTemplate,16,8,8,1.0,False,,False,  1   0   0   1   1   0   0   2   1   2     ----       8/8       NonOverlappingTemplate,1,0,0,1,1,0,0,2,1,2,pycryptodome,raw
pycryptodome_raw,8,32,NonOverlappingTemplate,17,8,8,1.0,False,,False,  1   0   1   0   1   2   0   0   2   1     ----       8/8       NonOverlappingTemplate,1,0,1,0,1,2,0,0,2,1,pycryptodome,raw
pycryptodome_raw,8,33,NonOverlappingTemplate,18,8,8,1.0,False,,False,  0   2   2   0   0   0   0   0   2   2     ----       8/8       NonOverlappingTemplate,0,2,2,0,0,0,0,0,2,2,pycryptodome,raw
pycryptodome_raw,8,34,NonOverlappingTemplate,19,8,8,1.0,False,,False,  0   1   2   2   0   0   1   2   0   0     ----       8/8       NonOverlappingTemplate,0,1,2,2,0,0,1,2,0,0,pycryptodome,raw
pycryptodome_raw,8,35,NonOverlappingTemplate,20,8,8,1.0,False,,False,  1   1   0   0   2   0   3   0   1   0     ----       8/8       NonOverlappingTemplate,1,1,0,0,2,0,3,0,1,0,pycryptodome,raw
pycryptodome_raw,8,36,NonOverlappingTemplate,21,8,8,1.0,False,,False,  0   0   0   0   2   2   0   2   1   1     ----       8/8       NonOverlappingTemplate,0,0,0,0,2,2,0,2,1,1,pycryptodome,raw
pycryptodome_raw,8,37,NonOverlappingTemplate,22,8,8,1.0,False,,False,  1   2   1   0   0   1   1   1   1   0     ----       8/8       NonOverlappingTemplate,1,2,1,0,0,1,1,1,1,0,pycryptodome,raw
pycryptodome_raw,8,38,NonOverlappingTemplate,23,8,8,1.0,False,,False,  0   0   1   2   1   1   1   1   0   1     ----       8/8       NonOverlappingTemplate,0,0,1,2,1,1,1,1,0,1,pycryptodome,raw
pycryptodome_raw,8,39,NonOverlappingTemplate,24,8,8,1.0,False,,False,  0   0   1   2   2   0   2   0   0   1     ----       8/8       NonOverlappingTemplate,0,0,1,2,2,0,2,0,0,1,pycryptodome,raw
pycryptodome_raw,8,40,NonOverlappingTemplate,25,8,8,1.0,False,,False,  1   0   0   0   2   0   1   1   0   3     ----       8/8       NonOverlappingTemplate,1,0,0,0,2,0,1,1,0,3,pycryptodome,raw
pycryptodome_raw,8,41,NonOverlappingTemplate,26,8,8,1.0,False,,False,  1   0   1   1   2   1   0   0   1   1     ----       8/8       NonOverlappingTemplate,1,0,1,1,2,1,0,0,1,1,pycryptodome,raw
pycryptodome_raw,8,42,NonOverlappingTemplate,27,8,8,1.0,False,,False,  0   2   0   0   3   0   1   0   0   2     ----       8/8       NonOverlappingTemplate,0,2,0,0,3,0,1,0,0,2,pycryptodome,raw
pycryptodome_raw,8,43,NonOverlappingTemplate,28,8,8,1.0,False,,False,  0   0   0   1   2   1   3   1   0   0     ----       8/8       NonOverlappingTemplate,0,0,0,1,2,1,3,1,0,0,pycryptodome,raw
pycryptodome_raw,8,44,NonOverlappingTemplate,29,8,8,1.0,False,,False,  0   0   1   2   1   0   1   0   1   2     ----       8/8       NonOverlappingTemplate,0,0,1,2,1,0,1,0,1,2,pycryptodome,raw
pycryptodome_raw,8,45,NonOverlappingTemplate,30,8,8,1.0,False,,False,  1   0   1   2   0   1   2   0   0   1     ----       8/8       NonOverlappingTemplate,1,0,1,2,0,1,2,0,0,1,pycryptodome,raw
pycryptodome_raw,8,46,NonOverlappingTemplate,31,8,8,1.0,False,,False,  0   0   1   2   0   0   1   1   2   1     ----       8/8       NonOverlappingTemplate,0,0,1,2,0,0,1,1,2,1,pycryptodome,raw
pycryptodome_raw,8,47,NonOverlappingTemplate,32,8,8,1.0,False,,False,  1   0   2   2   2   0   0   0   0   1     ----       8/8       NonOverlappingTemplate,1,0,2,2,2,0,0,0,0,1,pycryptodome,raw
pycryptodome_raw,8,48,NonOverlappingTemplate,33,8,8,1.0,False,,False,  0   2   3   2   0   1   0   0   0   0     ----       8/8       NonOverlappingTemplate,0,2,3,2,0,1,0,0,0,0,pycryptodome,raw
pycryptodome_raw,8,49,NonOverlappingTemplate,34,8,8,1.0,False,,False,  0   1   1   0   1   0   0   2   3   0     ----       8/8       NonOverlappingTemplate,0,1,1,0,1,0,0,2,3,0,pycryptodome,raw
pycryptodome_raw,8,50,NonOverlappingTemplate,35,8,8,1.0,False,,False,  0   0   1   0   0   2   1   2   1   1     ----       8/8       NonOverlappingTemplate,0,0,1,0,0,2,1,2,1,1,pycryptodome,raw
pycryptodome_raw,8,51,NonOverlappingTemplate,36,8,8,1.0,False,,False,  0   2   1   1   1   0   2   0   1   0     ----       8/8       NonOverlappingTemplate,0,2,1,1,1,0,2,0,1,0,pycryptodome,raw
pycryptodome_raw,8,52,NonOverlappingTemplate,37,8,8,1.0,False,,False,  0   0   0   1   1   1   1   0   1   3     ----       8/8       NonOverlappingTemplate,0,0,0,1,1,1,1,0,1,3,pycryptodome,raw
pycryptodome_raw,8,53,NonOverlappingTemplate,38,8,8,1.0,False,,False,  1   1   1   0   2   0   2   1   0   0     ----       8/8       NonOverlappingTemplate,1,1,1,0,2,0,2,1,0,0,pycryptodome,raw
pycryptodome_raw,8,54,NonOverlappingTemplate,39,8,8,1.0,False,,False,  1   2   0   2   0   0   0   0   1   2     ----       8/8       NonOverlappingTemplate,1,2,0,2,0,0,0,0,1,2,pycryptodome,raw
pycryptodome_raw,8,55,NonOverlappingTemplate,40,8,8,1.0,False,,False,  1   2   0   1   1   1   0   2   0   0     ----       8/8       NonOverlappingTemplate,1,2,0,1,1,1,0,2,0,0,pycryptodome,raw
pycryptodome_raw,8,56,NonOverlappingTemplate,41,8,8,1.0,False,,False,  1   0   1   1   2   0   2   0   1   0     ----       8/8       NonOverlappingTemplate,1,0,1,1,2,0,2,0,1,0,pycryptodome,raw
pycryptodome_raw,8,57,NonOverlappingTemplate,42,8,8,1.0,False,,False,  0   1   1   1   1   0   1   3   0   0     ----       8/8       NonOverlappingTemplate,0,1,1,1,1,0,1,3,0,0,pycryptodome,raw
pycryptodome_raw,8,58,NonOverlappingTemplate,43,8,8,1.0,False,,False,  1   1   0   0   2   2   0   0   0   2     ----       8/8       NonOverlappingTemplate,1,1,0,0,2,2,0,0,0,2,pycryptodome,raw
pycryptodome_raw,8,59,NonOverlappingTemplate,44,8,8,1.0,False,,False,  0   0   2   2   0   1   0   1   0   2     ----       8/8       NonOverlappingTemplate,0,0,2,2,0,1,0,1,0,2,pycryptodome,raw
pycryptodome_raw,8,60,NonOverlappingTemplate,45,6,8,0.75,True,,False,  2   0   0   0   1   1   1   2   1   0     ----       6/8    *  NonOverlappingTemplate,2,0,0,0,1,1,1,2,1,0,pycryptodome,raw
pycryptodome_raw,8,61,NonOverlappingTemplate,46,8,8,1.0,False,,False,  1   1   1   0   2   0   1   1   0   1     ----       8/8       NonOverlappingTemplate,1,1,1,0,2,0,1,1,0,1,pycryptodome,raw
pycryptodome_raw,8,62,NonOverlappingTemplate,47,8,8,1.0,False,,False,  1   0   1   2   0   2   0   0   1   1     ----       8/8       NonOverlappingTemplate,1,0,1,2,0,2,0,0,1,1,pycryptodome,raw
pycryptodome_raw,8,63,NonOverlappingTemplate,48,8,8,1.0,False,,False,  1   1   1   1   1   0   1   1   0   1     ----       8/8       NonOverlappingTemplate,1,1,1,1,1,0,1,1,0,1,pycryptodome,raw
pycryptodome_raw,8,64,NonOverlappingTemplate,49,8,8,1.0,False,,False,  1   0   1   1   0   1   0   2   0   2     ----       8/8       NonOverlappingTemplate,1,0,1,1,0,1,0,2,0,2,pycryptodome,raw
pycryptodome_raw,8,65,NonOverlappingTemplate,50,8,8,1.0,False,,False,  0   1   0   0   1   2   0   1   1   2     ----       8/8       NonOverlappingTemplate,0,1,0,0,1,2,0,1,1,2,pycryptodome,raw
pycryptodome_raw,8,66,NonOverlappingTemplate,51,8,8,1.0,False,,False,  0   0   1   0   0   1   4   0   2   0     ----       8/8       NonOverlappingTemplate,0,0,1,0,0,1,4,0,2,0,pycryptodome,raw
pycryptodome_raw,8,67,NonOverlappingTemplate,52,8,8,1.0,False,,False,  3   1   0   1   2   0   0   0   0   1     ----       8/8       NonOverlappingTemplate,3,1,0,1,2,0,0,0,0,1,pycryptodome,raw
pycryptodome_raw,8,68,NonOverlappingTemplate,53,8,8,1.0,False,,False,  2   0   0   0   2   0   1   2   1   0     ----       8/8       NonOverlappingTemplate,2,0,0,0,2,0,1,2,1,0,pycryptodome,raw
pycryptodome_raw,8,69,NonOverlappingTemplate,54,8,8,1.0,False,,False,  0   2   1   1   1   0   0   1   2   0     ----       8/8       NonOverlappingTemplate,0,2,1,1,1,0,0,1,2,0,pycryptodome,raw
pycryptodome_raw,8,70,NonOverlappingTemplate,55,8,8,1.0,False,,False,  1   0   0   3   0   0   1   1   0   2     ----       8/8       NonOverlappingTemplate,1,0,0,3,0,0,1,1,0,2,pycryptodome,raw
pycryptodome_raw,8,71,NonOverlappingTemplate,56,8,8,1.0,False,,False,  1   1   1   2   0   2   0   0   0   1     ----       8/8       NonOverlappingTemplate,1,1,1,2,0,2,0,0,0,1,pycryptodome,raw
pycryptodome_raw,8,72,NonOverlappingTemplate,57,8,8,1.0,False,,False,  0   1   2   0   1   1   0   1   0   2     ----       8/8       NonOverlappingTemplate,0,1,2,0,1,1,0,1,0,2,pycryptodome,raw
pycryptodome_raw,8,73,NonOverlappingTemplate,58,8,8,1.0,False,,False,  0   0   2   1   2   0   2   0   1   0     ----       8/8       NonOverlappingTemplate,0,0,2,1,2,0,2,0,1,0,pycryptodome,raw
pycryptodome_raw,8,74,NonOverlappingTemplate,59,8,8,1.0,False,,False,  0   1   2   1   0   1   1   1   0   1     ----       8/8       NonOverlappingTemplate,0,1,2,1,0,1,1,1,0,1,pycryptodome,raw
pycryptodome_raw,8,75,NonOverlappingTemplate,60,8,8,1.0,False,,False,  0   2   0   2   1   0   2   0   0   1     ----       8/8       NonOverlappingTemplate,0,2,0,2,1,0,2,0,0,1,pycryptodome,raw
pycryptodome_raw,8,76,NonOverlappingTemplate,61,8,8,1.0,False,,False,  0   0   3   1   2   0   0   0   0   2     ----       8/8       NonOverlappingTemplate,0,0,3,1,2,0,0,0,0,2,pycryptodome,raw
pycryptodome_raw,8,77,NonOverlappingTemplate,62,8,8,1.0,False,,False,  0   1   2   1   1   0   0   1   2   0     ----       8/8       NonOverlappingTemplate,0,1,2,1,1,0,0,1,2,0,pycryptodome,raw
pycryptodome_raw,8,78,NonOverlappingTemplate,63,8,8,1.0,False,,False,  1   1   0   2   0   1   0   0   1   2     ----       8/8       NonOverlappingTemplate,1,1,0,2,0,1,0,0,1,2,pycryptodome,raw
pycryptodome_raw,8,79,NonOverlappingTemplate,64,8,8,1.0,False,,False,  2   1   1   1   0   2   0   0   0   1     ----       8/8       NonOverlappingTemplate,2,1,1,1,0,2,0,0,0,1,pycryptodome,raw
pycryptodome_raw,8,80,NonOverlappingTemplate,65,8,8,1.0,False,,False,  0   0   1   1   3   1   1   0   0   1     ----       8/8       NonOverlappingTemplate,0,0,1,1,3,1,1,0,0,1,pycryptodome,raw
pycryptodome_raw,8,81,NonOverlappingTemplate,66,8,8,1.0,False,,False,  0   0   2   1   3   1   1   0   0   0     ----       8/8       NonOverlappingTemplate,0,0,2,1,3,1,1,0,0,0,pycryptodome,raw
pycryptodome_raw,8,82,NonOverlappingTemplate,67,8,8,1.0,False,,False,  0   2   0   1   0   1   1   1   0   2     ----       8/8       NonOverlappingTemplate,0,2,0,1,0,1,1,1,0,2,pycryptodome,raw
pycryptodome_raw,8,83,NonOverlappingTemplate,68,8,8,1.0,False,,False,  1   0   1   1   1   1   1   0   1   1     ----       8/8       NonOverlappingTemplate,1,0,1,1,1,1,1,0,1,1,pycryptodome,raw
pycryptodome_raw,8,84,NonOverlappingTemplate,69,8,8,1.0,False,,False,  0   0   2   0   1   0   1   2   2   0     ----       8/8       NonOverlappingTemplate,0,0,2,0,1,0,1,2,2,0,pycryptodome,raw
pycryptodome_raw,8,85,NonOverlappingTemplate,70,8,8,1.0,False,,False,  0   2   3   1   0   0   1   0   0   1     ----       8/8       NonOverlappingTemplate,0,2,3,1,0,0,1,0,0,1,pycryptodome,raw
pycryptodome_raw,8,86,NonOverlappingTemplate,71,8,8,1.0,False,,False,  1   1   1   2   1   0   1   0   0   1     ----       8/8       NonOverlappingTemplate,1,1,1,2,1,0,1,0,0,1,pycryptodome,raw
pycryptodome_raw,8,87,NonOverlappingTemplate,72,8,8,1.0,False,,False,  1   0   2   1   0   1   0   2   0   1     ----       8/8       NonOverlappingTemplate,1,0,2,1,0,1,0,2,0,1,pycryptodome,raw
pycryptodome_raw,8,88,NonOverlappingTemplate,73,6,8,0.75,True,,False,  3   1   0   1   0   1   1   0   0   1     ----       6/8    *  NonOverlappingTemplate,3,1,0,1,0,1,1,0,0,1,pycryptodome,raw
pycryptodome_raw,8,89,NonOverlappingTemplate,74,7,8,0.875,False,,False,  2   0   0   1   0   2   2   0   1   0     ----       7/8       NonOverlappingTemplate,2,0,0,1,0,2,2,0,1,0,pycryptodome,raw
pycryptodome_raw,8,90,NonOverlappingTemplate,75,8,8,1.0,False,,False,  0   3   1   0   0   3   0   1   0   0     ----       8/8       NonOverlappingTemplate,0,3,1,0,0,3,0,1,0,0,pycryptodome,raw
pycryptodome_raw,8,91,NonOverlappingTemplate,76,8,8,1.0,False,,False,  2   1   0   0   2   0   1   1   0   1     ----       8/8       NonOverlappingTemplate,2,1,0,0,2,0,1,1,0,1,pycryptodome,raw
pycryptodome_raw,8,92,NonOverlappingTemplate,77,8,8,1.0,False,,False,  1   1   2   1   0   0   2   0   1   0     ----       8/8       NonOverlappingTemplate,1,1,2,1,0,0,2,0,1,0,pycryptodome,raw
pycryptodome_raw,8,93,NonOverlappingTemplate,78,8,8,1.0,False,,False,  1   0   2   1   1   2   1   0   0   0     ----       8/8       NonOverlappingTemplate,1,0,2,1,1,2,1,0,0,0,pycryptodome,raw
pycryptodome_raw,8,94,NonOverlappingTemplate,79,8,8,1.0,False,,False,  1   2   0   0   2   1   0   0   0   2     ----       8/8       NonOverlappingTemplate,1,2,0,0,2,1,0,0,0,2,pycryptodome,raw
pycryptodome_raw,8,95,NonOverlappingTemplate,80,8,8,1.0,False,,False,  1   0   0   0   0   4   1   0   0   2     ----       8/8       NonOverlappingTemplate,1,0,0,0,0,4,1,0,0,2,pycryptodome,raw
pycryptodome_raw,8,96,NonOverlappingTemplate,81,8,8,1.0,False,,False,  0   1   0   1   1   1   1   0   0   3     ----       8/8       NonOverlappingTemplate,0,1,0,1,1,1,1,0,0,3,pycryptodome,raw
pycryptodome_raw,8,97,NonOverlappingTemplate,82,8,8,1.0,False,,False,  0   1   1   2   0   0   1   1   0   2     ----       8/8       NonOverlappingTemplate,0,1,1,2,0,0,1,1,0,2,pycryptodome,raw
pycryptodome_raw,8,98,NonOverlappingTemplate,83,8,8,1.0,False,,False,  1   1   1   0   0   0   1   4   0   0     ----       8/8       NonOverlappingTemplate,1,1,1,0,0,0,1,4,0,0,pycryptodome,raw
pycryptodome_raw,8,99,NonOverlappingTemplate,84,7,8,0.875,False,,False,  1   1   0   0   0   4   0   0   0   2     ----       7/8       NonOverlappingTemplate,1,1,0,0,0,4,0,0,0,2,pycryptodome,raw
pycryptodome_raw,8,100,NonOverlappingTemplate,85,8,8,1.0,False,,False,  1   0   1   2   1   1   1   1   0   0     ----       8/8       NonOverlappingTemplate,1,0,1,2,1,1,1,1,0,0,pycryptodome,raw
pycryptodome_raw,8,101,NonOverlappingTemplate,86,8,8,1.0,False,,False,  0   3   3   0   0   1   1   0   0   0     ----       8/8       NonOverlappingTemplate,0,3,3,0,0,1,1,0,0,0,pycryptodome,raw
pycryptodome_raw,8,102,NonOverlappingTemplate,87,8,8,1.0,False,,False,  2   2   1   0   0   1   0   1   0   1     ----       8/8       NonOverlappingTemplate,2,2,1,0,0,1,0,1,0,1,pycryptodome,raw
pycryptodome_raw,8,103,NonOverlappingTemplate,88,8,8,1.0,False,,False,  0   2   3   0   0   0   0   0   2   1     ----       8/8       NonOverlappingTemplate,0,2,3,0,0,0,0,0,2,1,pycryptodome,raw
pycryptodome_raw,8,104,NonOverlappingTemplate,89,8,8,1.0,False,,False,  1   0   1   0   1   1   0   1   1   2     ----       8/8       NonOverlappingTemplate,1,0,1,0,1,1,0,1,1,2,pycryptodome,raw
pycryptodome_raw,8,105,NonOverlappingTemplate,90,8,8,1.0,False,,False,  0   0   1   0   1   2   1   1   1   1     ----       8/8       NonOverlappingTemplate,0,0,1,0,1,2,1,1,1,1,pycryptodome,raw
pycryptodome_raw,8,106,NonOverlappingTemplate,91,8,8,1.0,False,,False,  1   1   1   0   1   1   2   0   1   0     ----       8/8       NonOverlappingTemplate,1,1,1,0,1,1,2,0,1,0,pycryptodome,raw
pycryptodome_raw,8,107,NonOverlappingTemplate,92,8,8,1.0,False,,False,  0   0   2   0   0   1   1   3   0   1     ----       8/8       NonOverlappingTemplate,0,0,2,0,0,1,1,3,0,1,pycryptodome,raw
pycryptodome_raw,8,108,NonOverlappingTemplate,93,8,8,1.0,False,,False,  1   2   2   1   0   0   0   1   1   0     ----       8/8       NonOverlappingTemplate,1,2,2,1,0,0,0,1,1,0,pycryptodome,raw
pycryptodome_raw,8,109,NonOverlappingTemplate,94,8,8,1.0,False,,False,  0   1   4   0   0   2   0   0   1   0     ----       8/8       NonOverlappingTemplate,0,1,4,0,0,2,0,0,1,0,pycryptodome,raw
pycryptodome_raw,8,110,NonOverlappingTemplate,95,8,8,1.0,False,,False,  1   1   0   0   0   2   2   2   0   0     ----       8/8       NonOverlappingTemplate,1,1,0,0,0,2,2,2,0,0,pycryptodome,raw
pycryptodome_raw,8,111,NonOverlappingTemplate,96,8,8,1.0,False,,False,  0   0   2   1   1   0   0   2   1   1     ----       8/8       NonOverlappingTemplate,0,0,2,1,1,0,0,2,1,1,pycryptodome,raw
pycryptodome_raw,8,112,NonOverlappingTemplate,97,8,8,1.0,False,,False,  2   0   0   3   0   1   0   2   0   0     ----       8/8       NonOverlappingTemplate,2,0,0,3,0,1,0,2,0,0,pycryptodome,raw
pycryptodome_raw,8,113,NonOverlappingTemplate,98,8,8,1.0,False,,False,  0   0   1   3   1   0   1   0   2   0     ----       8/8       NonOverlappingTemplate,0,0,1,3,1,0,1,0,2,0,pycryptodome,raw
pycryptodome_raw,8,114,NonOverlappingTemplate,99,8,8,1.0,False,,False,  0   1   1   0   1   0   2   1   2   0     ----       8/8       NonOverlappingTemplate,0,1,1,0,1,0,2,1,2,0,pycryptodome,raw
pycryptodome_raw,8,115,NonOverlappingTemplate,100,8,8,1.0,False,,False,  1   1   1   3   1   0   1   0   0   0     ----       8/8       NonOverlappingTemplate,1,1,1,3,1,0,1,0,0,0,pycryptodome,raw
pycryptodome_raw,8,116,NonOverlappingTemplate,101,8,8,1.0,False,,False,  1   0   1   0   2   0   1   2   0   1     ----       8/8       NonOverlappingTemplate,1,0,1,0,2,0,1,2,0,1,pycryptodome,raw
pycryptodome_raw,8,117,NonOverlappingTemplate,102,8,8,1.0,False,,False,  2   1   1   0   1   2   0   1   0   0     ----       8/8       NonOverlappingTemplate,2,1,1,0,1,2,0,1,0,0,pycryptodome,raw
pycryptodome_raw,8,118,NonOverlappingTemplate,103,8,8,1.0,False,,False,  0   0   1   0   2   0   1   2   1   1     ----       8/8       NonOverlappingTemplate,0,0,1,0,2,0,1,2,1,1,pycryptodome,raw
pycryptodome_raw,8,119,NonOverlappingTemplate,104,8,8,1.0,False,,False,  0   0   1   1   1   0   2   2   1   0     ----       8/8       NonOverlappingTemplate,0,0,1,1,1,0,2,2,1,0,pycryptodome,raw
pycryptodome_raw,8,120,NonOverlappingTemplate,105,8,8,1.0,False,,False,  0   0   2   0   3   0   2   0   1   0     ----       8/8       NonOverlappingTemplate,0,0,2,0,3,0,2,0,1,0,pycryptodome,raw
pycryptodome_raw,8,121,NonOverlappingTemplate,106,8,8,1.0,False,,False,  1   1   1   1   0   1   0   0   2   1     ----       8/8       NonOverlappingTemplate,1,1,1,1,0,1,0,0,2,1,pycryptodome,raw
pycryptodome_raw,8,122,NonOverlappingTemplate,107,8,8,1.0,False,,False,  2   1   1   1   0   0   1   0   0   2     ----       8/8       NonOverlappingTemplate,2,1,1,1,0,0,1,0,0,2,pycryptodome,raw
pycryptodome_raw,8,123,NonOverlappingTemplate,108,8,8,1.0,False,,False,  1   0   0   0   1   0   2   2   1   1     ----       8/8       NonOverlappingTemplate,1,0,0,0,1,0,2,2,1,1,pycryptodome,raw
pycryptodome_raw,8,124,NonOverlappingTemplate,109,8,8,1.0,False,,False,  0   0   1   1   0   3   0   0   3   0     ----       8/8       NonOverlappingTemplate,0,0,1,1,0,3,0,0,3,0,pycryptodome,raw
pycryptodome_raw,8,125,NonOverlappingTemplate,110,8,8,1.0,False,,False,  3   1   1   0   0   1   1   0   0   1     ----       8/8       NonOverlappingTemplate,3,1,1,0,0,1,1,0,0,1,pycryptodome,raw
pycryptodome_raw,8,126,NonOverlappingTemplate,111,8,8,1.0,False,,False,  1   0   1   1   1   1   1   2   0   0     ----       8/8       NonOverlappingTemplate,1,0,1,1,1,1,1,2,0,0,pycryptodome,raw
pycryptodome_raw,8,127,NonOverlappingTemplate,112,7,8,0.875,False,,False,  4   0   0   2   1   0   1   0   0   0     ----       7/8       NonOverlappingTemplate,4,0,0,2,1,0,1,0,0,0,pycryptodome,raw
pycryptodome_raw,8,128,NonOverlappingTemplate,113,8,8,1.0,False,,False,  0   3   1   1   2   0   0   0   1   0     ----       8/8       NonOverlappingTemplate,0,3,1,1,2,0,0,0,1,0,pycryptodome,raw
pycryptodome_raw,8,129,NonOverlappingTemplate,114,8,8,1.0,False,,False,  0   0   2   2   2   0   1   1   0   0     ----       8/8       NonOverlappingTemplate,0,0,2,2,2,0,1,1,0,0,pycryptodome,raw
pycryptodome_raw,8,130,NonOverlappingTemplate,115,7,8,0.875,False,,False,  3   0   0   1   0   1   0   0   2   1     ----       7/8       NonOverlappingTemplate,3,0,0,1,0,1,0,0,2,1,pycryptodome,raw
pycryptodome_raw,8,131,NonOverlappingTemplate,116,8,8,1.0,False,,False,  0   1   0   3   2   0   0   0   2   0     ----       8/8       NonOverlappingTemplate,0,1,0,3,2,0,0,0,2,0,pycryptodome,raw
pycryptodome_raw,8,132,NonOverlappingTemplate,117,8,8,1.0,False,,False,  0   1   0   0   0   1   1   0   3   2     ----       8/8       NonOverlappingTemplate,0,1,0,0,0,1,1,0,3,2,pycryptodome,raw
pycryptodome_raw,8,133,NonOverlappingTemplate,118,8,8,1.0,False,,False,  0   0   1   1   0   0   0   2   1   3     ----       8/8       NonOverlappingTemplate,0,0,1,1,0,0,0,2,1,3,pycryptodome,raw
pycryptodome_raw,8,134,NonOverlappingTemplate,119,8,8,1.0,False,,False,  1   0   0   1   0   3   0   0   1   2     ----       8/8       NonOverlappingTemplate,1,0,0,1,0,3,0,0,1,2,pycryptodome,raw
pycryptodome_raw,8,135,NonOverlappingTemplate,120,8,8,1.0,False,,False,  2   0   3   1   0   1   1   0   0   0     ----       8/8       NonOverlappingTemplate,2,0,3,1,0,1,1,0,0,0,pycryptodome,raw
pycryptodome_raw,8,136,NonOverlappingTemplate,121,8,8,1.0,False,,False,  1   1   2   1   1   0   0   0   1   1     ----       8/8       NonOverlappingTemplate,1,1,2,1,1,0,0,0,1,1,pycryptodome,raw
pycryptodome_raw,8,137,NonOverlappingTemplate,122,8,8,1.0,False,,False,  2   0   2   2   2   0   0   0   0   0     ----       8/8       NonOverlappingTemplate,2,0,2,2,2,0,0,0,0,0,pycryptodome,raw
pycryptodome_raw,8,138,NonOverlappingTemplate,123,8,8,1.0,False,,False,  0   2   1   1   1   1   1   0   1   0     ----       8/8       NonOverlappingTemplate,0,2,1,1,1,1,1,0,1,0,pycryptodome,raw
pycryptodome_raw,8,139,NonOverlappingTemplate,124,8,8,1.0,False,,False,  0   1   1   2   0   1   0   2   0   1     ----       8/8       NonOverlappingTemplate,0,1,1,2,0,1,0,2,0,1,pycryptodome,raw
pycryptodome_raw,8,140,NonOverlappingTemplate,125,8,8,1.0,False,,False,  1   2   2   1   0   0   0   2   0   0     ----       8/8       NonOverlappingTemplate,1,2,2,1,0,0,0,2,0,0,pycryptodome,raw
pycryptodome_raw,8,141,NonOverlappingTemplate,126,7,8,0.875,False,,False,  1   1   0   1   3   1   0   0   1   0     ----       7/8       NonOverlappingTemplate,1,1,0,1,3,1,0,0,1,0,pycryptodome,raw
pycryptodome_raw,8,142,NonOverlappingTemplate,127,8,8,1.0,False,,False,  1   0   1   0   2   1   0   2   0   1     ----       8/8       NonOverlappingTemplate,1,0,1,0,2,1,0,2,0,1,pycryptodome,raw
pycryptodome_raw,8,143,NonOverlappingTemplate,128,8,8,1.0,False,,False,  2   0   0   0   2   1   0   2   0   1     ----       8/8       NonOverlappingTemplate,2,0,0,0,2,1,0,2,0,1,pycryptodome,raw
pycryptodome_raw,8,144,NonOverlappingTemplate,129,8,8,1.0,False,,False,  0   1   0   0   2   0   1   0   3   1     ----       8/8       NonOverlappingTemplate,0,1,0,0,2,0,1,0,3,1,pycryptodome,raw
pycryptodome_raw,8,145,NonOverlappingTemplate,130,8,8,1.0,False,,False,  1   2   0   0   1   1   1   0   2   0     ----       8/8       NonOverlappingTemplate,1,2,0,0,1,1,1,0,2,0,pycryptodome,raw
pycryptodome_raw,8,146,NonOverlappingTemplate,131,8,8,1.0,False,,False,  1   1   0   0   0   1   2   2   1   0     ----       8/8       NonOverlappingTemplate,1,1,0,0,0,1,2,2,1,0,pycryptodome,raw
pycryptodome_raw,8,147,NonOverlappingTemplate,132,8,8,1.0,False,,False,  0   0   1   1   1   1   0   0   2   2     ----       8/8       NonOverlappingTemplate,0,0,1,1,1,1,0,0,2,2,pycryptodome,raw
pycryptodome_raw,8,148,NonOverlappingTemplate,133,8,8,1.0,False,,False,  0   0   0   1   1   2   1   0   1   2     ----       8/8       NonOverlappingTemplate,0,0,0,1,1,2,1,0,1,2,pycryptodome,raw
pycryptodome_raw,8,149,NonOverlappingTemplate,134,8,8,1.0,False,,False,  1   1   2   1   0   0   0   1   1   1     ----       8/8       NonOverlappingTemplate,1,1,2,1,0,0,0,1,1,1,pycryptodome,raw
pycryptodome_raw,8,150,NonOverlappingTemplate,135,8,8,1.0,False,,False,  1   0   3   0   0   0   0   2   0   2     ----       8/8       NonOverlappingTemplate,1,0,3,0,0,0,0,2,0,2,pycryptodome,raw
pycryptodome_raw,8,151,NonOverlappingTemplate,136,8,8,1.0,False,,False,  1   2   1   1   0   0   2   0   0   1     ----       8/8       NonOverlappingTemplate,1,2,1,1,0,0,2,0,0,1,pycryptodome,raw
pycryptodome_raw,8,152,NonOverlappingTemplate,137,8,8,1.0,False,,False,  1   1   1   1   0   0   0   2   0   2     ----       8/8       NonOverlappingTemplate,1,1,1,1,0,0,0,2,0,2,pycryptodome,raw
pycryptodome_raw,8,153,NonOverlappingTemplate,138,8,8,1.0,False,,False,  2   0   0   1   0   0   1   1   1   2     ----       8/8       NonOverlappingTemplate,2,0,0,1,0,0,1,1,1,2,pycryptodome,raw
pycryptodome_raw,8,154,NonOverlappingTemplate,139,8,8,1.0,False,,False,  2   1   1   0   2   1   0   0   0   1     ----       8/8       NonOverlappingTemplate,2,1,1,0,2,1,0,0,0,1,pycryptodome,raw
pycryptodome_raw,8,155,NonOverlappingTemplate,140,8,8,1.0,False,,False,  0   0   4   0   0   1   0   2   0   1     ----       8/8       NonOverlappingTemplate,0,0,4,0,0,1,0,2,0,1,pycryptodome,raw
pycryptodome_raw,8,156,NonOverlappingTemplate,141,8,8,1.0,False,,False,  0   1   0   2   1   0   0   1   0   3     ----       8/8       NonOverlappingTemplate,0,1,0,2,1,0,0,1,0,3,pycryptodome,raw
pycryptodome_raw,8,157,NonOverlappingTemplate,142,8,8,1.0,False,,False,  1   0   2   0   1   0   0   1   3   0     ----       8/8       NonOverlappingTemplate,1,0,2,0,1,0,0,1,3,0,pycryptodome,raw
pycryptodome_raw,8,158,NonOverlappingTemplate,143,8,8,1.0,False,,False,  0   0   0   2   1   0   0   1   2   2     ----       8/8       NonOverlappingTemplate,0,0,0,2,1,0,0,1,2,2,pycryptodome,raw
pycryptodome_raw,8,159,NonOverlappingTemplate,144,8,8,1.0,False,,False,  0   0   1   1   0   3   1   1   1   0     ----       8/8       NonOverlappingTemplate,0,0,1,1,0,3,1,1,1,0,pycryptodome,raw
pycryptodome_raw,8,160,NonOverlappingTemplate,145,8,8,1.0,False,,False,  1   1   2   2   0   0   1   0   1   0     ----       8/8       NonOverlappingTemplate,1,1,2,2,0,0,1,0,1,0,pycryptodome,raw
pycryptodome_raw,8,161,NonOverlappingTemplate,146,8,8,1.0,False,,False,  0   2   0   3   1   0   0   1   1   0     ----       8/8       NonOverlappingTemplate,0,2,0,3,1,0,0,1,1,0,pycryptodome,raw
pycryptodome_raw,8,162,NonOverlappingTemplate,147,8,8,1.0,False,,False,  2   0   3   1   0   1   0   1   0   0     ----       8/8       NonOverlappingTemplate,2,0,3,1,0,1,0,1,0,0,pycryptodome,raw
pycryptodome_raw,8,163,NonOverlappingTemplate,148,7,8,0.875,False,,False,  2   0   0   1   0   2   2   0   1   0     ----       7/8       NonOverlappingTemplate,2,0,0,1,0,2,2,0,1,0,pycryptodome,raw
pycryptodome_raw,8,164,OverlappingTemplate,1,7,8,0.875,False,,False,  2   0   0   0   0   1   1   1   1   2     ----       7/8       OverlappingTemplate,2,0,0,0,0,1,1,1,1,2,pycryptodome,raw
pycryptodome_raw,8,165,Universal,1,8,8,1.0,False,,False,  0   1   1   0   1   1   1   0   2   1     ----       8/8       Universal,0,1,1,0,1,1,1,0,2,1,pycryptodome,raw
pycryptodome_raw,8,166,ApproximateEntropy,1,8,8,1.0,False,,False,  0   1   1   0   0   1   0   3   0   2     ----       8/8       ApproximateEntropy,0,1,1,0,0,1,0,3,0,2,pycryptodome,raw
pycryptodome_raw,8,167,RandomExcursions,1,4,4,1.0,False,,False,  0   0   0   0   3   1   0   0   0   0     ----       4/4       RandomExcursions,0,0,0,0,3,1,0,0,0,0,pycryptodome,raw
pycryptodome_raw,8,168,RandomExcursions,2,4,4,1.0,False,,False,  1   0   0   0   0   2   0   0   1   0     ----       4/4       RandomExcursions,1,0,0,0,0,2,0,0,1,0,pycryptodome,raw
pycryptodome_raw,8,169,RandomExcursions,3,4,4,1.0,False,,False,  0   1   1   0   0   1   0   0   1   0     ----       4/4       RandomExcursions,0,1,1,0,0,1,0,0,1,0,pycryptodome,raw
pycryptodome_raw,8,170,RandomExcursions,4,4,4,1.0,False,,False,  0   2   0   0   0   0   0   0   1   1     ----       4/4       RandomExcursions,0,2,0,0,0,0,0,0,1,1,pycryptodome,raw
pycryptodome_raw,8,171,RandomExcursions,5,4,4,1.0,False,,False,  1   0   0   1   0   0   0   1   1   0     ----       4/4       RandomExcursions,1,0,0,1,0,0,0,1,1,0,pycryptodome,raw
pycryptodome_raw,8,172,RandomExcursions,6,4,4,1.0,False,,False,  1   0   1   1   0   0   1   0   0   0     ----       4/4       RandomExcursions,1,0,1,1,0,0,1,0,0,0,pycryptodome,raw
pycryptodome_raw,8,173,RandomExcursions,7,4,4,1.0,False,,False,  1   0   1   0   0   1   0   0   0   1     ----       4/4       RandomExcursions,1,0,1,0,0,1,0,0,0,1,pycryptodome,raw
pycryptodome_raw,8,174,RandomExcursions,8,4,4,1.0,False,,False,  0   1   0   2   0   0   0   1   0   0     ----       4/4       RandomExcursions,0,1,0,2,0,0,0,1,0,0,pycryptodome,raw
pycryptodome_raw,8,175,RandomExcursionsVariant,1,4,4,1.0,False,,False,  0   0   1   0   0   0   1   1   1   0     ----       4/4       RandomExcursionsVariant,0,0,1,0,0,0,1,1,1,0,pycryptodome,raw
pycryptodome_raw,8,176,RandomExcursionsVariant,2,4,4,1.0,False,,False,  0   0   1   0   0   2   0   1   0   0     ----       4/4       RandomExcursionsVariant,0,0,1,0,0,2,0,1,0,0,pycryptodome,raw
pycryptodome_raw,8,177,RandomExcursionsVariant,3,4,4,1.0,False,,False,  0   0   1   1   1   1   0   0   0   0     ----       4/4       RandomExcursionsVariant,0,0,1,1,1,1,0,0,0,0,pycryptodome,raw
pycryptodome_raw,8,178,RandomExcursionsVariant,4,4,4,1.0,False,,False,  0   1   1   0   0   2   0   0   0   0     ----       4/4       RandomExcursionsVariant,0,1,1,0,0,2,0,0,0,0,pycryptodome,raw
pycryptodome_raw,8,179,RandomExcursionsVariant,5,4,4,1.0,False,,False,  0   0   1   1   0   1   0   1   0   0     ----       4/4       RandomExcursionsVariant,0,0,1,1,0,1,0,1,0,0,pycryptodome,raw
pycryptodome_raw,8,180,RandomExcursionsVariant,6,4,4,1.0,False,,False,  0   0   1   1   0   1   0   0   1   0     ----       4/4       RandomExcursionsVariant,0,0,1,1,0,1,0,0,1,0,pycryptodome,raw
pycryptodome_raw,8,181,RandomExcursionsVariant,7,4,4,1.0,False,,False,  0   1   1   0   1   0   0   0   0   1     ----       4/4       RandomExcursionsVariant,0,1,1,0,1,0,0,0,0,1,pycryptodome,raw
pycryptodome_raw,8,182,RandomExcursionsVariant,8,4,4,1.0,False,,False,  1   1   0   0   0   1   0   1   0   0     ----       4/4       RandomExcursionsVariant,1,1,0,0,0,1,0,1,0,0,pycryptodome,raw
pycryptodome_raw,8,183,RandomExcursionsVariant,9,4,4,1.0,False,,False,  0   1   1   0   0   1   1   0   0   0     ----       4/4       RandomExcursionsVariant,0,1,1,0,0,1,1,0,0,0,pycryptodome,raw
pycryptodome_raw,8,184,RandomExcursionsVariant,10,4,4,1.0,False,,False,  1   0   0   1   1   0   0   1   0   0     ----       4/4       RandomExcursionsVariant,1,0,0,1,1,0,0,1,0,0,pycryptodome,raw
pycryptodome_raw,8,185,RandomExcursionsVariant,11,3,4,0.75,False,,False,  1   0   0   0   1   0   0   1   0   1     ----       3/4       RandomExcursionsVariant,1,0,0,0,1,0,0,1,0,1,pycryptodome,raw
pycryptodome_raw,8,186,RandomExcursionsVariant,12,3,4,0.75,False,,False,  1   0   0   2   0   0   0   0   1   0     ----       3/4       RandomExcursionsVariant,1,0,0,2,0,0,0,0,1,0,pycryptodome,raw
pycryptodome_raw,8,187,RandomExcursionsVariant,13,4,4,1.0,False,,False,  1   0   0   1   0   1   0   0   0   1     ----       4/4       RandomExcursionsVariant,1,0,0,1,0,1,0,0,0,1,pycryptodome,raw
pycryptodome_raw,8,188,RandomExcursionsVariant,14,4,4,1.0,False,,False,  1   0   0   1   0   1   0   1   0   0     ----       4/4       RandomExcursionsVariant,1,0,0,1,0,1,0,1,0,0,pycryptodome,raw
pycryptodome_raw,8,189,RandomExcursionsVariant,15,4,4,1.0,False,,False,  1   0   1   1   0   1   0   0   0   0     ----       4/4       RandomExcursionsVariant,1,0,1,1,0,1,0,0,0,0,pycryptodome,raw
pycryptodome_raw,8,190,RandomExcursionsVariant,16,4,4,1.0,False,,False,  1   0   1   0   1   1   0   0   0   0     ----       4/4       RandomExcursionsVariant,1,0,1,0,1,1,0,0,0,0,pycryptodome,raw
pycryptodome_raw,8,191,RandomExcursionsVariant,17,4,4,1.0,False,,False,  0   2   0   0   1   1   0   0   0   0     ----       4/4       RandomExcursionsVariant,0,2,0,0,1,1,0,0,0,0,pycryptodome,raw
pycryptodome_raw,8,192,RandomExcursionsVariant,18,4,4,1.0,False,,False,  0   1   1   0   1   1   0   0   0   0     ----       4/4       RandomExcursionsVariant,0,1,1,0,1,1,0,0,0,0,pycryptodome,raw
pycryptodome_raw,8,193,Serial,1,8,8,1.0,False,,False,  0   0   3   0   0   2   1   0   2   0     ----       8/8       Serial,0,0,3,0,0,2,1,0,2,0,pycryptodome,raw
pycryptodome_raw,8,194,Serial,2,8,8,1.0,False,,False,  0   0   2   0   0   1   1   1   0   3     ----       8/8       Serial,0,0,2,0,0,1,1,1,0,3,pycryptodome,raw
pycryptodome_raw,8,195,LinearComplexity,1,7,8,0.875,False,,False,  3   1   0   0   1   1   0   2   0   0     ----       7/8       LinearComplexity,3,1,0,0,1,1,0,2,0,0,pycryptodome,raw
pycryptodome_vn,2,8,Frequency,1,2,2,1.0,False,,False,  0   0   0   0   0   1   0   0   1   0     ----       2/2       Frequency,0,0,0,0,0,1,0,0,1,0,pycryptodome,vn
pycryptodome_vn,2,9,BlockFrequency,1,2,2,1.0,False,,False,  1   0   0   0   0   1   0   0   0   0     ----       2/2       BlockFrequency,1,0,0,0,0,1,0,0,0,0,pycryptodome,vn
pycryptodome_vn,2,10,CumulativeSums,1,2,2,1.0,False,,False,  0   0   0   0   0   0   1   0   1   0     ----       2/2       CumulativeSums,0,0,0,0,0,0,1,0,1,0,pycryptodome,vn
pycryptodome_vn,2,11,CumulativeSums,2,2,2,1.0,False,,False,  0   0   1   0   0   0   0   1   0   0     ----       2/2       CumulativeSums,0,0,1,0,0,0,0,1,0,0,pycryptodome,vn
pycryptodome_vn,2,12,Runs,1,2,2,1.0,False,,False,  1   0   0   1   0   0   0   0   0   0     ----       2/2       Runs,1,0,0,1,0,0,0,0,0,0,pycryptodome,vn
pycryptodome_vn,2,13,LongestRun,1,2,2,1.0,False,,False,  0   0   0   0   1   1   0   0   0   0     ----       2/2       LongestRun,0,0,0,0,1,1,0,0,0,0,pycryptodome,vn
pycryptodome_vn,2,14,Rank,1,2,2,1.0,False,,False,  0   0   1   0   0   0   0   0   1   0     ----       2/2       Rank,0,0,1,0,0,0,0,0,1,0,pycryptodome,vn
pycryptodome_vn,2,15,FFT,1,2,2,1.0,False,,False,  0   1   1   0   0   0   0   0   0   0     ----       2/2       FFT,0,1,1,0,0,0,0,0,0,0,pycryptodome,vn
pycryptodome_vn,2,16,NonOverlappingTemplate,1,2,2,1.0,False,,False,  0   0   0   0   0   1   0   1   0   0     ----       2/2       NonOverlappingTemplate,0,0,0,0,0,1,0,1,0,0,pycryptodome,vn
pycryptodome_vn,2,17,NonOverlappingTemplate,2,2,2,1.0,False,,False,  1   0   0   1   0   0   0   0   0   0     ----       2/2       NonOverlappingTemplate,1,0,0,1,0,0,0,0,0,0,pycryptodome,vn
pycryptodome_vn,2,18,NonOverlappingTemplate,3,2,2,1.0,False,,False,  0   0   0   0   0   0   1   1   0   0     ----       2/2       NonOverlappingTemplate,0,0,0,0,0,0,1,1,0,0,pycryptodome,vn
pycryptodome_vn,2,19,NonOverlappingTemplate,4,2,2,1.0,False,,False,  1   1   0   0   0   0   0   0   0   0     ----       2/2       NonOverlappingTemplate,1,1,0,0,0,0,0,0,0,0,pycryptodome,vn
pycryptodome_vn,2,20,NonOverlappingTemplate,5,2,2,1.0,False,,False,  0   0   0   0   0   0   1   0   0   1     ----       2/2       NonOverlappingTemplate,0,0,0,0,0,0,1,0,0,1,pycryptodome,vn
pycryptodome_vn,2,21,NonOverlappingTemplate,6,2,2,1.0,False,,False,  0   0   0   0   0   0   0   1   1   0     ----       2/2       NonOverlappingTemplate,0,0,0,0,0,0,0,1,1,0,pycryptodome,vn
pycryptodome_vn,2,22,NonOverlappingTemplate,7,2,2,1.0,False,,False,  0   0   2   0   0   0   0   0   0   0     ----       2/2       NonOverlappingTemplate,0,0,2,0,0,0,0,0,0,0,pycryptodome,vn
pycryptodome_vn,2,23,NonOverlappingTemplate,8,2,2,1.0,False,,False,  1   0   0   0   1   0   0   0   0   0     ----       2/2       NonOverlappingTemplate,1,0,0,0,1,0,0,0,0,0,pycryptodome,vn
pycryptodome_vn,2,24,NonOverlappingTemplate,9,2,2,1.0,False,,False,  0   1   0   0   0   1   0   0   0   0     ----       2/2       NonOverlappingTemplate,0,1,0,0,0,1,0,0,0,0,pycryptodome,vn
pycryptodome_vn,2,25,NonOverlappingTemplate,10,2,2,1.0,False,,False,  0   0   0   0   0   0   1   1   0   0     ----       2/2       NonOverlappingTemplate,0,0,0,0,0,0,1,1,0,0,pycryptodome,vn
pycryptodome_vn,2,26,NonOverlappingTemplate,11,2,2,1.0,False,,False,  0   0   0   0   0   0   1   0   0   1     ----       2/2       NonOverlappingTemplate,0,0,0,0,0,0,1,0,0,1,pycryptodome,vn
pycryptodome_vn,2,27,NonOverlappingTemplate,12,2,2,1.0,False,,False,  0   0   1   0   0   0   1   0   0   0     ----       2/2       NonOverlappingTemplate,0,0,1,0,0,0,1,0,0,0,pycryptodome,vn
pycryptodome_vn,2,28,NonOverlappingTemplate,13,2,2,1.0,False,,False,  0   0   0   0   2   0   0   0   0   0     ----       2/2       NonOverlappingTemplate,0,0,0,0,2,0,0,0,0,0,pycryptodome,vn
pycryptodome_vn,2,29,NonOverlappingTemplate,14,2,2,1.0,False,,False,  0   0   0   0   0   0   1   1   0   0     ----       2/2       NonOverlappingTemplate,0,0,0,0,0,0,1,1,0,0,pycryptodome,vn
pycryptodome_vn,2,30,NonOverlappingTemplate,15,2,2,1.0,False,,False,  0   0   1   0   0   0   1   0   0   0     ----       2/2       NonOverlappingTemplate,0,0,1,0,0,0,1,0,0,0,pycryptodome,vn
pycryptodome_vn,2,31,NonOverlappingTemplate,16,2,2,1.0,False,,False,  0   0   1   0   0   0   1   0   0   0     ----       2/2       NonOverlappingTemplate,0,0,1,0,0,0,1,0,0,0,pycryptodome,vn
pycryptodome_vn,2,32,NonOverlappingTemplate,17,2,2,1.0,False,,False,  0   0   1   1   0   0   0   0   0   0     ----       2/2       NonOverlappingTemplate,0,0,1,1,0,0,0,0,0,0,pycryptodome,vn
pycryptodome_vn,2,33,NonOverlappingTemplate,18,2,2,1.0,False,,False,  1   0   0   0   0   0   0   0   0   1     ----       2/2       NonOverlappingTemplate,1,0,0,0,0,0,0,0,0,1,pycryptodome,vn
pycryptodome_vn,2,34,NonOverlappingTemplate,19,2,2,1.0,False,,False,  0   0   0   0   1   0   0   1   0   0     ----       2/2       NonOverlappingTemplate,0,0,0,0,1,0,0,1,0,0,pycryptodome,vn
pycryptodome_vn,2,35,NonOverlappingTemplate,20,2,2,1.0,False,,False,  0   0   0   0   0   1   0   1   0   0     ----       2/2       NonOverlappingTemplate,0,0,0,0,0,1,0,1,0,0,pycryptodome,vn
pycryptodome_vn,2,36,NonOverlappingTemplate,21,2,2,1.0,False,,False,  0   0   0   0   0   0   0   1   1   0     ----       2/2       NonOverlappingTemplate,0,0,0,0,0,0,0,1,1,0,pycryptodome,vn
pycryptodome_vn,2,37,NonOverlappingTemplate,22,2,2,1.0,False,,False,  0   0   0   0   0   0   0   1   0   1     ----       2/2       NonOverlappingTemplate,0,0,0,0,0,0,0,1,0,1,pycryptodome,vn
pycryptodome_vn,2,38,NonOverlappingTemplate,23,2,2,1.0,False,,False,  0   0   0   0   1   0   0   0   0   1     ----       2/2       NonOverlappingTemplate,0,0,0,0,1,0,0,0,0,1,pycryptodome,vn
pycryptodome_vn,2,39,NonOverlappingTemplate,24,2,2,1.0,False,,False,  0   0   0   1   1   0   0   0   0   0     ----       2/2       NonOverlappingTemplate,0,0,0,1,1,0,0,0,0,0,pycryptodome,vn
pycryptodome_vn,2,40,NonOverlappingTemplate,25,2,2,1.0,False,,False,  0   0   0   0   0   1   0   0   1   0     ----       2/2       NonOverlappingTemplate,0,0,0,0,0,1,0,0,1,0,pycryptodome,vn
pycryptodome_vn,2,41,NonOverlappingTemplate,26,2,2,1.0,False,,False,  0   0   1   0   0   0   0   0   0   1     ----       2/2       NonOverlappingTemplate,0,0,1,0,0,0,0,0,0,1,pycryptodome,vn
pycryptodome_vn,2,42,NonOverlappingTemplate,27,2,2,1.0,False,,False,  0   0   1   0   0   0   1   0   0   0     ----       2/2       NonOverlappingTemplate,0,0,1,0,0,0,1,0,0,0,pycryptodome,vn
pycryptodome_vn,2,43,NonOverlappingTemplate,28,2,2,1.0,False,,False,  0   0   0   0   0   0   0   0   2   0     ----       2/2       NonOverlappingTemplate,0,0,0,0,0,0,0,0,2,0,pycryptodome,vn
pycryptodome_vn,2,44,NonOverlappingTemplate,29,2,2,1.0,False,,False,  0   0   0   1   0   0   1   0   0   0     ----       2/2       NonOverlappingTemplate,0,0,0,1,0,0,1,0,0,0,pycryptodome,vn
pycryptodome_vn,2,45,NonOverlappingTemplate,30,2,2,1.0,False,,False,  0   0   0   0   0   1   0   1   0   0     ----       2/2       NonOverlappingTemplate,0,0,0,0,0,1,0,1,0,0,pycryptodome,vn
pycryptodome_vn,2,46,NonOverlappingTemplate,31,2,2,1.0,False,,False,  0   2   0   0   0   0   0   0   0   0     ----       2/2       NonOverlappingTemplate,0,2,0,0,0,0,0,0,0,0,pycryptodome,vn
pycryptodome_vn,2,47,NonOverlappingTemplate,32,2,2,1.0,False,,False,  0   2   0   0   0   0   0   0   0   0     ----       2/2       NonOverlappingTemplate,0,2,0,0,0,0,0,0,0,0,pycryptodome,vn
pycryptodome_vn,2,48,NonOverlappingTemplate,33,2,2,1.0,False,,False,  1   0   0   0   0   0   0   0   0   1     ----       2/2       NonOverlappingTemplate,1,0,0,0,0,0,0,0,0,1,pycryptodome,vn
pycryptodome_vn,2,49,NonOverlappingTemplate,34,2,2,1.0,False,,False,  0   0   0   0   0   0   1   1   0   0     ----       2/2       NonOverlappingTemplate,0,0,0,0,0,0,1,1,0,0,pycryptodome,vn
pycryptodome_vn,2,50,NonOverlappingTemplate,35,2,2,1.0,False,,False,  1   0   1   0   0   0   0   0   0   0     ----       2/2       NonOverlappingTemplate,1,0,1,0,0,0,0,0,0,0,pycryptodome,vn
pycryptodome_vn,2,51,NonOverlappingTemplate,36,2,2,1.0,False,,False,  0   0   1   0   0   0   1   0   0   0     ----       2/2       NonOverlappingTemplate,0,0,1,0,0,0,1,0,0,0,pycryptodome,vn
pycryptodome_vn,2,52,NonOverlappingTemplate,37,2,2,1.0,False,,False,  2   0   0   0   0   0   0   0   0   0     ----       2/2       NonOverlappingTemplate,2,0,0,0,0,0,0,0,0,0,pycryptodome,vn
pycryptodome_vn,2,53,NonOverlappingTemplate,38,2,2,1.0,False,,False,  0   1   0   1   0   0   0   0   0   0     ----       2/2       NonOverlappingTemplate,0,1,0,1,0,0,0,0,0,0,pycryptodome,vn
pycryptodome_vn,2,54,NonOverlappingTemplate,39,2,2,1.0,False,,False,  0   0   0   0   0   0   1   0   0   1     ----       2/2       NonOverlappingTemplate,0,0,0,0,0,0,1,0,0,1,pycryptodome,vn
pycryptodome_vn,2,55,NonOverlappingTemplate,40,2,2,1.0,False,,False,  0   0   0   2   0   0   0   0   0   0     ----       2/2       NonOverlappingTemplate,0,0,0,2,0,0,0,0,0,0,pycryptodome,vn
pycryptodome_vn,2,56,NonOverlappingTemplate,41,2,2,1.0,False,,False,  0   0   0   0   0   1   0   0   1   0     ----       2/2       NonOverlappingTemplate,0,0,0,0,0,1,0,0,1,0,pycryptodome,vn
pycryptodome_vn,2,57,NonOverlappingTemplate,42,2,2,1.0,False,,False,  0   0   0   0   0   1   0   1   0   0     ----       2/2       NonOverlappingTemplate,0,0,0,0,0,1,0,1,0,0,pycryptodome,vn
pycryptodome_vn,2,58,NonOverlappingTemplate,43,2,2,1.0,False,,False,  0   1   0   1   0   0   0   0   0   0     ----       2/2       NonOverlappingTemplate,0,1,0,1,0,0,0,0,0,0,pycryptodome,vn
pycryptodome_vn,2,59,NonOverlappingTemplate,44,2,2,1.0,False,,False,  0   0   0   0   0   1   0   0   0   1     ----       2/2       NonOverlappingTemplate,0,0,0,0,0,1,0,0,0,1,pycryptodome,vn
pycryptodome_vn,2,60,NonOverlappingTemplate,45,2,2,1.0,False,,False,  0   0   0   0   0   0   1   0   1   0     ----       2/2       NonOverlappingTemplate,0,0,0,0,0,0,1,0,1,0,pycryptodome,vn
pycryptodome_vn,2,61,NonOverlappingTemplate,46,2,2,1.0,False,,False,  0   0   1   1   0   0   0   0   0   0     ----       2/2       NonOverlappingTemplate,0,0,1,1,0,0,0,0,0,0,pycryptodome,vn
pycryptodome_vn,2,62,NonOverlappingTemplate,47,2,2,1.0,False,,False,  0   0   0   1   1   0   0   0   0   0     ----       2/2       NonOverlappingTemplate,0,0,0,1,1,0,0,0,0,0,pycryptodome,vn
pycryptodome_vn,2,63,NonOverlappingTemplate,48,2,2,1.0,False,,False,  0   0   1   0   1   0   0   0   0   0     ----       2/2       NonOverlappingTemplate,0,0,1,0,1,0,0,0,0,0,pycryptodome,vn
pycryptodome_vn,2,64,NonOverlappingTemplate,49,2,2,1.0,False,,False,  0   0   0   1   0   0   0   0   1   0     ----       2/2       NonOverlappingTemplate,0,0,0,1,0,0,0,0,1,0,pycryptodome,vn
pycryptodome_vn,2,65,NonOverlappingTemplate,50,2,2,1.0,False,,False,  0   0   0   0   1   0   0   0   1   0     ----       2/2       NonOverlappingTemplate,0,0,0,0,1,0,0,0,1,0,pycryptodome,vn
pycryptodome_vn,2,66,NonOverlappingTemplate,51,2,2,1.0,False,,False,  1   0   0   0   0   0   0   1   0   0     ----       2/2       NonOverlappingTemplate,1,0,0,0,0,0,0,1,0,0,pycryptodome,vn
pycryptodome_vn,2,67,NonOverlappingTemplate,52,2,2,1.0,False,,False,  0   0   0   0   0   0   1   0   0   1     ----       2/2       NonOverlappingTemplate,0,0,0,0,0,0,1,0,0,1,pycryptodome,vn
pycryptodome_vn,2,68,NonOverlappingTemplate,53,2,2,1.0,False,,False,  1   0   0   1   0   0   0   0   0   0     ----       2/2       NonOverlappingTemplate,1,0,0,1,0,0,0,0,0,0,pycryptodome,vn
pycryptodome_vn,2,69,NonOverlappingTemplate,54,2,2,1.0,False,,False,  0   0   1   0   0   0   0   0   1   0     ----       2/2       NonOverlappingTemplate,0,0,1,0,0,0,0,0,1,0,pycryptodome,vn
pycryptodome_vn,2,70,NonOverlappingTemplate,55,2,2,1.0,False,,False,  0   1   0   0   0   1   0   0   0   0     ----       2/2       NonOverlappingTemplate,0,1,0,0,0,1,0,0,0,0,pycryptodome,vn
pycryptodome_vn,2,71,NonOverlappingTemplate,56,2,2,1.0,False,,False,  0   0   0   0   1   1   0   0   0   0     ----       2/2       NonOverlappingTemplate,0,0,0,0,1,1,0,0,0,0,pycryptodome,vn
pycryptodome_vn,2,72,NonOverlappingTemplate,57,2,2,1.0,False,,False,  0   0   0   0   0   1   0   1   0   0     ----       2/2       NonOverlappingTemplate,0,0,0,0,0,1,0,1,0,0,pycryptodome,vn
pycryptodome_vn,2,73,NonOverlappingTemplate,58,2,2,1.0,False,,False,  1   0   0   0   0   0   0   0   0   1     ----       2/2       NonOverlappingTemplate,1,0,0,0,0,0,0,0,0,1,pycryptodome,vn
pycryptodome_vn,2,74,NonOverlappingTemplate,59,2,2,1.0,False,,False,  1   0   0   0   0   0   1   0   0   0     ----       2/2       NonOverlappingTemplate,1,0,0,0,0,0,1,0,0,0,pycryptodome,vn
pycryptodome_vn,2,75,NonOverlappingTemplate,60,2,2,1.0,False,,False,  0   1   0   0   0   0   0   0   0   1     ----       2/2       NonOverlappingTemplate,0,1,0,0,0,0,0,0,0,1,pycryptodome,vn
pycryptodome_vn,2,76,NonOverlappingTemplate,61,2,2,1.0,False,,False,  1   0   0   0   0   0   0   0   0   1     ----       2/2       NonOverlappingTemplate,1,0,0,0,0,0,0,0,0,1,pycryptodome,vn
pycryptodome_vn,2,77,NonOverlappingTemplate,62,2,2,1.0,False,,False,  0   1   1   0   0   0   0   0   0   0     ----       2/2       NonOverlappingTemplate,0,1,1,0,0,0,0,0,0,0,pycryptodome,vn
pycryptodome_vn,2,78,NonOverlappingTemplate,63,2,2,1.0,False,,False,  0   0   0   1   1   0   0   0   0   0     ----       2/2       NonOverlappingTemplate,0,0,0,1,1,0,0,0,0,0,pycryptodome,vn
pycryptodome_vn,2,79,NonOverlappingTemplate,64,2,2,1.0,False,,False,  0   1   0   0   0   0   0   1   0   0     ----       2/2       NonOverlappingTemplate,0,1,0,0,0,0,0,1,0,0,pycryptodome,vn
pycryptodome_vn,2,80,NonOverlappingTemplate,65,2,2,1.0,False,,False,  0   0   0   0   0   0   0   1   0   1     ----       2/2       NonOverlappingTemplate,0,0,0,0,0,0,0,1,0,1,pycryptodome,vn
pycryptodome_vn,2,81,NonOverlappingTemplate,66,2,2,1.0,False,,False,  0   0   1   0   1   0   0   0   0   0     ----       2/2       NonOverlappingTemplate,0,0,1,0,1,0,0,0,0,0,pycryptodome,vn
pycryptodome_vn,2,82,NonOverlappingTemplate,67,2,2,1.0,False,,False,  0   1   0   0   0   0   0   1   0   0     ----       2/2       NonOverlappingTemplate,0,1,0,0,0,0,0,1,0,0,pycryptodome,vn
pycryptodome_vn,2,83,NonOverlappingTemplate,68,2,2,1.0,False,,False,  1   0   0   0   0   0   0   1   0   0     ----       2/2       NonOverlappingTemplate,1,0,0,0,0,0,0,1,0,0,pycryptodome,vn
pycryptodome_vn,2,84,NonOverlappingTemplate,69,1,2,0.5,False,,False,  2   0   0   0   0   0   0   0   0   0     ----       1/2       NonOverlappingTemplate,2,0,0,0,0,0,0,0,0,0,pycryptodome,vn
pycryptodome_vn,2,85,NonOverlappingTemplate,70,2,2,1.0,False,,False,  0   0   0   0   1   0   0   0   1   0     ----       2/2       NonOverlappingTemplate,0,0,0,0,1,0,0,0,1,0,pycryptodome,vn
pycryptodome_vn,2,86,NonOverlappingTemplate,71,2,2,1.0,False,,False,  0   1   0   0   0   0   0   1   0   0     ----       2/2       NonOverlappingTemplate,0,1,0,0,0,0,0,1,0,0,pycryptodome,vn
pycryptodome_vn,2,87,NonOverlappingTemplate,72,2,2,1.0,False,,False,  1   0   0   0   1   0   0   0   0   0     ----       2/2       NonOverlappingTemplate,1,0,0,0,1,0,0,0,0,0,pycryptodome,vn
pycryptodome_vn,2,88,NonOverlappingTemplate,73,2,2,1.0,False,,False,  0   0   0   0   0   0   0   1   0   1     ----       2/2       NonOverlappingTemplate,0,0,0,0,0,0,0,1,0,1,pycryptodome,vn
pycryptodome_vn,2,89,NonOverlappingTemplate,74,2,2,1.0,False,,False,  0   0   0   1   0   0   1   0   0   0     ----       2/2       NonOverlappingTemplate,0,0,0,1,0,0,1,0,0,0,pycryptodome,vn
pycryptodome_vn,2,90,NonOverlappingTemplate,75,2,2,1.0,False,,False,  0   0   0   0   0   1   0   1   0   0     ----       2/2       NonOverlappingTemplate,0,0,0,0,0,1,0,1,0,0,pycryptodome,vn
pycryptodome_vn,2,91,NonOverlappingTemplate,76,2,2,1.0,False,,False,  1   0   0   0   1   0   0   0   0   0     ----       2/2       NonOverlappingTemplate,1,0,0,0,1,0,0,0,0,0,pycryptodome,vn
pycryptodome_vn,2,92,NonOverlappingTemplate,77,2,2,1.0,False,,False,  0   0   1   0   0   1   0   0   0   0     ----       2/2       NonOverlappingTemplate,0,0,1,0,0,1,0,0,0,0,pycryptodome,vn
pycryptodome_vn,2,93,NonOverlappingTemplate,78,2,2,1.0,False,,False,  1   0   1   0   0   0   0   0   0   0     ----       2/2       NonOverlappingTemplate,1,0,1,0,0,0,0,0,0,0,pycryptodome,vn
pycryptodome_vn,2,94,NonOverlappingTemplate,79,2,2,1.0,False,,False,  0   0   0   0   1   0   1   0   0   0     ----       2/2       NonOverlappingTemplate,0,0,0,0,1,0,1,0,0,0,pycryptodome,vn
pycryptodome_vn,2,95,NonOverlappingTemplate,80,2,2,1.0,False,,False,  0   0   0   0   1   0   0   0   0   1     ----       2/2       NonOverlappingTemplate,0,0,0,0,1,0,0,0,0,1,pycryptodome,vn
pycryptodome_vn,2,96,NonOverlappingTemplate,81,2,2,1.0,False,,False,  0   1   0   0   0   0   0   0   1   0     ----       2/2       NonOverlappingTemplate,0,1,0,0,0,0,0,0,1,0,pycryptodome,vn
pycryptodome_vn,2,97,NonOverlappingTemplate,82,2,2,1.0,False,,False,  0   0   0   0   1   1   0   0   0   0     ----       2/2       NonOverlappingTemplate,0,0,0,0,1,1,0,0,0,0,pycryptodome,vn
pycryptodome_vn,2,98,NonOverlappingTemplate,83,2,2,1.0,False,,False,  1   0   0   0   0   0   0   0   0   1     ----       2/2       NonOverlappingTemplate,1,0,0,0,0,0,0,0,0,1,pycryptodome,vn
pycryptodome_vn,2,99,NonOverlappingTemplate,84,2,2,1.0,False,,False,  0   0   0   1   1   0   0   0   0   0     ----       2/2       NonOverlappingTemplate,0,0,0,1,1,0,0,0,0,0,pycryptodome,vn
pycryptodome_vn,2,100,NonOverlappingTemplate,85,2,2,1.0,False,,False,  0   2   0   0   0   0   0   0   0   0     ----       2/2       NonOverlappingTemplate,0,2,0,0,0,0,0,0,0,0,pycryptodome,vn
pycryptodome_vn,2,101,NonOverlappingTemplate,86,2,2,1.0,False,,False,  0   0   0   0   0   0   0   1   0   1     ----       2/2       NonOverlappingTemplate,0,0,0,0,0,0,0,1,0,1,pycryptodome,vn
pycryptodome_vn,2,102,NonOverlappingTemplate,87,2,2,1.0,False,,False,  1   0   0   0   0   0   0   1   0   0     ----       2/2       NonOverlappingTemplate,1,0,0,0,0,0,0,1,0,0,pycryptodome,vn
pycryptodome_vn,2,103,NonOverlappingTemplate,88,2,2,1.0,False,,False,  0   0   1   0   0   0   0   0   0   1     ----       2/2       NonOverlappingTemplate,0,0,1,0,0,0,0,0,0,1,pycryptodome,vn
pycryptodome_vn,2,104,NonOverlappingTemplate,89,2,2,1.0,False,,False,  0   1   0   0   0   0   0   1   0   0     ----       2/2       NonOverlappingTemplate,0,1,0,0,0,0,0,1,0,0,pycryptodome,vn
pycryptodome_vn,2,105,NonOverlappingTemplate,90,2,2,1.0,False,,False,  0   0   0   0   0   0   1   0   0   1     ----       2/2       NonOverlappingTemplate,0,0,0,0,0,0,1,0,0,1,pycryptodome,vn
pycryptodome_vn,2,106,NonOverlappingTemplate,91,2,2,1.0,False,,False,  0   1   0   1   0   0   0   0   0   0     ----       2/2       NonOverlappingTemplate,0,1,0,1,0,0,0,0,0,0,pycryptodome,vn
pycryptodome_vn,2,107,NonOverlappingTemplate,92,2,2,1.0,False,,False,  1   0   0   0   0   0   0   0   0   1     ----       2/2       NonOverlappingTemplate,1,0,0,0,0,0,0,0,0,1,pycryptodome,vn
pycryptodome_vn,2,108,NonOverlappingTemplate,93,2,2,1.0,False,,False,  0   0   0   0   1   0   0   0   1   0     ----       2/2       NonOverlappingTemplate,0,0,0,0,1,0,0,0,1,0,pycryptodome,vn
pycryptodome_vn,2,109,NonOverlappingTemplate,94,2,2,1.0,False,,False,  0   1   0   0   0   0   0   1   0   0     ----       2/2       NonOverlappingTemplate,0,1,0,0,0,0,0,1,0,0,pycryptodome,vn
pycryptodome_vn,2,110,NonOverlappingTemplate,95,2,2,1.0,False,,False,  0   0   0   0   0   1   0   1   0   0     ----       2/2       NonOverlappingTemplate,0,0,0,0,0,1,0,1,0,0,pycryptodome,vn
pycryptodome_vn,2,111,NonOverlappingTemplate,96,2,2,1.0,False,,False,  1   0   0   1   0   0   0   0   0   0     ----       2/2       NonOverlappingTemplate,1,0,0,1,0,0,0,0,0,0,pycryptodome,vn
pycryptodome_vn,2,112,NonOverlappingTemplate,97,2,2,1.0,False,,False,  0   0   0   1   0   0   0   0   1   0     ----       2/2       NonOverlappingTemplate,0,0,0,1,0,0,0,0,1,0,pycryptodome,vn
pycryptodome_vn,2,113,NonOverlappingTemplate,98,2,2,1.0,False,,False,  0   0   0   0   0   0   0   1   0   1     ----       2/2       NonOverlappingTemplate,0,0,0,0,0,0,0,1,0,1,pycryptodome,vn
pycryptodome_vn,2,114,NonOverlappingTemplate,99,2,2,1.0,False,,False,  0   0   0   0   1   0   0   0   1   0     ----       2/2       NonOverlappingTemplate,0,0,0,0,1,0,0,0,1,0,pycryptodome,vn
pycryptodome_vn,2,115,NonOverlappingTemplate,100,2,2,1.0,False,,False,  0   1   0   1   0   0   0   0   0   0     ----       2/2       NonOverlappingTemplate,0,1,0,1,0,0,0,0,0,0,pycryptodome,vn
pycryptodome_vn,2,116,NonOverlappingTemplate,101,2,2,1.0,False,,False,  0   0   0   0   0   0   0   1   0   1     ----       2/2       NonOverlappingTemplate,0,0,0,0,0,0,0,1,0,1,pycryptodome,vn
pycryptodome_vn,2,117,NonOverlappingTemplate,102,2,2,1.0,False,,False,  0   1   0   0   0   0   0   0   1   0     ----       2/2       NonOverlappingTemplate,0,1,0,0,0,0,0,0,1,0,pycryptodome,vn
pycryptodome_vn,2,118,NonOverlappingTemplate,103,2,2,1.0,False,,False,  0   0   0   0   0   0   0   1   0   1     ----       2/2       NonOverlappingTemplate,0,0,0,0,0,0,0,1,0,1,pycryptodome,vn
pycryptodome_vn,2,119,NonOverlappingTemplate,104,2,2,1.0,False,,False,  0   0   1   0   0   0   1   0   0   0     ----       2/2       NonOverlappingTemplate,0,0,1,0,0,0,1,0,0,0,pycryptodome,vn
pycryptodome_vn,2,120,NonOverlappingTemplate,105,2,2,1.0,False,,False,  0   1   0   0   0   0   1   0   0   0     ----       2/2       NonOverlappingTemplate,0,1,0,0,0,0,1,0,0,0,pycryptodome,vn
pycryptodome_vn,2,121,NonOverlappingTemplate,106,2,2,1.0,False,,False,  0   0   0   0   0   0   1   0   1   0     ----       2/2       NonOverlappingTemplate,0,0,0,0,0,0,1,0,1,0,pycryptodome,vn
pycryptodome_vn,2,122,NonOverlappingTemplate,107,2,2,1.0,False,,False,  0   0   1   0   0   0   1   0   0   0     ----       2/2       NonOverlappingTemplate,0,0,1,0,0,0,1,0,0,0,pycryptodome,vn
pycryptodome_vn,2,123,NonOverlappingTemplate,108,2,2,1.0,False,,False,  0   0   1   0   0   1   0   0   0   0     ----       2/2       NonOverlappingTemplate,0,0,1,0,0,1,0,0,0,0,pycryptodome,vn
pycryptodome_vn,2,124,NonOverlappingTemplate,109,2,2,1.0,False,,False,  0   0   1   0   0   0   0   0   1   0     ----       2/2       NonOverlappingTemplate,0,0,1,0,0,0,0,0,1,0,pycryptodome,vn
pycryptodome_vn,2,125,NonOverlappingTemplate,110,2,2,1.0,False,,False,  1   0   0   0   0   1   0   0   0   0     ----       2/2       NonOverlappingTemplate,1,0,0,0,0,1,0,0,0,0,pycryptodome,vn
pycryptodome_vn,2,126,NonOverlappingTemplate,111,2,2,1.0,False,,False,  0   0   0   0   0   1   0   0   0   1     ----       2/2       NonOverlappingTemplate,0,0,0,0,0,1,0,0,0,1,pycryptodome,vn
pycryptodome_vn,2,127,NonOverlappingTemplate,112,2,2,1.0,False,,False,  0   0   0   0   0   1   0   0   1   0     ----       2/2       NonOverlappingTemplate,0,0,0,0,0,1,0,0,1,0,pycryptodome,vn
pycryptodome_vn,2,128,NonOverlappingTemplate,113,2,2,1.0,False,,False,  0   0   0   0   1   0   0   0   0   1     ----       2/2       NonOverlappingTemplate,0,0,0,0,1,0,0,0,0,1,pycryptodome,vn
pycryptodome_vn,2,129,NonOverlappingTemplate,114,2,2,1.0,False,,False,  0   0   0   0   0   0   0   1   0   1     ----       2/2       NonOverlappingTemplate,0,0,0,0,0,0,0,1,0,1,pycryptodome,vn
pycryptodome_vn,2,130,NonOverlappingTemplate,115,2,2,1.0,False,,False,  1   0   0   0   0   0   0   1   0   0     ----       2/2       NonOverlappingTemplate,1,0,0,0,0,0,0,1,0,0,pycryptodome,vn
pycryptodome_vn,2,131,NonOverlappingTemplate,116,2,2,1.0,False,,False,  0   0   0   1   0   1   0   0   0   0     ----       2/2       NonOverlappingTemplate,0,0,0,1,0,1,0,0,0,0,pycryptodome,vn
pycryptodome_vn,2,132,NonOverlappingTemplate,117,2,2,1.0,False,,False,  0   1   0   1   0   0   0   0   0   0     ----       2/2       NonOverlappingTemplate,0,1,0,1,0,0,0,0,0,0,pycryptodome,vn
pycryptodome_vn,2,133,NonOverlappingTemplate,118,2,2,1.0,False,,False,  0   0   0   1   0   0   0   0   1   0     ----       2/2       NonOverlappingTemplate,0,0,0,1,0,0,0,0,1,0,pycryptodome,vn
pycryptodome_vn,2,134,NonOverlappingTemplate,119,1,2,0.5,False,,False,  1   0   0   1   0   0   0   0   0   0     ----       1/2       NonOverlappingTemplate,1,0,0,1,0,0,0,0,0,0,pycryptodome,vn
pycryptodome_vn,2,135,NonOverlappingTemplate,120,2,2,1.0,False,,False,  0   1   0   0   1   0   0   0   0   0     ----       2/2       NonOverlappingTemplate,0,1,0,0,1,0,0,0,0,0,pycryptodome,vn
pycryptodome_vn,2,136,NonOverlappingTemplate,121,2,2,1.0,False,,False,  0   1   0   1   0   0   0   0   0   0     ----       2/2       NonOverlappingTemplate,0,1,0,1,0,0,0,0,0,0,pycryptodome,vn
pycryptodome_vn,2,137,NonOverlappingTemplate,122,2,2,1.0,False,,False,  0   1   1   0   0   0   0   0   0   0     ----       2/2       NonOverlappingTemplate,0,1,1,0,0,0,0,0,0,0,pycryptodome,vn
pycryptodome_vn,2,138,NonOverlappingTemplate,123,2,2,1.0,False,,False,  0   0   0   0   1   0   0   0   0   1     ----       2/2       NonOverlappingTemplate,0,0,0,0,1,0,0,0,0,1,pycryptodome,vn
pycryptodome_vn,2,139,NonOverlappingTemplate,124,2,2,1.0,False,,False,  0   0   0   0   1   1   0   0   0   0     ----       2/2       NonOverlappingTemplate,0,0,0,0,1,1,0,0,0,0,pycryptodome,vn
pycryptodome_vn,2,140,NonOverlappingTemplate,125,2,2,1.0,False,,False,  0   0   0   0   0   1   1   0   0   0     ----       2/2       NonOverlappingTemplate,0,0,0,0,0,1,1,0,0,0,pycryptodome,vn
pycryptodome_vn,2,141,NonOverlappingTemplate,126,2,2,1.0,False,,False,  2   0   0   0   0   0   0   0   0   0     ----       2/2       NonOverlappingTemplate,2,0,0,0,0,0,0,0,0,0,pycryptodome,vn
pycryptodome_vn,2,142,NonOverlappingTemplate,127,2,2,1.0,False,,False,  0   0   0   0   1   0   0   1   0   0     ----       2/2       NonOverlappingTemplate,0,0,0,0,1,0,0,1,0,0,pycryptodome,vn
pycryptodome_vn,2,143,NonOverlappingTemplate,128,2,2,1.0,False,,False,  0   1   0   0   1   0   0   0   0   0     ----       2/2       NonOverlappingTemplate,0,1,0,0,1,0,0,0,0,0,pycryptodome,vn
pycryptodome_vn,2,144,NonOverlappingTemplate,129,2,2,1.0,False,,False,  1   0   0   0   0   1   0   0   0   0     ----       2/2       NonOverlappingTemplate,1,0,0,0,0,1,0,0,0,0,pycryptodome,vn
pycryptodome_vn,2,145,NonOverlappingTemplate,130,2,2,1.0,False,,False,  0   0   1   1   0   0   0   0   0   0     ----       2/2       NonOverlappingTemplate,0,0,1,1,0,0,0,0,0,0,pycryptodome,vn
pycryptodome_vn,2,146,NonOverlappingTemplate,131,2,2,1.0,False,,False,  0   0   0   0   0   2   0   0   0   0     ----       2/2       NonOverlappingTemplate,0,0,0,0,0,2,0,0,0,0,pycryptodome,vn
pycryptodome_vn,2,147,NonOverlappingTemplate,132,2,2,1.0,False,,False,  0   0   0   0   0   0   1   1   0   0     ----       2/2       NonOverlappingTemplate,0,0,0,0,0,0,1,1,0,0,pycryptodome,vn
pycryptodome_vn,2,148,NonOverlappingTemplate,133,2,2,1.0,False,,False,  1   0   0   0   1   0   0   0   0   0     ----       2/2       NonOverlappingTemplate,1,0,0,0,1,0,0,0,0,0,pycryptodome,vn
pycryptodome_vn,2,149,NonOverlappingTemplate,134,2,2,1.0,False,,False,  1   0   0   1   0   0   0   0   0   0     ----       2/2       NonOverlappingTemplate,1,0,0,1,0,0,0,0,0,0,pycryptodome,vn
pycryptodome_vn,2,150,NonOverlappingTemplate,135,2,2,1.0,False,,False,  0   0   0   0   1   1   0   0   0   0     ----       2/2       NonOverlappingTemplate,0,0,0,0,1,1,0,0,0,0,pycryptodome,vn
pycryptodome_vn,2,151,NonOverlappingTemplate,136,2,2,1.0,False,,False,  0   0   0   2   0   0   0   0   0   0     ----       2/2       NonOverlappingTemplate,0,0,0,2,0,0,0,0,0,0,pycryptodome,vn
pycryptodome_vn,2,152,NonOverlappingTemplate,137,2,2,1.0,False,,False,  1   1   0   0   0   0   0   0   0   0     ----       2/2       NonOverlappingTemplate,1,1,0,0,0,0,0,0,0,0,pycryptodome,vn
pycryptodome_vn,2,153,NonOverlappingTemplate,138,2,2,1.0,False,,False,  0   0   0   0   1   0   0   0   0   1     ----       2/2       NonOverlappingTemplate,0,0,0,0,1,0,0,0,0,1,pycryptodome,vn
pycryptodome_vn,2,154,NonOverlappingTemplate,139,2,2,1.0,False,,False,  0   0   0   0   0   0   1   0   0   1     ----       2/2       NonOverlappingTemplate,0,0,0,0,0,0,1,0,0,1,pycryptodome,vn
pycryptodome_vn,2,155,NonOverlappingTemplate,140,2,2,1.0,False,,False,  0   1   1   0   0   0   0   0   0   0     ----       2/2       NonOverlappingTemplate,0,1,1,0,0,0,0,0,0,0,pycryptodome,vn
pycryptodome_vn,2,156,NonOverlappingTemplate,141,2,2,1.0,False,,False,  0   0   0   1   0   0   0   0   0   1     ----       2/2       NonOverlappingTemplate,0,0,0,1,0,0,0,0,0,1,pycryptodome,vn
pycryptodome_vn,2,157,NonOverlappingTemplate,142,2,2,1.0,False,,False,  0   1   0   0   0   0   0   1   0   0     ----       2/2       NonOverlappingTemplate,0,1,0,0,0,0,0,1,0,0,pycryptodome,vn
pycryptodome_vn,2,158,NonOverlappingTemplate,143,2,2,1.0,False,,False,  0   1   1   0   0   0   0   0   0   0     ----       2/2       NonOverlappingTemplate,0,1,1,0,0,0,0,0,0,0,pycryptodome,vn
pycryptodome_vn,2,159,NonOverlappingTemplate,144,2,2,1.0,False,,False,  0   2   0   0   0   0   0   0   0   0     ----       2/2       NonOverlappingTemplate,0,2,0,0,0,0,0,0,0,0,pycryptodome,vn
pycryptodome_vn,2,160,NonOverlappingTemplate,145,2,2,1.0,False,,False,  0   0   0   1   0   0   0   1   0   0     ----       2/2       NonOverlappingTemplate,0,0,0,1,0,0,0,1,0,0,pycryptodome,vn
pycryptodome_vn,2,161,NonOverlappingTemplate,146,2,2,1.0,False,,False,  0   1   0   0   0   0   1   0   0   0     ----       2/2       NonOverlappingTemplate,0,1,0,0,0,0,1,0,0,0,pycryptodome,vn
pycryptodome_vn,2,162,NonOverlappingTemplate,147,2,2,1.0,False,,False,  0   0   0   0   0   0   0   1   0   1     ----       2/2       NonOverlappingTemplate,0,0,0,0,0,0,0,1,0,1,pycryptodome,vn
pycryptodome_vn,2,163,NonOverlappingTemplate,148,2,2,1.0,False,,False,  0   0   0   1   0   0   1   0   0   0     ----       2/2       NonOverlappingTemplate,0,0,0,1,0,0,1,0,0,0,pycryptodome,vn
pycryptodome_vn,2,164,OverlappingTemplate,1,2,2,1.0,False,,False,  0   0   0   0   1   0   0   1   0   0     ----       2/2       OverlappingTemplate,0,0,0,0,1,0,0,1,0,0,pycryptodome,vn
pycryptodome_vn,2,165,Universal,1,1,2,0.5,False,,False,  1   0   0   0   0   0   0   1   0   0     ----       1/2       Universal,1,0,0,0,0,0,0,1,0,0,pycryptodome,vn
pycryptodome_vn,2,166,ApproximateEntropy,1,2,2,1.0,False,,False,  1   0   0   1   0   0   0   0   0   0     ----       2/2       ApproximateEntropy,1,0,0,1,0,0,0,0,0,0,pycryptodome,vn
pycryptodome_vn,2,167,RandomExcursions,1,2,2,1.0,False,,False,  0   0   0   1   0   0   0   0   1   0     ----       2/2       RandomExcursions,0,0,0,1,0,0,0,0,1,0,pycryptodome,vn
pycryptodome_vn,2,168,RandomExcursions,2,2,2,1.0,False,,False,  0   0   0   1   0   0   0   1   0   0     ----       2/2       RandomExcursions,0,0,0,1,0,0,0,1,0,0,pycryptodome,vn
pycryptodome_vn,2,169,RandomExcursions,3,2,2,1.0,False,,False,  0   1   0   0   0   0   0   0   1   0     ----       2/2       RandomExcursions,0,1,0,0,0,0,0,0,1,0,pycryptodome,vn
pycryptodome_vn,2,170,RandomExcursions,4,2,2,1.0,False,,False,  0   0   0   1   1   0   0   0   0   0     ----       2/2       RandomExcursions,0,0,0,1,1,0,0,0,0,0,pycryptodome,vn
pycryptodome_vn,2,171,RandomExcursions,5,2,2,1.0,False,,False,  0   0   0   0   1   0   1   0   0   0     ----       2/2       RandomExcursions,0,0,0,0,1,0,1,0,0,0,pycryptodome,vn
pycryptodome_vn,2,172,RandomExcursions,6,2,2,1.0,False,,False,  0   0   0   2   0   0   0   0   0   0     ----       2/2       RandomExcursions,0,0,0,2,0,0,0,0,0,0,pycryptodome,vn
pycryptodome_vn,2,173,RandomExcursions,7,2,2,1.0,False,,False,  1   0   0   0   1   0   0   0   0   0     ----       2/2       RandomExcursions,1,0,0,0,1,0,0,0,0,0,pycryptodome,vn
pycryptodome_vn,2,174,RandomExcursions,8,2,2,1.0,False,,False,  0   0   0   0   0   0   0   0   2   0     ----       2/2       RandomExcursions,0,0,0,0,0,0,0,0,2,0,pycryptodome,vn
pycryptodome_vn,2,175,RandomExcursionsVariant,1,2,2,1.0,False,,False,  0   0   0   0   0   1   1   0   0   0     ----       2/2       RandomExcursionsVariant,0,0,0,0,0,1,1,0,0,0,pycryptodome,vn
pycryptodome_vn,2,176,RandomExcursionsVariant,2,2,2,1.0,False,,False,  0   0   0   0   1   0   1   0   0   0     ----       2/2       RandomExcursionsVariant,0,0,0,0,1,0,1,0,0,0,pycryptodome,vn
pycryptodome_vn,2,177,RandomExcursionsVariant,3,2,2,1.0,False,,False,  0   0   0   0   1   0   0   0   0   1     ----       2/2       RandomExcursionsVariant,0,0,0,0,1,0,0,0,0,1,pycryptodome,vn
pycryptodome_vn,2,178,RandomExcursionsVariant,4,2,2,1.0,False,,False,  0   0   0   0   0   1   0   0   0   1     ----       2/2       RandomExcursionsVariant,0,0,0,0,0,1,0,0,0,1,pycryptodome,vn
pycryptodome_vn,2,179,RandomExcursionsVariant,5,2,2,1.0,False,,False,  0   0   0   0   0   0   1   0   1   0     ----       2/2       RandomExcursionsVariant,0,0,0,0,0,0,1,0,1,0,pycryptodome,vn
pycryptodome_vn,2,180,RandomExcursionsVariant,6,2,2,1.0,False,,False,  0   0   0   0   0   0   1   1   0   0     ----       2/2       RandomExcursionsVariant,0,0,0,0,0,0,1,1,0,0,pycryptodome,vn
pycryptodome_vn,2,181,RandomExcursionsVariant,7,2,2,1.0,False,,False,  0   0   0   0   0   1   0   0   0   1     ----       2/2       RandomExcursionsVariant,0,0,0,0,0,1,0,0,0,1,pycryptodome,vn
pycryptodome_vn,2,182,RandomExcursionsVariant,8,2,2,1.0,False,,False,  0   0   0   0   0   0   1   1   0   0     ----       2/2       RandomExcursionsVariant,0,0,0,0,0,0,1,1,0,0,pycryptodome,vn
pycryptodome_vn,2,183,RandomExcursionsVariant,9,2,2,1.0,False,,False,  0   0   0   0   0   0   0   1   1   0     ----       2/2       RandomExcursionsVariant,0,0,0,0,0,0,0,1,1,0,pycryptodome,vn
pycryptodome_vn,2,184,RandomExcursionsVariant,10,2,2,1.0,False,,False,  0   0   1   0   0   1   0   0   0   0     ----       2/2       RandomExcursionsVariant,0,0,1,0,0,1,0,0,0,0,pycryptodome,vn
pycryptodome_vn,2,185,RandomExcursionsVariant,11,2,2,1.0,False,,False,  0   0   0   0   0   0   2   0   0   0     ----       2/2       RandomExcursionsVariant,0,0,0,0,0,0,2,0,0,0,pycryptodome,vn
pycryptodome_vn,2,186,RandomExcursionsVariant,12,2,2,1.0,False,,False,  0   0   0   0   0   0   0   1   0   1     ----       2/2       RandomExcursionsVariant,0,0,0,0,0,0,0,1,0,1,pycryptodome,vn
pycryptodome_vn,2,187,RandomExcursionsVariant,13,2,2,1.0,False,,False,  0   0   0   1   0   0   0   1   0   0     ----       2/2       RandomExcursionsVariant,0,0,0,1,0,0,0,1,0,0,pycryptodome,vn
pycryptodome_vn,2,188,RandomExcursionsVariant,14,2,2,1.0,False,,False,  0   1   0   0   0   0   1   0   0   0     ----       2/2       RandomExcursionsVariant,0,1,0,0,0,0,1,0,0,0,pycryptodome,vn
pycryptodome_vn,2,189,RandomExcursionsVariant,15,2,2,1.0,False,,False,  0   1   0   0   0   0   0   1   0   0     ----       2/2       RandomExcursionsVariant,0,1,0,0,0,0,0,1,0,0,pycryptodome,vn
pycryptodome_vn,2,190,RandomExcursionsVariant,16,2,2,1.0,False,,False,  0   1   0   0   0   0   0   0   1   0     ----       2/2       RandomExcursionsVariant,0,1,0,0,0,0,0,0,1,0,pycryptodome,vn
pycryptodome_vn,2,191,RandomExcursionsVariant,17,2,2,1.0,False,,False,  0   0   1   0   0   0   0   1   0   0     ----       2/2       RandomExcursionsVariant,0,0,1,0,0,0,0,1,0,0,pycryptodome,vn
pycryptodome_vn,2,192,RandomExcursionsVariant,18,2,2,1.0,False,,False,  0   0   0   0   0   2   0   0   0   0     ----       2/2       RandomExcursionsVariant,0,0,0,0,0,2,0,0,0,0,pycryptodome,vn
pycryptodome_vn,2,193,Serial,1,2,2,1.0,False,,False,  0   0   2   0   0   0   0   0   0   0     ----       2/2       Serial,0,0,2,0,0,0,0,0,0,0,pycryptodome,vn
pycryptodome_vn,2,194,Serial,2,2,2,1.0,False,,False,  0   1   0   0   0   0   0   1   0   0     ----       2/2       Serial,0,1,0,0,0,0,0,1,0,0,pycryptodome,vn
pycryptodome_vn,2,195,LinearComplexity,1,2,2,1.0,False,,False,  0   0   0   1   0   0   1   0   0   0     ----       2/2       LinearComplexity,0,0,0,1,0,0,1,0,0,0,pycryptodome,vn
pycryptodome_xor,8,8,Frequency,1,8,8,1.0,False,,False,  0   0   1   0   0   2   1   1   3   0     ----       8/8       Frequency,0,0,1,0,0,2,1,1,3,0,pycryptodome,xor
pycryptodome_xor,8,9,BlockFrequency,1,7,8,0.875,False,,False,  1   1   2   1   1   1   0   0   0   1     ----       7/8       BlockFrequency,1,1,2,1,1,1,0,0,0,1,pycryptodome,xor
pycryptodome_xor,8,10,CumulativeSums,1,8,8,1.0,False,,False,  0   1   0   1   1   2   0   1   2   0     ----       8/8       CumulativeSums,0,1,0,1,1,2,0,1,2,0,pycryptodome,xor
pycryptodome_xor,8,11,CumulativeSums,2,8,8,1.0,False,,False,  0   2   0   1   0   2   0   1   1   1     ----       8/8       CumulativeSums,0,2,0,1,0,2,0,1,1,1,pycryptodome,xor
pycryptodome_xor,8,12,Runs,1,8,8,1.0,False,,False,  2   0   2   1   1   2   0   0   0   0     ----       8/8       Runs,2,0,2,1,1,2,0,0,0,0,pycryptodome,xor
pycryptodome_xor,8,13,LongestRun,1,8,8,1.0,False,,False,  0   2   1   0   0   1   1   2   0   1     ----       8/8       LongestRun,0,2,1,0,0,1,1,2,0,1,pycryptodome,xor
pycryptodome_xor,8,14,Rank,1,8,8,1.0,False,,False,  2   0   1   2   0   0   1   1   1   0     ----       8/8       Rank,2,0,1,2,0,0,1,1,1,0,pycryptodome,xor
pycryptodome_xor,8,15,FFT,1,8,8,1.0,False,,False,  0   2   1   0   0   1   1   2   1   0     ----       8/8       FFT,0,2,1,0,0,1,1,2,1,0,pycryptodome,xor
pycryptodome_xor,8,16,NonOverlappingTemplate,1,8,8,1.0,False,,False,  0   1   1   0   2   1   0   1   1   1     ----       8/8       NonOverlappingTemplate,0,1,1,0,2,1,0,1,1,1,pycryptodome,xor
pycryptodome_xor,8,17,NonOverlappingTemplate,2,8,8,1.0,False,,False,  0   1   0   1   0   0   1   2   2   1     ----       8/8       NonOverlappingTemplate,0,1,0,1,0,0,1,2,2,1,pycryptodome,xor
pycryptodome_xor,8,18,NonOverlappingTemplate,3,8,8,1.0,False,,False,  1   0   2   1   0   1   1   1   0   1     ----       8/8       NonOverlappingTemplate,1,0,2,1,0,1,1,1,0,1,pycryptodome,xor
pycryptodome_xor,8,19,NonOverlappingTemplate,4,8,8,1.0,False,,False,  0   1   0   1   1   1   0   1   3   0     ----       8/8       NonOverlappingTemplate,0,1,0,1,1,1,0,1,3,0,pycryptodome,xor
pycryptodome_xor,8,20,NonOverlappingTemplate,5,8,8,1.0,False,,False,  0   2   1   0   0   0   2   0   2   1     ----       8/8       NonOverlappingTemplate,0,2,1,0,0,0,2,0,2,1,pycryptodome,xor
pycryptodome_xor,8,21,NonOverlappingTemplate,6,8,8,1.0,False,,False,  1   1   0   0   1   2   2   1   0   0     ----       8/8       NonOverlappingTemplate,1,1,0,0,1,2,2,1,0,0,pycryptodome,xor
pycryptodome_xor,8,22,NonOverlappingTemplate,7,8,8,1.0,False,,False,  0   1   0   0   1   2   4   0   0   0     ----       8/8       NonOverlappingTemplate,0,1,0,0,1,2,4,0,0,0,pycryptodome,xor
pycryptodome_xor,8,23,NonOverlappingTemplate,8,8,8,1.0,False,,False,  2   0   0   1   2   1   0   1   1   0     ----       8/8       NonOverlappingTemplate,2,0,0,1,2,1,0,1,1,0,pycryptodome,xor
pycryptodome_xor,8,24,NonOverlappingTemplate,9,8,8,1.0,False,,False,  0   1   2   0   1   0   3   0   0   1     ----       8/8       NonOverlappingTemplate,0,1,2,0,1,0,3,0,0,1,pycryptodome,xor
pycryptodome_xor,8,25,NonOverlappingTemplate,10,8,8,1.0,False,,False,  3   0   0   1   0   1   0   1   1   1     ----       8/8       NonOverlappingTemplate,3,0,0,1,0,1,0,1,1,1,pycryptodome,xor
pycryptodome_xor,8,26,NonOverlappingTemplate,11,8,8,1.0,False,,False,  0   2   2   0   1   1   0   0   2   0     ----       8/8       NonOverlappingTemplate,0,2,2,0,1,1,0,0,2,0,pycryptodome,xor
pycryptodome_xor,8,27,NonOverlappingTemplate,12,8,8,1.0,False,,False,  0   1   1   0   1   1   0   2   1   1     ----       8/8       NonOverlappingTemplate,0,1,1,0,1,1,0,2,1,1,pycryptodome,xor
pycryptodome_xor,8,28,NonOverlappingTemplate,13,8,8,1.0,False,,False,  0   1   1   2   2   0   1   0   0   1     ----       8/8       NonOverlappingTemplate,0,1,1,2,2,0,1,0,0,1,pycryptodome,xor
pycryptodome_xor,8,29,NonOverlappingTemplate,14,8,8,1.0,False,,False,  0   1   1   0   2   1   1   1   1   0     ----       8/8       NonOverlappingTemplate,0,1,1,0,2,1,1,1,1,0,pycryptodome,xor
pycryptodome_xor,8,30,NonOverlappingTemplate,15,8,8,1.0,False,,False,  1   1   1   0   0   0   1   0   1   3     ----       8/8       NonOverlappingTemplate,1,1,1,0,0,0,1,0,1,3,pycryptodome,xor
pycryptodome_xor,8,31,NonOverlappingTemplate,16,8,8,1.0,False,,False,  2   2   0   0   0   1   0   1   1   1     ----       8/8       NonOverlappingTemplate,2,2,0,0,0,1,0,1,1,1,pycryptodome,xor
pycryptodome_xor,8,32,NonOverlappingTemplate,17,8,8,1.0,False,,False,  1   1   1   2   1   0   1   0   1   0     ----       8/8       NonOverlappingTemplate,1,1,1,2,1,0,1,0,1,0,pycryptodome,xor
pycryptodome_xor,8,33,NonOverlappingTemplate,18,8,8,1.0,False,,False,  0   1   2   2   0   0   1   0   2   0     ----       8/8       NonOverlappingTemplate,0,1,2,2,0,0,1,0,2,0,pycryptodome,xor
pycryptodome_xor,8,34,NonOverlappingTemplate,19,8,8,1.0,False,,False,  0   1   2   1   2   0   1   1   0   0     ----       8/8       NonOverlappingTemplate,0,1,2,1,2,0,1,1,0,0,pycryptodome,xor
pycryptodome_xor,8,35,NonOverlappingTemplate,20,8,8,1.0,False,,False,  0   1   1   1   1   1   0   0   2   1     ----       8/8       NonOverlappingTemplate,0,1,1,1,1,1,0,0,2,1,pycryptodome,xor
pycryptodome_xor,8,36,NonOverlappingTemplate,21,8,8,1.0,False,,False,  1   1   0   0   1   0   1   1   1   2     ----       8/8       NonOverlappingTemplate,1,1,0,0,1,0,1,1,1,2,pycryptodome,xor
pycryptodome_xor,8,37,NonOverlappingTemplate,22,8,8,1.0,False,,False,  0   1   2   2   0   1   0   2   0   0     ----       8/8       NonOverlappingTemplate,0,1,2,2,0,1,0,2,0,0,pycryptodome,xor
pycryptodome_xor,8,38,NonOverlappingTemplate,23,8,8,1.0,False,,False,  0   0   0   0   1   0   0   2   3   2     ----       8/8       NonOverlappingTemplate,0,0,0,0,1,0,0,2,3,2,pycryptodome,xor
pycryptodome_xor,8,39,NonOverlappingTemplate,24,8,8,1.0,False,,False,  1   1   0   1   1   3   0   0   0   1     ----       8/8       NonOverlappingTemplate,1,1,0,1,1,3,0,0,0,1,pycryptodome,xor
pycryptodome_xor,8,40,NonOverlappingTemplate,25,8,8,1.0,False,,False,  1   0   1   2   1   0   1   0   0   2     ----       8/8       NonOverlappingTemplate,1,0,1,2,1,0,1,0,0,2,pycryptodome,xor
pycryptodome_xor,8,41,NonOverlappingTemplate,26,8,8,1.0,False,,False,  1   1   0   1   0   1   2   0   1   1     ----       8/8       NonOverlappingTemplate,1,1,0,1,0,1,2,0,1,1,pycryptodome,xor
pycryptodome_xor,8,42,NonOverlappingTemplate,27,8,8,1.0,False,,False,  1   1   2   0   1   0   1   1   1   0     ----       8/8       NonOverlappingTemplate,1,1,2,0,1,0,1,1,1,0,pycryptodome,xor
pycryptodome_xor,8,43,NonOverlappingTemplate,28,8,8,1.0,False,,False,  1   1   0   0   1   1   0   1   1   2     ----       8/8       NonOverlappingTemplate,1,1,0,0,1,1,0,1,1,2,pycryptodome,xor
pycryptodome_xor,8,44,NonOverlappingTemplate,29,8,8,1.0,False,,False,  1   2   3   0   0   1   1   0   0   0     ----       8/8       NonOverlappingTemplate,1,2,3,0,0,1,1,0,0,0,pycryptodome,xor
pycryptodome_xor,8,45,NonOverlappingTemplate,30,8,8,1.0,False,,False,  1   0   0   0   1   0   5   0   1   0     ----       8/8       NonOverlappingTemplate,1,0,0,0,1,0,5,0,1,0,pycryptodome,xor
pycryptodome_xor,8,46,NonOverlappingTemplate,31,8,8,1.0,False,,False,  0   1   1   1   2   1   1   0   1   0     ----       8/8       NonOverlappingTemplate,0,1,1,1,2,1,1,0,1,0,pycryptodome,xor
pycryptodome_xor,8,47,NonOverlappingTemplate,32,8,8,1.0,False,,False,  2   1   0   0   0   2   1   1   1   0     ----       8/8       NonOverlappingTemplate,2,1,0,0,0,2,1,1,1,0,pycryptodome,xor
pycryptodome_xor,8,48,NonOverlappingTemplate,33,8,8,1.0,False,,False,  2   2   0   0   0   1   0   1   0   2     ----       8/8       NonOverlappingTemplate,2,2,0,0,0,1,0,1,0,2,pycryptodome,xor
pycryptodome_xor,8,49,NonOverlappingTemplate,34,8,8,1.0,False,,False,  2   3   0   0   0   0   0   1   2   0     ----       8/8       NonOverlappingTemplate,2,3,0,0,0,0,0,1,2,0,pycryptodome,xor
pycryptodome_xor,8,50,NonOverlappingTemplate,35,8,8,1.0,False,,False,  0   1   1   0   0   2   1   1   1   1     ----       8/8       NonOverlappingTemplate,0,1,1,0,0,2,1,1,1,1,pycryptodome,xor
pycryptodome_xor,8,51,NonOverlappingTemplate,36,8,8,1.0,False,,False,  1   1   1   1   1   2   0   0   0   1     ----       8/8       NonOverlappingTemplate,1,1,1,1,1,2,0,0,0,1,pycryptodome,xor
pycryptodome_xor,8,52,NonOverlappingTemplate,37,8,8,1.0,False,,False,  0   2   1   0   0   1   0   2   1   1     ----       8/8       NonOverlappingTemplate,0,2,1,0,0,1,0,2,1,1,pycryptodome,xor
pycryptodome_xor,8,53,NonOverlappingTemplate,38,8,8,1.0,False,,False,  0   0   2   1   1   3   0   1   0   0     ----       8/8       NonOverlappingTemplate,0,0,2,1,1,3,0,1,0,0,pycryptodome,xor
pycryptodome_xor,8,54,NonOverlappingTemplate,39,8,8,1.0,False,,False,  1   1   1   1   1   0   2   0   1   0     ----       8/8       NonOverlappingTemplate,1,1,1,1,1,0,2,0,1,0,pycryptodome,xor
pycryptodome_xor,8,55,NonOverlappingTemplate,40,8,8,1.0,False,,False,  0   1   1   1   1   2   1   0   0   1     ----       8/8       NonOverlappingTemplate,0,1,1,1,1,2,1,0,0,1,pycryptodome,xor
pycryptodome_xor,8,56,NonOverlappingTemplate,41,8,8,1.0,False,,False,  2   1   1   0   0   0   1   3   0   0     ----       8/8       NonOverlappingTemplate,2,1,1,0,0,0,1,3,0,0,pycryptodome,xor
pycryptodome_xor,8,57,NonOverlappingTemplate,42,8,8,1.0,False,,False,  0   1   0   2   1   1   1   1   1   0     ----       8/8       NonOverlappingTemplate,0,1,0,2,1,1,1,1,1,0,pycryptodome,xor
pycryptodome_xor,8,58,NonOverlappingTemplate,43,8,8,1.0,False,,False,  1   0   1   0   1   0   2   0   2   1     ----       8/8       NonOverlappingTemplate,1,0,1,0,1,0,2,0,2,1,pycryptodome,xor
pycryptodome_xor,8,59,NonOverlappingTemplate,44,8,8,1.0,False,,False,  2   0   0   1   1   1   0   0   1   2     ----       8/8       NonOverlappingTemplate,2,0,0,1,1,1,0,0,1,2,pycryptodome,xor
pycryptodome_xor,8,60,NonOverlappingTemplate,45,8,8,1.0,False,,False,  0   0   0   0   4   2   0   0   1   1     ----       8/8       NonOverlappingTemplate,0,0,0,0,4,2,0,0,1,1,pycryptodome,xor
pycryptodome_xor,8,61,NonOverlappingTemplate,46,7,8,0.875,False,,False,  2   0   1   1   0   1   1   0   1   1     ----       7/8       NonOverlappingTemplate,2,0,1,1,0,1,1,0,1,1,pycryptodome,xor
pycryptodome_xor,8,62,NonOverlappingTemplate,47,8,8,1.0,False,,False,  0   1   1   2   2   1   0   1   0   0     ----       8/8       NonOverlappingTemplate,0,1,1,2,2,1,0,1,0,0,pycryptodome,xor
pycryptodome_xor,8,63,NonOverlappingTemplate,48,8,8,1.0,False,,False,  2   0   2   1   0   0   1   2   0   0     ----       8/8       NonOverlappingTemplate,2,0,2,1,0,0,1,2,0,0,pycryptodome,xor
pycryptodome_xor,8,64,NonOverlappingTemplate,49,7,8,0.875,False,,False,  2   0   0   1   1   3   0   1   0   0     ----       7/8       NonOverlappingTemplate,2,0,0,1,1,3,0,1,0,0,pycryptodome,xor
pycryptodome_xor,8,65,NonOverlappingTemplate,50,8,8,1.0,False,,False,  1   1   0   0   0   1   1   2   0   2     ----       8/8       NonOverlappingTemplate,1,1,0,0,0,1,1,2,0,2,pycryptodome,xor
pycryptodome_xor,8,66,NonOverlappingTemplate,51,8,8,1.0,False,,False,  0   0   0   2   0   1   2   0   1   2     ----       8/8       NonOverlappingTemplate,0,0,0,2,0,1,2,0,1,2,pycryptodome,xor
pycryptodome_xor,8,67,NonOverlappingTemplate,52,8,8,1.0,False,,False,  0   3   0   1   0   2   0   1   1   0     ----       8/8       NonOverlappingTemplate,0,3,0,1,0,2,0,1,1,0,pycryptodome,xor
pycryptodome_xor,8,68,NonOverlappingTemplate,53,8,8,1.0,False,,False,  1   0   0   1   1   0   0   3   1   1     ----       8/8       NonOverlappingTemplate,1,0,0,1,1,0,0,3,1,1,pycryptodome,xor
pycryptodome_xor,8,69,NonOverlappingTemplate,54,8,8,1.0,False,,False,  0   0   2   1   1   1   0   1   1   1     ----       8/8       NonOverlappingTemplate,0,0,2,1,1,1,0,1,1,1,pycryptodome,xor
pycryptodome_xor,8,70,NonOverlappingTemplate,55,8,8,1.0,False,,False,  1   1   2   0   0   2   1   0   1   0     ----       8/8       NonOverlappingTemplate,1,1,2,0,0,2,1,0,1,0,pycryptodome,xor
pycryptodome_xor,8,71,NonOverlappingTemplate,56,8,8,1.0,False,,False,  1   1   0   0   0   1   1   1   0   3     ----       8/8       NonOverlappingTemplate,1,1,0,0,0,1,1,1,0,3,pycryptodome,xor
pycryptodome_xor,8,72,NonOverlappingTemplate,57,8,8,1.0,False,,False,  1   0   1   0   0   2   2   1   1   0     ----       8/8       NonOverlappingTemplate,1,0,1,0,0,2,2,1,1,0,pycryptodome,xor
pycryptodome_xor,8,73,NonOverlappingTemplate,58,8,8,1.0,False,,False,  1   4   1   0   1   1   0   0   0   0     ----       8/8       NonOverlappingTemplate,1,4,1,0,1,1,0,0,0,0,pycryptodome,xor
pycryptodome_xor,8,74,NonOverlappingTemplate,59,8,8,1.0,False,,False,  3   0   0   1   0   2   0   1   0   1     ----       8/8       NonOverlappingTemplate,3,0,0,1,0,2,0,1,0,1,pycryptodome,xor
pycryptodome_xor,8,75,NonOverlappingTemplate,60,8,8,1.0,False,,False,  1   0   1   1   0   1   1   1   2   0     ----       8/8       NonOverlappingTemplate,1,0,1,1,0,1,1,1,2,0,pycryptodome,xor
pycryptodome_xor,8,76,NonOverlappingTemplate,61,8,8,1.0,False,,False,  0   0   2   0   0   0   1   3   0   2     ----       8/8       NonOverlappingTemplate,0,0,2,0,0,0,1,3,0,2,pycryptodome,xor
pycryptodome_xor,8,77,NonOverlappingTemplate,62,8,8,1.0,False,,False,  0   0   1   1   1   1   1   1   0   2     ----       8/8       NonOverlappingTemplate,0,0,1,1,1,1,1,1,0,2,pycryptodome,xor
pycryptodome_xor,8,78,NonOverlappingTemplate,63,8,8,1.0,False,,False,  0   0   3   0   3   1   0   0   1   0     ----       8/8       NonOverlappingTemplate,0,0,3,0,3,1,0,0,1,0,pycryptodome,xor
pycryptodome_xor,8,79,NonOverlappingTemplate,64,8,8,1.0,False,,False,  1   0   3   1   1   1   0   0   1   0     ----       8/8       NonOverlappingTemplate,1,0,3,1,1,1,0,0,1,0,pycryptodome,xor
pycryptodome_xor,8,80,NonOverlappingTemplate,65,8,8,1.0,False,,False,  1   0   0   0   1   1   2   0   0   3     ----       8/8       NonOverlappingTemplate,1,0,0,0,1,1,2,0,0,3,pycryptodome,xor
pycryptodome_xor,8,81,NonOverlappingTemplate,66,8,8,1.0,False,,False,  0   1   0   0   1   0   2   1   1   2     ----       8/8       NonOverlappingTemplate,0,1,0,0,1,0,2,1,1,2,pycryptodome,xor
pycryptodome_xor,8,82,NonOverlappingTemplate,67,8,8,1.0,False,,False,  2   0   0   0   1   2   1   0   1   1     ----       8/8       NonOverlappingTemplate,2,0,0,0,1,2,1,0,1,1,pycryptodome,xor
pycryptodome_xor,8,83,NonOverlappingTemplate,68,8,8,1.0,False,,False,  1   0   2   0   2   1   0   1   0   1     ----       8/8       NonOverlappingTemplate,1,0,2,0,2,1,0,1,0,1,pycryptodome,xor
pycryptodome_xor,8,84,NonOverlappingTemplate,69,8,8,1.0,False,,False,  0   2   1   0   0   2   0   1   0   2     ----       8/8       NonOverlappingTemplate,0,2,1,0,0,2,0,1,0,2,pycryptodome,xor
pycryptodome_xor,8,85,NonOverlappingTemplate,70,8,8,1.0,False,,False,  0   1   3   0   0   0   1   0   1   2     ----       8/8       NonOverlappingTemplate,0,1,3,0,0,0,1,0,1,2,pycryptodome,xor
pycryptodome_xor,8,86,NonOverlappingTemplate,71,8,8,1.0,False,,False,  0   0   3   0   3   0   0   1   1   0     ----       8/8       NonOverlappingTemplate,0,0,3,0,3,0,0,1,1,0,pycryptodome,xor
pycryptodome_xor,8,87,NonOverlappingTemplate,72,8,8,1.0,False,,False,  1   0   1   1   2   0   0   2   0   1     ----       8/8       NonOverlappingTemplate,1,0,1,1,2,0,0,2,0,1,pycryptodome,xor
pycryptodome_xor,8,88,NonOverlappingTemplate,73,8,8,1.0,False,,False,  2   2   0   1   0   3   0   0   0   0     ----       8/8       NonOverlappingTemplate,2,2,0,1,0,3,0,0,0,0,pycryptodome,xor
pycryptodome_xor,8,89,NonOverlappingTemplate,74,8,8,1.0,False,,False,  0   1   1   3   2   0   1   0   0   0     ----       8/8       NonOverlappingTemplate,0,1,1,3,2,0,1,0,0,0,pycryptodome,xor
pycryptodome_xor,8,90,NonOverlappingTemplate,75,8,8,1.0,False,,False,  0   1   1   0   2   1   0   1   1   1     ----       8/8       NonOverlappingTemplate,0,1,1,0,2,1,0,1,1,1,pycryptodome,xor
pycryptodome_xor,8,91,NonOverlappingTemplate,76,8,8,1.0,False,,False,  0   1   1   1   1   2   0   2   0   0     ----       8/8       NonOverlappingTemplate,0,1,1,1,1,2,0,2,0,0,pycryptodome,xor
pycryptodome_xor,8,92,NonOverlappingTemplate,77,8,8,1.0,False,,False,  1   0   0   0   0   2   0   2   3   0     ----       8/8       NonOverlappingTemplate,1,0,0,0,0,2,0,2,3,0,pycryptodome,xor
pycryptodome_xor,8,93,NonOverlappingTemplate,78,8,8,1.0,False,,False,  0   0   1   1   1   1   1   1   1   1     ----       8/8       NonOverlappingTemplate,0,0,1,1,1,1,1,1,1,1,pycryptodome,xor
pycryptodome_xor,8,94,NonOverlappingTemplate,79,8,8,1.0,False,,False,  2   2   0   2   0   0   0   1   0   1     ----       8/8       NonOverlappingTemplate,2,2,0,2,0,0,0,1,0,1,pycryptodome,xor
pycryptodome_xor,8,95,NonOverlappingTemplate,80,8,8,1.0,False,,False,  1   0   2   0   1   0   1   1   1   1     ----       8/8       NonOverlappingTemplate,1,0,2,0,1,0,1,1,1,1,pycryptodome,xor
pycryptodome_xor,8,96,NonOverlappingTemplate,81,8,8,1.0,False,,False,  0   2   0   0   0   3   0   1   2   0     ----       8/8       NonOverlappingTemplate,0,2,0,0,0,3,0,1,2,0,pycryptodome,xor
pycryptodome_xor,8,97,NonOverlappingTemplate,82,8,8,1.0,False,,False,  2   1   0   0   1   1   0   2   0   1     ----       8/8       NonOverlappingTemplate,2,1,0,0,1,1,0,2,0,1,pycryptodome,xor
pycryptodome_xor,8,98,NonOverlappingTemplate,83,8,8,1.0,False,,False,  0   0   0   1   0   2   1   1   1   2     ----       8/8       NonOverlappingTemplate,0,0,0,1,0,2,1,1,1,2,pycryptodome,xor
pycryptodome_xor,8,99,NonOverlappingTemplate,84,8,8,1.0,False,,False,  0   0   0   1   1   2   1   2   1   0     ----       8/8       NonOverlappingTemplate,0,0,0,1,1,2,1,2,1,0,pycryptodome,xor
pycryptodome_xor,8,100,NonOverlappingTemplate,85,8,8,1.0,False,,False,  1   1   0   0   2   2   0   1   0   1     ----       8/8       NonOverlappingTemplate,1,1,0,0,2,2,0,1,0,1,pycryptodome,xor
pycryptodome_xor,8,101,NonOverlappingTemplate,86,7,8,0.875,False,,False,  1   2   0   0   0   0   1   0   0   4     ----       7/8       NonOverlappingTemplate,1,2,0,0,0,0,1,0,0,4,pycryptodome,xor
pycryptodome_xor,8,102,NonOverlappingTemplate,87,8,8,1.0,False,,False,  1   0   1   1   0   2   0   1   1   1     ----       8/8       NonOverlappingTemplate,1,0,1,1,0,2,0,1,1,1,pycryptodome,xor
pycryptodome_xor,8,103,NonOverlappingTemplate,88,8,8,1.0,False,,False,  0   0   2   1   1   1   2   0   1   0     ----       8/8       NonOverlappingTemplate,0,0,2,1,1,1,2,0,1,0,pycryptodome,xor
pycryptodome_xor,8,104,NonOverlappingTemplate,89,8,8,1.0,False,,False,  1   0   0   1   1   1   2   0   1   1     ----       8/8       NonOverlappingTemplate,1,0,0,1,1,1,2,0,1,1,pycryptodome,xor
pycryptodome_xor,8,105,NonOverlappingTemplate,90,7,8,0.875,False,,False,  1   0   0   1   1   0   2   1   0   2     ----       7/8       NonOverlappingTemplate,1,0,0,1,1,0,2,1,0,2,pycryptodome,xor
pycryptodome_xor,8,106,NonOverlappingTemplate,91,8,8,1.0,False,,False,  0   4   0   0   0   1   1   1   0   1     ----       8/8       NonOverlappingTemplate,0,4,0,0,0,1,1,1,0,1,pycryptodome,xor
pycryptodome_xor,8,107,NonOverlappingTemplate,92,7,8,0.875,False,,False,  2   2   1   1   0   0   1   0   1   0     ----       7/8       NonOverlappingTemplate,2,2,1,1,0,0,1,0,1,0,pycryptodome,xor
pycryptodome_xor,8,108,NonOverlappingTemplate,93,8,8,1.0,False,,False,  1   1   3   0   1   0   1   1   0   0     ----       8/8       NonOverlappingTemplate,1,1,3,0,1,0,1,1,0,0,pycryptodome,xor
pycryptodome_xor,8,109,NonOverlappingTemplate,94,8,8,1.0,False,,False,  1   1   0   0   4   1   0   0   0   1     ----       8/8       NonOverlappingTemplate,1,1,0,0,4,1,0,0,0,1,pycryptodome,xor
pycryptodome_xor,8,110,NonOverlappingTemplate,95,8,8,1.0,False,,False,  1   2   1   0   0   2   0   0   1   1     ----       8/8       NonOverlappingTemplate,1,2,1,0,0,2,0,0,1,1,pycryptodome,xor
pycryptodome_xor,8,111,NonOverlappingTemplate,96,8,8,1.0,False,,False,  2   0   1   0   1   1   0   1   0   2     ----       8/8       NonOverlappingTemplate,2,0,1,0,1,1,0,1,0,2,pycryptodome,xor
pycryptodome_xor,8,112,NonOverlappingTemplate,97,8,8,1.0,False,,False,  0   2   1   1   1   0   1   0   2   0     ----       8/8       NonOverlappingTemplate,0,2,1,1,1,0,1,0,2,0,pycryptodome,xor
pycryptodome_xor,8,113,NonOverlappingTemplate,98,8,8,1.0,False,,False,  0   1   1   2   2   0   1   0   0   1     ----       8/8       NonOverlappingTemplate,0,1,1,2,2,0,1,0,0,1,pycryptodome,xor
pycryptodome_xor,8,114,NonOverlappingTemplate,99,8,8,1.0,False,,False,  0   1   1   0   1   1   3   0   1   0     ----       8/8       NonOverlappingTemplate,0,1,1,0,1,1,3,0,1,0,pycryptodome,xor
pycryptodome_xor,8,115,NonOverlappingTemplate,100,8,8,1.0,False,,False,  0   1   0   1   2   1   1   1   0   1     ----       8/8       NonOverlappingTemplate,0,1,0,1,2,1,1,1,0,1,pycryptodome,xor
pycryptodome_xor,8,116,NonOverlappingTemplate,101,8,8,1.0,False,,False,  1   1   0   0   1   2   1   1   0   1     ----       8/8       NonOverlappingTemplate,1,1,0,0,1,2,1,1,0,1,pycryptodome,xor
pycryptodome_xor,8,117,NonOverlappingTemplate,102,8,8,1.0,False,,False,  0   3   3   0   1   0   0   0   1   0     ----       8/8       NonOverlappingTemplate,0,3,3,0,1,0,0,0,1,0,pycryptodome,xor
pycryptodome_xor,8,118,NonOverlappingTemplate,103,8,8,1.0,False,,False,  0   3   0   0   1   1   2   0   1   0     ----       8/8       NonOverlappingTemplate,0,3,0,0,1,1,2,0,1,0,pycryptodome,xor
pycryptodome_xor,8,119,NonOverlappingTemplate,104,8,8,1.0,False,,False,  1   1   0   0   0   0   1   1   2   2     ----       8/8       NonOverlappingTemplate,1,1,0,0,0,0,1,1,2,2,pycryptodome,xor
pycryptodome_xor,8,120,NonOverlappingTemplate,105,8,8,1.0,False,,False,  0   1   1   1   2   1   0   0   1   1     ----       8/8       NonOverlappingTemplate,0,1,1,1,2,1,0,0,1,1,pycryptodome,xor
pycryptodome_xor,8,121,NonOverlappingTemplate,106,8,8,1.0,False,,False,  1   0   3   1   2   0   0   0   0   1     ----       8/8       NonOverlappingTemplate,1,0,3,1,2,0,0,0,0,1,pycryptodome,xor
pycryptodome_xor,8,122,NonOverlappingTemplate,107,8,8,1.0,False,,False,  1   1   0   2   1   0   0   3   0   0     ----       8/8       NonOverlappingTemplate,1,1,0,2,1,0,0,3,0,0,pycryptodome,xor
pycryptodome_xor,8,123,NonOverlappingTemplate,108,8,8,1.0,False,,False,  1   2   0   0   2   0   0   1   1   1     ----       8/8       NonOverlappingTemplate,1,2,0,0,2,0,0,1,1,1,pycryptodome,xor
pycryptodome_xor,8,124,NonOverlappingTemplate,109,8,8,1.0,False,,False,  0   1   1   1   1   0   2   0   1   1     ----       8/8       NonOverlappingTemplate,0,1,1,1,1,0,2,0,1,1,pycryptodome,xor
pycryptodome_xor,8,125,NonOverlappingTemplate,110,8,8,1.0,False,,False,  1   2   2   0   2   0   0   0   0   1     ----       8/8       NonOverlappingTemplate,1,2,2,0,2,0,0,0,0,1,pycryptodome,xor
pycryptodome_xor,8,126,NonOverlappingTemplate,111,7,8,0.875,False,,False,  2   1   0   0   0   0   3   2   0   0     ----       7/8       NonOverlappingTemplate,2,1,0,0,0,0,3,2,0,0,pycryptodome,xor
pycryptodome_xor,8,127,NonOverlappingTemplate,112,8,8,1.0,False,,False,  2   0   0   0   0   2   0   0   1   3     ----       8/8       NonOverlappingTemplate,2,0,0,0,0,2,0,0,1,3,pycryptodome,xor
pycryptodome_xor,8,128,NonOverlappingTemplate,113,8,8,1.0,False,,False,  2   0   1   1   1   1   0   1   1   0     ----       8/8       NonOverlappingTemplate,2,0,1,1,1,1,0,1,1,0,pycryptodome,xor
pycryptodome_xor,8,129,NonOverlappingTemplate,114,8,8,1.0,False,,False,  1   1   2   0   1   0   1   0   0   2     ----       8/8       NonOverlappingTemplate,1,1,2,0,1,0,1,0,0,2,pycryptodome,xor
pycryptodome_xor,8,130,NonOverlappingTemplate,115,8,8,1.0,False,,False,  1   1   2   0   1   0   1   0   1   1     ----       8/8       NonOverlappingTemplate,1,1,2,0,1,0,1,0,1,1,pycryptodome,xor
pycryptodome_xor,8,131,NonOverlappingTemplate,116,8,8,1.0,False,,False,  0   0   2   2   1   0   0   0   2   1     ----       8/8       NonOverlappingTemplate,0,0,2,2,1,0,0,0,2,1,pycryptodome,xor
pycryptodome_xor,8,132,NonOverlappingTemplate,117,8,8,1.0,False,,False,  1   0   1   0   3   0   1   2   0   0     ----       8/8       NonOverlappingTemplate,1,0,1,0,3,0,1,2,0,0,pycryptodome,xor
pycryptodome_xor,8,133,NonOverlappingTemplate,118,8,8,1.0,False,,False,  0   2   0   0   2   1   0   0   1   2     ----       8/8       NonOverlappingTemplate,0,2,0,0,2,1,0,0,1,2,pycryptodome,xor
pycryptodome_xor,8,134,NonOverlappingTemplate,119,8,8,1.0,False,,False,  0   0   1   1   0   1   0   4   1   0     ----       8/8       NonOverlappingTemplate,0,0,1,1,0,1,0,4,1,0,pycryptodome,xor
pycryptodome_xor,8,135,NonOverlappingTemplate,120,8,8,1.0,False,,False,  0   1   0   1   1   1   0   1   2   1     ----       8/8       NonOverlappingTemplate,0,1,0,1,1,1,0,1,2,1,pycryptodome,xor
pycryptodome_xor,8,136,NonOverlappingTemplate,121,8,8,1.0,False,,False,  1   2   0   1   2   0   1   1   0   0     ----       8/8       NonOverlappingTemplate,1,2,0,1,2,0,1,1,0,0,pycryptodome,xor
pycryptodome_xor,8,137,NonOverlappingTemplate,122,7,8,0.875,False,,False,  1   0   1   0   1   1   1   0   1   2     ----       7/8       NonOverlappingTemplate,1,0,1,0,1,1,1,0,1,2,pycryptodome,xor
pycryptodome_xor,8,138,NonOverlappingTemplate,123,8,8,1.0,False,,False,  1   2   1   2   1   1   0   0   0   0     ----       8/8       NonOverlappingTemplate,1,2,1,2,1,1,0,0,0,0,pycryptodome,xor
pycryptodome_xor,8,139,NonOverlappingTemplate,124,8,8,1.0,False,,False,  0   2   0   0   1   2   1   1   1   0     ----       8/8       NonOverlappingTemplate,0,2,0,0,1,2,1,1,1,0,pycryptodome,xor
pycryptodome_xor,8,140,NonOverlappingTemplate,125,8,8,1.0,False,,False,  0   1   0   1   3   0   0   0   3   0     ----       8/8       NonOverlappingTemplate,0,1,0,1,3,0,0,0,3,0,pycryptodome,xor
pycryptodome_xor,8,141,NonOverlappingTemplate,126,7,8,0.875,False,,False,  1   0   0   3   0   1   0   1   1   1     ----       7/8       NonOverlappingTemplate,1,0,0,3,0,1,0,1,1,1,pycryptodome,xor
pycryptodome_xor,8,142,NonOverlappingTemplate,127,8,8,1.0,False,,False,  0   0   1   1   1   1   1   1   2   0     ----       8/8       NonOverlappingTemplate,0,0,1,1,1,1,1,1,2,0,pycryptodome,xor
pycryptodome_xor,8,143,NonOverlappingTemplate,128,8,8,1.0,False,,False,  1   1   1   0   2   1   0   0   1   1     ----       8/8       NonOverlappingTemplate,1,1,1,0,2,1,0,0,1,1,pycryptodome,xor
pycryptodome_xor,8,144,NonOverlappingTemplate,129,8,8,1.0,False,,False,  0   1   0   0   1   0   3   1   0   2     ----       8/8       NonOverlappingTemplate,0,1,0,0,1,0,3,1,0,2,pycryptodome,xor
pycryptodome_xor,8,145,NonOverlappingTemplate,130,8,8,1.0,False,,False,  3   2   0   0   1   0   1   0   1   0     ----       8/8       NonOverlappingTemplate,3,2,0,0,1,0,1,0,1,0,pycryptodome,xor
pycryptodome_xor,8,146,NonOverlappingTemplate,131,8,8,1.0,False,,False,  0   0   1   1   0   1   0   2   2   1     ----       8/8       NonOverlappingTemplate,0,0,1,1,0,1,0,2,2,1,pycryptodome,xor
pycryptodome_xor,8,147,NonOverlappingTemplate,132,8,8,1.0,False,,False,  2   0   0   0   1   1   1   1   1   1     ----       8/8       NonOverlappingTemplate,2,0,0,0,1,1,1,1,1,1,pycryptodome,xor
pycryptodome_xor,8,148,NonOverlappingTemplate,133,8,8,1.0,False,,False,  1   0   0   1   0   0   1   1   1   3     ----       8/8       NonOverlappingTemplate,1,0,0,1,0,0,1,1,1,3,pycryptodome,xor
pycryptodome_xor,8,149,NonOverlappingTemplate,134,8,8,1.0,False,,False,  1   0   0   1   2   0   2   0   0   2     ----       8/8       NonOverlappingTemplate,1,0,0,1,2,0,2,0,0,2,pycryptodome,xor
pycryptodome_xor,8,150,NonOverlappingTemplate,135,8,8,1.0,False,,False,  2   1   1   1   1   0   1   1   0   0     ----       8/8       NonOverlappingTemplate,2,1,1,1,1,0,1,1,0,0,pycryptodome,xor
pycryptodome_xor,8,151,NonOverlappingTemplate,136,8,8,1.0,False,,False,  0   0   2   0   2   1   1   0   0   2     ----       8/8       NonOverlappingTemplate,0,0,2,0,2,1,1,0,0,2,pycryptodome,xor
pycryptodome_xor,8,152,NonOverlappingTemplate,137,8,8,1.0,False,,False,  1   1   1   0   0   2   1   0   0   2     ----       8/8       NonOverlappingTemplate,1,1,1,0,0,2,1,0,0,2,pycryptodome,xor
pycryptodome_xor,8,153,NonOverlappingTemplate,138,8,8,1.0,False,,False,  1   0   1   1   0   1   1   2   0   1     ----       8/8       NonOverlappingTemplate,1,0,1,1,0,1,1,2,0,1,pycryptodome,xor
pycryptodome_xor,8,154,NonOverlappingTemplate,139,8,8,1.0,False,,False,  1   0   0   1   0   0   0   1   0   5     ----       8/8       NonOverlappingTemplate,1,0,0,1,0,0,0,1,0,5,pycryptodome,xor
pycryptodome_xor,8,155,NonOverlappingTemplate,140,8,8,1.0,False,,False,  1   0   2   2   0   0   0   1   1   1     ----       8/8       NonOverlappingTemplate,1,0,2,2,0,0,0,1,1,1,pycryptodome,xor
pycryptodome_xor,8,156,NonOverlappingTemplate,141,8,8,1.0,False,,False,  0   1   0   0   1   2   2   2   0   0     ----       8/8       NonOverlappingTemplate,0,1,0,0,1,2,2,2,0,0,pycryptodome,xor
pycryptodome_xor,8,157,NonOverlappingTemplate,142,8,8,1.0,False,,False,  0   1   0   0   1   1   0   2   1   2     ----       8/8       NonOverlappingTemplate,0,1,0,0,1,1,0,2,1,2,pycryptodome,xor
pycryptodome_xor,8,158,NonOverlappingTemplate,143,8,8,1.0,False,,False,  0   0   2   0   0   4   0   1   1   0     ----       8/8       NonOverlappingTemplate,0,0,2,0,0,4,0,1,1,0,pycryptodome,xor
pycryptodome_xor,8,159,NonOverlappingTemplate,144,8,8,1.0,False,,False,  0   1   0   1   1   0   1   3   1   0     ----       8/8       NonOverlappingTemplate,0,1,0,1,1,0,1,3,1,0,pycryptodome,xor
pycryptodome_xor,8,160,NonOverlappingTemplate,145,8,8,1.0,False,,False,  2   2   1   1   1   0   0   0   1   0     ----       8/8       NonOverlappingTemplate,2,2,1,1,1,0,0,0,1,0,pycryptodome,xor
pycryptodome_xor,8,161,NonOverlappingTemplate,146,8,8,1.0,False,,False,  0   0   1   1   2   0   1   2   0   1     ----       8/8       NonOverlappingTemplate,0,0,1,1,2,0,1,2,0,1,pycryptodome,xor
pycryptodome_xor,8,162,NonOverlappingTemplate,147,8,8,1.0,False,,False,  0   1   1   2   0   1   1   0   1   1     ----       8/8       NonOverlappingTemplate,0,1,1,2,0,1,1,0,1,1,pycryptodome,xor
pycryptodome_xor,8,163,NonOverlappingTemplate,148,8,8,1.0,False,,False,  0   1   1   3   2   0   1   0   0   0     ----       8/8       NonOverlappingTemplate,0,1,1,3,2,0,1,0,0,0,pycryptodome,xor
pycryptodome_xor,8,164,OverlappingTemplate,1,8,8,1.0,False,,False,  0   0   2   1   1   1   1   1   1   0     ----       8/8       OverlappingTemplate,0,0,2,1,1,1,1,1,1,0,pycryptodome,xor
pycryptodome_xor,8,165,Universal,1,8,8,1.0,False,,False,  0   1   3   0   2   1   0   0   1   0     ----       8/8       Universal,0,1,3,0,2,1,0,0,1,0,pycryptodome,xor
pycryptodome_xor,8,166,ApproximateEntropy,1,8,8,1.0,False,,False,  0   0   3   0   0   1   2   0   0   2     ----       8/8       ApproximateEntropy,0,0,3,0,0,1,2,0,0,2,pycryptodome,xor
pycryptodome_xor,8,167,RandomExcursions,1,6,6,1.0,False,,False,  1   0   1   1   1   0   0   0   0   2     ----       6/6       RandomExcursions,1,0,1,1,1,0,0,0,0,2,pycryptodome,xor
pycryptodome_xor,8,168,RandomExcursions,2,6,6,1.0,False,,False,  0   0   0   0   0   0   0   1   2   3     ----       6/6       RandomExcursions,0,0,0,0,0,0,0,1,2,3,pycryptodome,xor
pycryptodome_xor,8,169,RandomExcursions,3,6,6,1.0,False,,False,  0   0   0   0   1   0   1   1   2   1     ----       6/6       RandomExcursions,0,0,0,0,1,0,1,1,2,1,pycryptodome,xor
pycryptodome_xor,8,170,RandomExcursions,4,6,6,1.0,False,,False,  0   0   1   0   2   0   1   1   1   0     ----       6/6       RandomExcursions,0,0,1,0,2,0,1,1,1,0,pycryptodome,xor
pycryptodome_xor,8,171,RandomExcursions,5,6,6,1.0,False,,False,  0   0   0   2   1   0   1   1   0   1     ----       6/6       RandomExcursions,0,0,0,2,1,0,1,1,0,1,pycryptodome,xor
pycryptodome_xor,8,172,RandomExcursions,6,6,6,1.0,False,,False,  0   1   0   1   1   0   1   2   0   0     ----       6/6       RandomExcursions,0,1,0,1,1,0,1,2,0,0,pycryptodome,xor
pycryptodome_xor,8,173,RandomExcursions,7,6,6,1.0,False,,False,  0   0   0   0   0   1   1   3   0   1     ----       6/6       RandomExcursions,0,0,0,0,0,1,1,3,0,1,pycryptodome,xor
pycryptodome_xor,8,174,RandomExcursions,8,6,6,1.0,False,,False,  0   1   0   1   1   0   0   1   1   1     ----       6/6       RandomExcursions,0,1,0,1,1,0,0,1,1,1,pycryptodome,xor
pycryptodome_xor,8,175,RandomExcursionsVariant,1,6,6,1.0,False,,False,  0   0   1   1   0   1   2   1   0   0     ----       6/6       RandomExcursionsVariant,0,0,1,1,0,1,2,1,0,0,pycryptodome,xor
pycryptodome_xor,8,176,RandomExcursionsVariant,2,6,6,1.0,False,,False,  0   0   0   1   0   3   1   0   1   0     ----       6/6       RandomExcursionsVariant,0,0,0,1,0,3,1,0,1,0,pycryptodome,xor
pycryptodome_xor,8,177,RandomExcursionsVariant,3,6,6,1.0,False,,False,  0   1   0   0   0   1   0   2   1   1     ----       6/6       RandomExcursionsVariant,0,1,0,0,0,1,0,2,1,1,pycryptodome,xor
pycryptodome_xor,8,178,RandomExcursionsVariant,4,6,6,1.0,False,,False,  0   0   1   0   0   2   0   2   0   1     ----       6/6       RandomExcursionsVariant,0,0,1,0,0,2,0,2,0,1,pycryptodome,xor
pycryptodome_xor,8,179,RandomExcursionsVariant,5,6,6,1.0,False,,False,  0   0   0   0   0   3   1   1   1   0     ----       6/6       RandomExcursionsVariant,0,0,0,0,0,3,1,1,1,0,pycryptodome,xor
pycryptodome_xor,8,180,RandomExcursionsVariant,6,6,6,1.0,False,,False,  0   0   0   0   0   1   1   3   0   1     ----       6/6       RandomExcursionsVariant,0,0,0,0,0,1,1,3,0,1,pycryptodome,xor
pycryptodome_xor,8,181,RandomExcursionsVariant,7,6,6,1.0,False,,False,  0   0   0   0   0   0   2   2   2   0     ----       6/6       RandomExcursionsVariant,0,0,0,0,0,0,2,2,2,0,pycryptodome,xor
pycryptodome_xor,8,182,RandomExcursionsVariant,8,6,6,1.0,False,,False,  0   0   1   0   0   2   0   2   1   0     ----       6/6       RandomExcursionsVariant,0,0,1,0,0,2,0,2,1,0,pycryptodome,xor
pycryptodome_xor,8,183,RandomExcursionsVariant,9,6,6,1.0,False,,False,  0   1   1   0   2   0   0   0   1   1     ----       6/6       RandomExcursionsVariant,0,1,1,0,2,0,0,0,1,1,pycryptodome,xor
pycryptodome_xor,8,184,RandomExcursionsVariant,10,6,6,1.0,False,,False,  0   0   0   0   1   1   1   0   2   1     ----       6/6       RandomExcursionsVariant,0,0,0,0,1,1,1,0,2,1,pycryptodome,xor
pycryptodome_xor,8,185,RandomExcursionsVariant,11,6,6,1.0,False,,False,  0   0   0   0   0   3   2   1   0   0     ----       6/6       RandomExcursionsVariant,0,0,0,0,0,3,2,1,0,0,pycryptodome,xor
pycryptodome_xor,8,186,RandomExcursionsVariant,12,6,6,1.0,False,,False,  0   0   1   0   1   0   0   2   1   1     ----       6/6       RandomExcursionsVariant,0,0,1,0,1,0,0,2,1,1,pycryptodome,xor
pycryptodome_xor,8,187,RandomExcursionsVariant,13,6,6,1.0,False,,False,  0   0   0   1   0   1   2   1   0   1     ----       6/6       RandomExcursionsVariant,0,0,0,1,0,1,2,1,0,1,pycryptodome,xor
pycryptodome_xor,8,188,RandomExcursionsVariant,14,6,6,1.0,False,,False,  0   0   0   2   1   0   1   2   0   0     ----       6/6       RandomExcursionsVariant,0,0,0,2,1,0,1,2,0,0,pycryptodome,xor
pycryptodome_xor,8,189,RandomExcursionsVariant,15,6,6,1.0,False,,False,  0   1   1   0   1   1   1   1   0   0     ----       6/6       RandomExcursionsVariant,0,1,1,0,1,1,1,1,0,0,pycryptodome,xor
pycryptodome_xor,8,190,RandomExcursionsVariant,16,6,6,1.0,False,,False,  1   0   0   0   1   1   1   1   0   1     ----       6/6       RandomExcursionsVariant,1,0,0,0,1,1,1,1,0,1,pycryptodome,xor
pycryptodome_xor,8,191,RandomExcursionsVariant,17,6,6,1.0,False,,False,  0   1   0   0   0   2   0   1   2   0     ----       6/6       RandomExcursionsVariant,0,1,0,0,0,2,0,1,2,0,pycryptodome,xor
pycryptodome_xor,8,192,RandomExcursionsVariant,18,6,6,1.0,False,,False,  0   1   1   0   0   0   2   0   0   2     ----       6/6       RandomExcursionsVariant,0,1,1,0,0,0,2,0,0,2,pycryptodome,xor
pycryptodome_xor,8,193,Serial,1,8,8,1.0,False,,False,  0   2   0   1   1   0   1   2   1   0     ----       8/8       Serial,0,2,0,1,1,0,1,2,1,0,pycryptodome,xor
pycryptodome_xor,8,194,Serial,2,8,8,1.0,False,,False,  0   1   3   0   1   0   1   0   1   1     ----       8/8       Serial,0,1,3,0,1,0,1,0,1,1,pycryptodome,xor
pycryptodome_xor,8,195,LinearComplexity,1,8,8,1.0,False,,False,  0   2   2   0   0   0   0   1   3   0     ----       8/8       LinearComplexity,0,2,2,0,0,0,0,1,3,0,pycryptodome,xor
pynacl_raw,8,8,Frequency,1,8,8,1.0,False,,False,  1   0   0   0   0   3   1   0   0   3     ----       8/8       Frequency,1,0,0,0,0,3,1,0,0,3,pynacl,raw
pynacl_raw,8,9,BlockFrequency,1,8,8,1.0,False,,False,  0   0   2   1   0   1   1   1   1   1     ----       8/8       BlockFrequency,0,0,2,1,0,1,1,1,1,1,pynacl,raw
pynacl_raw,8,10,CumulativeSums,1,8,8,1.0,False,,False,  1   1   0   0   0   1   0   2   2   1     ----       8/8       CumulativeSums,1,1,0,0,0,1,0,2,2,1,pynacl,raw
pynacl_raw,8,11,CumulativeSums,2,8,8,1.0,False,,False,  1   0   0   1   1   0   2   1   1   1     ----       8/8       CumulativeSums,1,0,0,1,1,0,2,1,1,1,pynacl,raw
pynacl_raw,8,12,Runs,1,8,8,1.0,False,,False,  0   1   0   0   1   1   2   1   0   2     ----       8/8       Runs,0,1,0,0,1,1,2,1,0,2,pynacl,raw
pynacl_raw,8,13,LongestRun,1,7,8,0.875,False,,False,  2   0   0   1   0   1   0   1   2   1     ----       7/8       LongestRun,2,0,0,1,0,1,0,1,2,1,pynacl,raw
pynacl_raw,8,14,Rank,1,8,8,1.0,False,,False,  0   1   1   0   1   0   2   2   1   0     ----       8/8       Rank,0,1,1,0,1,0,2,2,1,0,pynacl,raw
pynacl_raw,8,15,FFT,1,8,8,1.0,False,,False,  2   2   1   2   0   0   1   0   0   0     ----       8/8       FFT,2,2,1,2,0,0,1,0,0,0,pynacl,raw
pynacl_raw,8,16,NonOverlappingTemplate,1,8,8,1.0,False,,False,  1   0   2   1   0   0   2   0   1   1     ----       8/8       NonOverlappingTemplate,1,0,2,1,0,0,2,0,1,1,pynacl,raw
pynacl_raw,8,17,NonOverlappingTemplate,2,8,8,1.0,False,,False,  0   0   2   0   1   0   2   0   3   0     ----       8/8       NonOverlappingTemplate,0,0,2,0,1,0,2,0,3,0,pynacl,raw
pynacl_raw,8,18,NonOverlappingTemplate,3,8,8,1.0,False,,False,  0   1   1   1   0   0   0   1   2   2     ----       8/8       NonOverlappingTemplate,0,1,1,1,0,0,0,1,2,2,pynacl,raw
pynacl_raw,8,19,NonOverlappingTemplate,4,8,8,1.0,False,,False,  0   1   0   0   3   0   1   0   1   2     ----       8/8       NonOverlappingTemplate,0,1,0,0,3,0,1,0,1,2,pynacl,raw
pynacl_raw,8,20,NonOverlappingTemplate,5,8,8,1.0,False,,False,  1   1   1   2   0   1   1   0   1   0     ----       8/8       NonOverlappingTemplate,1,1,1,2,0,1,1,0,1,0,pynacl,raw
pynacl_raw,8,21,NonOverlappingTemplate,6,8,8,1.0,False,,False,  1   1   1   0   0   0   3   0   2   0     ----       8/8       NonOverlappingTemplate,1,1,1,0,0,0,3,0,2,0,pynacl,raw
pynacl_raw,8,22,NonOverlappingTemplate,7,8,8,1.0,False,,False,  1   0   1   2   2   1   1   0   0   0     ----       8/8       NonOverlappingTemplate,1,0,1,2,2,1,1,0,0,0,pynacl,raw
pynacl_raw,8,23,NonOverlappingTemplate,8,8,8,1.0,False,,False,  0   1   1   1   1   0   2   0   1   1     ----       8/8       NonOverlappingTemplate,0,1,1,1,1,0,2,0,1,1,pynacl,raw
pynacl_raw,8,24,NonOverlappingTemplate,9,8,8,1.0,False,,False,  0   1   0   2   3   0   0   1   1   0     ----       8/8       NonOverlappingTemplate,0,1,0,2,3,0,0,1,1,0,pynacl,raw
pynacl_raw,8,25,NonOverlappingTemplate,10,8,8,1.0,False,,False,  1   1   1   1   0   2   1   0   1   0     ----       8/8       NonOverlappingTemplate,1,1,1,1,0,2,1,0,1,0,pynacl,raw
pynacl_raw,8,26,NonOverlappingTemplate,11,8,8,1.0,False,,False,  2   0   0   1   0   1   1   2   1   0     ----       8/8       NonOverlappingTemplate,2,0,0,1,0,1,1,2,1,0,pynacl,raw
pynacl_raw,8,27,NonOverlappingTemplate,12,8,8,1.0,False,,False,  0   0   2   1   1   1   1   0   0   2     ----       8/8       NonOverlappingTemplate,0,0,2,1,1,1,1,0,0,2,pynacl,raw
pynacl_raw,8,28,NonOverlappingTemplate,13,8,8,1.0,False,,False,  1   0   0   1   1   0   1   2   2   0     ----       8/8       NonOverlappingTemplate,1,0,0,1,1,0,1,2,2,0,pynacl,raw
pynacl_raw,8,29,NonOverlappingTemplate,14,8,8,1.0,False,,False,  1   1   0   1   1   1   0   2   0   1     ----       8/8       NonOverlappingTemplate,1,1,0,1,1,1,0,2,0,1,pynacl,raw
pynacl_raw,8,30,NonOverlappingTemplate,15,8,8,1.0,False,,False,  1   2   1   1   0   1   0   0   0   2     ----       8/8       NonOverlappingTemplate,1,2,1,1,0,1,0,0,0,2,pynacl,raw
pynacl_raw,8,31,NonOverlappingTemplate,16,8,8,1.0,False,,False,  0   1   2   0   2   0   0   2   1   0     ----       8/8       NonOverlappingTemplate,0,1,2,0,2,0,0,2,1,0,pynacl,raw
pynacl_raw,8,32,NonOverlappingTemplate,17,8,8,1.0,False,,False,  1   1   1   0   1   0   1   3   0   0     ----       8/8       NonOverlappingTemplate,1,1,1,0,1,0,1,3,0,0,pynacl,raw
pynacl_raw,8,33,NonOverlappingTemplate,18,8,8,1.0,False,,False,  2   1   0   3   1   0   1   0   0   0     ----       8/8       NonOverlappingTemplate,2,1,0,3,1,0,1,0,0,0,pynacl,raw
pynacl_raw,8,34,NonOverlappingTemplate,19,8,8,1.0,False,,False,  3   1   0   0   2   0   1   0   1   0     ----       8/8       NonOverlappingTemplate,3,1,0,0,2,0,1,0,1,0,pynacl,raw
pynacl_raw,8,35,NonOverlappingTemplate,20,8,8,1.0,False,,False,  1   1   0   1   2   0   0   1   1   1     ----       8/8       NonOverlappingTemplate,1,1,0,1,2,0,0,1,1,1,pynacl,raw
pynacl_raw,8,36,NonOverlappingTemplate,21,8,8,1.0,False,,False,  3   0   0   2   0   0   0   1   1   1     ----       8/8       NonOverlappingTemplate,3,0,0,2,0,0,0,1,1,1,pynacl,raw
pynacl_raw,8,37,NonOverlappingTemplate,22,8,8,1.0,False,,False,  1   0   0   1   1   0   2   0   1   2     ----       8/8       NonOverlappingTemplate,1,0,0,1,1,0,2,0,1,2,pynacl,raw
pynacl_raw,8,38,NonOverlappingTemplate,23,8,8,1.0,False,,False,  0   0   2   1   4   0   0   1   0   0     ----       8/8       NonOverlappingTemplate,0,0,2,1,4,0,0,1,0,0,pynacl,raw
pynacl_raw,8,39,NonOverlappingTemplate,24,8,8,1.0,False,,False,  2   1   1   1   2   1   0   0   0   0     ----       8/8       NonOverlappingTemplate,2,1,1,1,2,1,0,0,0,0,pynacl,raw
pynacl_raw,8,40,NonOverlappingTemplate,25,7,8,0.875,False,,False,  1   1   0   1   1   0   2   0   1   1     ----       7/8       NonOverlappingTemplate,1,1,0,1,1,0,2,0,1,1,pynacl,raw
pynacl_raw,8,41,NonOverlappingTemplate,26,7,8,0.875,False,,False,  2   0   1   1   0   1   0   2   1   0     ----       7/8       NonOverlappingTemplate,2,0,1,1,0,1,0,2,1,0,pynacl,raw
pynacl_raw,8,42,NonOverlappingTemplate,27,8,8,1.0,False,,False,  1   1   0   1   2   0   1   1   1   0     ----       8/8       NonOverlappingTemplate,1,1,0,1,2,0,1,1,1,0,pynacl,raw
pynacl_raw,8,43,NonOverlappingTemplate,28,8,8,1.0,False,,False,  1   2   0   1   0   0   1   2   0   1     ----       8/8       NonOverlappingTemplate,1,2,0,1,0,0,1,2,0,1,pynacl,raw
pynacl_raw,8,44,NonOverlappingTemplate,29,8,8,1.0,False,,False,  1   1   1   0   0   0   2   2   0   1     ----       8/8       NonOverlappingTemplate,1,1,1,0,0,0,2,2,0,1,pynacl,raw
pynacl_raw,8,45,NonOverlappingTemplate,30,8,8,1.0,False,,False,  0   2   1   2   0   0   2   0   0   1     ----       8/8       NonOverlappingTemplate,0,2,1,2,0,0,2,0,0,1,pynacl,raw
pynacl_raw,8,46,NonOverlappingTemplate,31,8,8,1.0,False,,False,  0   0   3   0   1   1   0   0   0   3     ----       8/8       NonOverlappingTemplate,0,0,3,0,1,1,0,0,0,3,pynacl,raw
pynacl_raw,8,47,NonOverlappingTemplate,32,8,8,1.0,False,,False,  0   1   0   0   3   0   1   1   1   1     ----       8/8       NonOverlappingTemplate,0,1,0,0,3,0,1,1,1,1,pynacl,raw
pynacl_raw,8,48,NonOverlappingTemplate,33,8,8,1.0,False,,False,  1   0   2   1   0   1   2   0   0   1     ----       8/8       NonOverlappingTemplate,1,0,2,1,0,1,2,0,0,1,pynacl,raw
pynacl_raw,8,49,NonOverlappingTemplate,34,8,8,1.0,False,,False,  0   1   2   2   1   0   1   1   0   0     ----       8/8       NonOverlappingTemplate,0,1,2,2,1,0,1,1,0,0,pynacl,raw
pynacl_raw,8,50,NonOverlappingTemplate,35,7,8,0.875,False,,False,  2   0   0   1   2   0   1   2   0   0     ----       7/8       NonOverlappingTemplate,2,0,0,1,2,0,1,2,0,0,pynacl,raw
pynacl_raw,8,51,NonOverlappingTemplate,36,8,8,1.0,False,,False,  0   3   0   0   1   1   1   1   0   1     ----       8/8       NonOverlappingTemplate,0,3,0,0,1,1,1,1,0,1,pynacl,raw
pynacl_raw,8,52,NonOverlappingTemplate,37,7,8,0.875,False,,False,  1   1   0   0   2   2   0   0   1   1     ----       7/8       NonOverlappingTemplate,1,1,0,0,2,2,0,0,1,1,pynacl,raw
pynacl_raw,8,53,NonOverlappingTemplate,38,7,8,0.875,False,,False,  1   1   1   1   0   0   0   2   1   1     ----       7/8       NonOverlappingTemplate,1,1,1,1,0,0,0,2,1,1,pynacl,raw
pynacl_raw,8,54,NonOverlappingTemplate,39,8,8,1.0,False,,False,  0   2   1   1   1   0   0   1   2   0     ----       8/8       NonOverlappingTemplate,0,2,1,1,1,0,0,1,2,0,pynacl,raw
pynacl_raw,8,55,NonOverlappingTemplate,40,8,8,1.0,False,,False,  0   1   1   0   1   1   2   0   1   1     ----       8/8       NonOverlappingTemplate,0,1,1,0,1,1,2,0,1,1,pynacl,raw
pynacl_raw,8,56,NonOverlappingTemplate,41,8,8,1.0,False,,False,  1   0   3   1   1   0   1   1   0   0     ----       8/8       NonOverlappingTemplate,1,0,3,1,1,0,1,1,0,0,pynacl,raw
pynacl_raw,8,57,NonOverlappingTemplate,42,8,8,1.0,False,,False,  1   0   1   2   0   1   0   1   1   1     ----       8/8       NonOverlappingTemplate,1,0,1,2,0,1,0,1,1,1,pynacl,raw
pynacl_raw,8,58,NonOverlappingTemplate,43,8,8,1.0,False,,False,  0   0   0   0   1   0   2   3   1   1     ----       8/8       NonOverlappingTemplate,0,0,0,0,1,0,2,3,1,1,pynacl,raw
pynacl_raw,8,59,NonOverlappingTemplate,44,8,8,1.0,False,,False,  2   0   1   3   0   1   0   0   0   1     ----       8/8       NonOverlappingTemplate,2,0,1,3,0,1,0,0,0,1,pynacl,raw
pynacl_raw,8,60,NonOverlappingTemplate,45,8,8,1.0,False,,False,  3   0   0   2   1   0   0   1   1   0     ----       8/8       NonOverlappingTemplate,3,0,0,2,1,0,0,1,1,0,pynacl,raw
pynacl_raw,8,61,NonOverlappingTemplate,46,8,8,1.0,False,,False,  0   0   1   1   0   3   0   1   1   1     ----       8/8       NonOverlappingTemplate,0,0,1,1,0,3,0,1,1,1,pynacl,raw
pynacl_raw,8,62,NonOverlappingTemplate,47,8,8,1.0,False,,False,  1   0   2   1   0   0   0   1   0   3     ----       8/8       NonOverlappingTemplate,1,0,2,1,0,0,0,1,0,3,pynacl,raw
pynacl_raw,8,63,NonOverlappingTemplate,48,8,8,1.0,False,,False,  1   0   1   0   0   1   1   3   0   1     ----       8/8       NonOverlappingTemplate,1,0,1,0,0,1,1,3,0,1,pynacl,raw
pynacl_raw,8,64,NonOverlappingTemplate,49,8,8,1.0,False,,False,  1   1   0   2   0   0   1   3   0   0     ----       8/8       NonOverlappingTemplate,1,1,0,2,0,0,1,3,0,0,pynacl,raw
pynacl_raw,8,65,NonOverlappingTemplate,50,8,8,1.0,False,,False,  1   1   1   0   1   2   1   0   1   0     ----       8/8       NonOverlappingTemplate,1,1,1,0,1,2,1,0,1,0,pynacl,raw
pynacl_raw,8,66,NonOverlappingTemplate,51,8,8,1.0,False,,False,  1   0   3   1   0   0   1   1   1   0     ----       8/8       NonOverlappingTemplate,1,0,3,1,0,0,1,1,1,0,pynacl,raw
pynacl_raw,8,67,NonOverlappingTemplate,52,8,8,1.0,False,,False,  1   2   2   2   0   0   0   0   1   0     ----       8/8       NonOverlappingTemplate,1,2,2,2,0,0,0,0,1,0,pynacl,raw
pynacl_raw,8,68,NonOverlappingTemplate,53,8,8,1.0,False,,False,  1   1   0   1   1   1   1   0   0   2     ----       8/8       NonOverlappingTemplate,1,1,0,1,1,1,1,0,0,2,pynacl,raw
pynacl_raw,8,69,NonOverlappingTemplate,54,8,8,1.0,False,,False,  0   0   1   0   0   0   2   2   1   2     ----       8/8       NonOverlappingTemplate,0,0,1,0,0,0,2,2,1,2,pynacl,raw
pynacl_raw,8,70,NonOverlappingTemplate,55,8,8,1.0,False,,False,  1   0   1   2   0   0   0   0   2   2     ----       8/8       NonOverlappingTemplate,1,0,1,2,0,0,0,0,2,2,pynacl,raw
pynacl_raw,8,71,NonOverlappingTemplate,56,8,8,1.0,False,,False,  0   2   1   1   0   0   2   0   0   2     ----       8/8       NonOverlappingTemplate,0,2,1,1,0,0,2,0,0,2,pynacl,raw
pynacl_raw,8,72,NonOverlappingTemplate,57,8,8,1.0,False,,False,  0   1   2   0   0   0   1   0   2   2     ----       8/8       NonOverlappingTemplate,0,1,2,0,0,0,1,0,2,2,pynacl,raw
pynacl_raw,8,73,NonOverlappingTemplate,58,8,8,1.0,False,,False,  0   0   0   3   0   2   1   0   1   1     ----       8/8       NonOverlappingTemplate,0,0,0,3,0,2,1,0,1,1,pynacl,raw
pynacl_raw,8,74,NonOverlappingTemplate,59,8,8,1.0,False,,False,  0   0   0   2   1   2   1   0   0   2     ----       8/8       NonOverlappingTemplate,0,0,0,2,1,2,1,0,0,2,pynacl,raw
pynacl_raw,8,75,NonOverlappingTemplate,60,8,8,1.0,False,,False,  0   0   2   1   0   0   4   0   1   0     ----       8/8       NonOverlappingTemplate,0,0,2,1,0,0,4,0,1,0,pynacl,raw
pynacl_raw,8,76,NonOverlappingTemplate,61,8,8,1.0,False,,False,  0   0   0   2   2   0   0   1   3   0     ----       8/8       NonOverlappingTemplate,0,0,0,2,2,0,0,1,3,0,pynacl,raw
pynacl_raw,8,77,NonOverlappingTemplate,62,8,8,1.0,False,,False,  0   1   1   1   1   0   1   1   2   0     ----       8/8       NonOverlappingTemplate,0,1,1,1,1,0,1,1,2,0,pynacl,raw
pynacl_raw,8,78,NonOverlappingTemplate,63,8,8,1.0,False,,False,  1   0   1   0   1   1   2   1   0   1     ----       8/8       NonOverlappingTemplate,1,0,1,0,1,1,2,1,0,1,pynacl,raw
pynacl_raw,8,79,NonOverlappingTemplate,64,8,8,1.0,False,,False,  0   0   1   1   0   3   1   1   1   0     ----       8/8       NonOverlappingTemplate,0,0,1,1,0,3,1,1,1,0,pynacl,raw
pynacl_raw,8,80,NonOverlappingTemplate,65,8,8,1.0,False,,False,  0   0   1   2   0   1   1   1   1   1     ----       8/8       NonOverlappingTemplate,0,0,1,2,0,1,1,1,1,1,pynacl,raw
pynacl_raw,8,81,NonOverlappingTemplate,66,8,8,1.0,False,,False,  1   0   1   2   0   0   4   0   0   0     ----       8/8       NonOverlappingTemplate,1,0,1,2,0,0,4,0,0,0,pynacl,raw
pynacl_raw,8,82,NonOverlappingTemplate,67,8,8,1.0,False,,False,  1   1   1   1   1   1   1   0   1   0     ----       8/8       NonOverlappingTemplate,1,1,1,1,1,1,1,0,1,0,pynacl,raw
pynacl_raw,8,83,NonOverlappingTemplate,68,8,8,1.0,False,,False,  1   1   1   0   0   0   0   2   3   0     ----       8/8       NonOverlappingTemplate,1,1,1,0,0,0,0,2,3,0,pynacl,raw
pynacl_raw,8,84,NonOverlappingTemplate,69,8,8,1.0,False,,False,  0   1   3   0   2   0   0   1   0   1     ----       8/8       NonOverlappingTemplate,0,1,3,0,2,0,0,1,0,1,pynacl,raw
pynacl_raw,8,85,NonOverlappingTemplate,70,8,8,1.0,False,,False,  1   0   0   1   0   1   2   0   0   3     ----       8/8       NonOverlappingTemplate,1,0,0,1,0,1,2,0,0,3,pynacl,raw
pynacl_raw,8,86,NonOverlappingTemplate,71,8,8,1.0,False,,False,  1   1   0   2   1   0   0   1   2   0     ----       8/8       NonOverlappingTemplate,1,1,0,2,1,0,0,1,2,0,pynacl,raw
pynacl_raw,8,87,NonOverlappingTemplate,72,8,8,1.0,False,,False,  1   0   2   1   0   0   0   0   4   0     ----       8/8       NonOverlappingTemplate,1,0,2,1,0,0,0,0,4,0,pynacl,raw
pynacl_raw,8,88,NonOverlappingTemplate,73,8,8,1.0,False,,False,  1   0   1   0   0   2   0   0   4   0     ----       8/8       NonOverlappingTemplate,1,0,1,0,0,2,0,0,4,0,pynacl,raw
pynacl_raw,8,89,NonOverlappingTemplate,74,8,8,1.0,False,,False,  0   2   1   0   3   1   0   1   0   0     ----       8/8       NonOverlappingTemplate,0,2,1,0,3,1,0,1,0,0,pynacl,raw
pynacl_raw,8,90,NonOverlappingTemplate,75,8,8,1.0,False,,False,  1   0   2   1   0   0   2   0   1   1     ----       8/8       NonOverlappingTemplate,1,0,2,1,0,0,2,0,1,1,pynacl,raw
pynacl_raw,8,91,NonOverlappingTemplate,76,8,8,1.0,False,,False,  1   2   1   0   0   1   2   0   1   0     ----       8/8       NonOverlappingTemplate,1,2,1,0,0,1,2,0,1,0,pynacl,raw
pynacl_raw,8,92,NonOverlappingTemplate,77,8,8,1.0,False,,False,  1   1   0   2   1   0   1   0   1   1     ----       8/8       NonOverlappingTemplate,1,1,0,2,1,0,1,0,1,1,pynacl,raw
pynacl_raw,8,93,NonOverlappingTemplate,78,8,8,1.0,False,,False,  1   0   0   1   1   2   1   0   1   1     ----       8/8       NonOverlappingTemplate,1,0,0,1,1,2,1,0,1,1,pynacl,raw
pynacl_raw,8,94,NonOverlappingTemplate,79,8,8,1.0,False,,False,  0   2   2   2   0   0   1   1   0   0     ----       8/8       NonOverlappingTemplate,0,2,2,2,0,0,1,1,0,0,pynacl,raw
pynacl_raw,8,95,NonOverlappingTemplate,80,8,8,1.0,False,,False,  0   0   0   1   0   2   0   1   2   2     ----       8/8       NonOverlappingTemplate,0,0,0,1,0,2,0,1,2,2,pynacl,raw
pynacl_raw,8,96,NonOverlappingTemplate,81,8,8,1.0,False,,False,  0   2   2   0   1   2   1   0   0   0     ----       8/8       NonOverlappingTemplate,0,2,2,0,1,2,1,0,0,0,pynacl,raw
pynacl_raw,8,97,NonOverlappingTemplate,82,8,8,1.0,False,,False,  0   1   1   1   2   1   0   2   0   0     ----       8/8       NonOverlappingTemplate,0,1,1,1,2,1,0,2,0,0,pynacl,raw
pynacl_raw,8,98,NonOverlappingTemplate,83,8,8,1.0,False,,False,  0   1   0   2   1   1   0   1   2   0     ----       8/8       NonOverlappingTemplate,0,1,0,2,1,1,0,1,2,0,pynacl,raw
pynacl_raw,8,99,NonOverlappingTemplate,84,8,8,1.0,False,,False,  0   1   1   1   0   1   0   2   1   1     ----       8/8       NonOverlappingTemplate,0,1,1,1,0,1,0,2,1,1,pynacl,raw
pynacl_raw,8,100,NonOverlappingTemplate,85,8,8,1.0,False,,False,  0   1   1   0   0   2   1   1   0   2     ----       8/8       NonOverlappingTemplate,0,1,1,0,0,2,1,1,0,2,pynacl,raw
pynacl_raw,8,101,NonOverlappingTemplate,86,7,8,0.875,False,,False,  1   2   0   1   2   0   0   0   1   1     ----       7/8       NonOverlappingTemplate,1,2,0,1,2,0,0,0,1,1,pynacl,raw
pynacl_raw,8,102,NonOverlappingTemplate,87,8,8,1.0,False,,False,  0   0   1   0   1   2   1   2   0   1     ----       8/8       NonOverlappingTemplate,0,0,1,0,1,2,1,2,0,1,pynacl,raw
pynacl_raw,8,103,NonOverlappingTemplate,88,8,8,1.0,False,,False,  2   0   1   1   0   0   0   1   1   2     ----       8/8       NonOverlappingTemplate,2,0,1,1,0,0,0,1,1,2,pynacl,raw
pynacl_raw,8,104,NonOverlappingTemplate,89,8,8,1.0,False,,False,  0   1   0   1   2   1   1   1   1   0     ----       8/8       NonOverlappingTemplate,0,1,0,1,2,1,1,1,1,0,pynacl,raw
pynacl_raw,8,105,NonOverlappingTemplate,90,8,8,1.0,False,,False,  1   0   4   0   0   2   1   0   0   0     ----       8/8       NonOverlappingTemplate,1,0,4,0,0,2,1,0,0,0,pynacl,raw
pynacl_raw,8,106,NonOverlappingTemplate,91,8,8,1.0,False,,False,  1   1   0   2   0   1   2   0   0   1     ----       8/8       NonOverlappingTemplate,1,1,0,2,0,1,2,0,0,1,pynacl,raw
pynacl_raw,8,107,NonOverlappingTemplate,92,8,8,1.0,False,,False,  1   0   3   0   2   1   0   1   0   0     ----       8/8       NonOverlappingTemplate,1,0,3,0,2,1,0,1,0,0,pynacl,raw
pynacl_raw,8,108,NonOverlappingTemplate,93,8,8,1.0,False,,False,  0   1   0   3   0   1   0   0   2   1     ----       8/8       NonOverlappingTemplate,0,1,0,3,0,1,0,0,2,1,pynacl,raw
pynacl_raw,8,109,NonOverlappingTemplate,94,8,8,1.0,False,,False,  1   0   4   0   1   0   0   1   1   0     ----       8/8       NonOverlappingTemplate,1,0,4,0,1,0,0,1,1,0,pynacl,raw
pynacl_raw,8,110,NonOverlappingTemplate,95,8,8,1.0,False,,False,  0   1   1   1   0   2   1   1   0   1     ----       8/8       NonOverlappingTemplate,0,1,1,1,0,2,1,1,0,1,pynacl,raw
pynacl_raw,8,111,NonOverlappingTemplate,96,7,8,0.875,False,,False,  3   1   1   0   1   0   1   0   0   1     ----       7/8       NonOverlappingTemplate,3,1,1,0,1,0,1,0,0,1,pynacl,raw
pynacl_raw,8,112,NonOverlappingTemplate,97,8,8,1.0,False,,False,  0   0   0   3   2   1   0   0   2   0     ----       8/8       NonOverlappingTemplate,0,0,0,3,2,1,0,0,2,0,pynacl,raw
pynacl_raw,8,113,NonOverlappingTemplate,98,8,8,1.0,False,,False,  0   1   2   0   2   0   2   0   1   0     ----       8/8       NonOverlappingTemplate,0,1,2,0,2,0,2,0,1,0,pynacl,raw
pynacl_raw,8,114,NonOverlappingTemplate,99,8,8,1.0,False,,False,  0   2   1   0   1   1   1   1   1   0     ----       8/8       NonOverlappingTemplate,0,2,1,0,1,1,1,1,1,0,pynacl,raw
pynacl_raw,8,115,NonOverlappingTemplate,100,8,8,1.0,False,,False,  0   2   1   2   1   0   1   0   1   0     ----       8/8       NonOverlappingTemplate,0,2,1,2,1,0,1,0,1,0,pynacl,raw
pynacl_raw,8,116,NonOverlappingTemplate,101,8,8,1.0,False,,False,  1   1   1   1   0   0   3   0   0   1     ----       8/8       NonOverlappingTemplate,1,1,1,1,0,0,3,0,0,1,pynacl,raw
pynacl_raw,8,117,NonOverlappingTemplate,102,8,8,1.0,False,,False,  0   1   0   2   1   0   0   2   1   1     ----       8/8       NonOverlappingTemplate,0,1,0,2,1,0,0,2,1,1,pynacl,raw
pynacl_raw,8,118,NonOverlappingTemplate,103,8,8,1.0,False,,False,  2   0   1   1   0   1   1   1   1   0     ----       8/8       NonOverlappingTemplate,2,0,1,1,0,1,1,1,1,0,pynacl,raw
pynacl_raw,8,119,NonOverlappingTemplate,104,8,8,1.0,False,,False,  1   0   1   1   1   0   0   2   1   1     ----       8/8       NonOverlappingTemplate,1,0,1,1,1,0,0,2,1,1,pynacl,raw
pynacl_raw,8,120,NonOverlappingTemplate,105,8,8,1.0,False,,False,  1   2   0   1   2   0   0   1   0   1     ----       8/8       NonOverlappingTemplate,1,2,0,1,2,0,0,1,0,1,pynacl,raw
pynacl_raw,8,121,NonOverlappingTemplate,106,7,8,0.875,False,,False,  2   3   1   0   0   0   0   1   0   1     ----       7/8       NonOverlappingTemplate,2,3,1,0,0,0,0,1,0,1,pynacl,raw
pynacl_raw,8,122,NonOverlappingTemplate,107,8,8,1.0,False,,False,  2   0   1   1   1   1   0   0   1   1     ----       8/8       NonOverlappingTemplate,2,0,1,1,1,1,0,0,1,1,pynacl,raw
pynacl_raw,8,123,NonOverlappingTemplate,108,8,8,1.0,False,,False,  0   1   1   1   1   1   0   1   0   2     ----       8/8       NonOverlappingTemplate,0,1,1,1,1,1,0,1,0,2,pynacl,raw
pynacl_raw,8,124,NonOverlappingTemplate,109,8,8,1.0,False,,False,  2   1   1   0   1   0   1   1   0   1     ----       8/8       NonOverlappingTemplate,2,1,1,0,1,0,1,1,0,1,pynacl,raw
pynacl_raw,8,125,NonOverlappingTemplate,110,8,8,1.0,False,,False,  2   0   0   1   0   0   2   1   1   1     ----       8/8       NonOverlappingTemplate,2,0,0,1,0,0,2,1,1,1,pynacl,raw
pynacl_raw,8,126,NonOverlappingTemplate,111,8,8,1.0,False,,False,  0   2   2   1   1   0   1   0   0   1     ----       8/8       NonOverlappingTemplate,0,2,2,1,1,0,1,0,0,1,pynacl,raw
pynacl_raw,8,127,NonOverlappingTemplate,112,8,8,1.0,False,,False,  2   1   0   1   1   0   0   0   2   1     ----       8/8       NonOverlappingTemplate,2,1,0,1,1,0,0,0,2,1,pynacl,raw
pynacl_raw,8,128,NonOverlappingTemplate,113,8,8,1.0,False,,False,  0   1   2   0   1   1   2   1   0   0     ----       8/8       NonOverlappingTemplate,0,1,2,0,1,1,2,1,0,0,pynacl,raw
pynacl_raw,8,129,NonOverlappingTemplate,114,7,8,0.875,False,,False,  3   1   0   0   0   2   1   0   0   1     ----       7/8       NonOverlappingTemplate,3,1,0,0,0,2,1,0,0,1,pynacl,raw
pynacl_raw,8,130,NonOverlappingTemplate,115,8,8,1.0,False,,False,  0   1   1   2   0   1   1   0   1   1     ----       8/8       NonOverlappingTemplate,0,1,1,2,0,1,1,0,1,1,pynacl,raw
pynacl_raw,8,131,NonOverlappingTemplate,116,8,8,1.0,False,,False,  0   1   2   2   0   1   0   0   1   1     ----       8/8       NonOverlappingTemplate,0,1,2,2,0,1,0,0,1,1,pynacl,raw
pynacl_raw,8,132,NonOverlappingTemplate,117,8,8,1.0,False,,False,  1   2   0   1   1   0   1   0   1   1     ----       8/8       NonOverlappingTemplate,1,2,0,1,1,0,1,0,1,1,pynacl,raw
pynacl_raw,8,133,NonOverlappingTemplate,118,8,8,1.0,False,,False,  0   1   0   2   0   1   1   0   1   2     ----       8/8       NonOverlappingTemplate,0,1,0,2,0,1,1,0,1,2,pynacl,raw
pynacl_raw,8,134,NonOverlappingTemplate,119,8,8,1.0,False,,False,  0   0   0   3   0   2   1   1   1   0     ----       8/8       NonOverlappingTemplate,0,0,0,3,0,2,1,1,1,0,pynacl,raw
pynacl_raw,8,135,NonOverlappingTemplate,120,8,8,1.0,False,,False,  0   1   2   1   1   1   1   0   0   1     ----       8/8       NonOverlappingTemplate,0,1,2,1,1,1,1,0,0,1,pynacl,raw
pynacl_raw,8,136,NonOverlappingTemplate,121,8,8,1.0,False,,False,  1   1   1   2   0   0   1   0   1   1     ----       8/8       NonOverlappingTemplate,1,1,1,2,0,0,1,0,1,1,pynacl,raw
pynacl_raw,8,137,NonOverlappingTemplate,122,8,8,1.0,False,,False,  0   2   2   1   0   0   0   2   1   0     ----       8/8       NonOverlappingTemplate,0,2,2,1,0,0,0,2,1,0,pynacl,raw
pynacl_raw,8,138,NonOverlappingTemplate,123,8,8,1.0,False,,False,  0   0   1   0   0   2   1   1   1   2     ----       8/8       NonOverlappingTemplate,0,0,1,0,0,2,1,1,1,2,pynacl,raw
pynacl_raw,8,139,NonOverlappingTemplate,124,7,8,0.875,False,,False,  1   1   0   1   2   0   1   0   0   2     ----       7/8       NonOverlappingTemplate,1,1,0,1,2,0,1,0,0,2,pynacl,raw
pynacl_raw,8,140,NonOverlappingTemplate,125,8,8,1.0,False,,False,  1   1   0   2   0   2   0   1   0   1     ----       8/8       NonOverlappingTemplate,1,1,0,2,0,2,0,1,0,1,pynacl,raw
pynacl_raw,8,141,NonOverlappingTemplate,126,8,8,1.0,False,,False,  0   1   1   0   1   1   4   0   0   0     ----       8/8       NonOverlappingTemplate,0,1,1,0,1,1,4,0,0,0,pynacl,raw
pynacl_raw,8,142,NonOverlappingTemplate,127,8,8,1.0,False,,False,  0   3   0   1   0   1   0   1   0   2     ----       8/8       NonOverlappingTemplate,0,3,0,1,0,1,0,1,0,2,pynacl,raw
pynacl_raw,8,143,NonOverlappingTemplate,128,8,8,1.0,False,,False,  1   0   1   1   0   0   0   2   1   2     ----       8/8       NonOverlappingTemplate,1,0,1,1,0,0,0,2,1,2,pynacl,raw
pynacl_raw,8,144,NonOverlappingTemplate,129,7,8,0.875,False,,False,  2   0   0   1   2   1   0   0   0   2     ----       7/8       NonOverlappingTemplate,2,0,0,1,2,1,0,0,0,2,pynacl,raw
pynacl_raw,8,145,NonOverlappingTemplate,130,8,8,1.0,False,,False,  0   2   0   0   1   1   0   2   2   0     ----       8/8       NonOverlappingTemplate,0,2,0,0,1,1,0,2,2,0,pynacl,raw
pynacl_raw,8,146,NonOverlappingTemplate,131,8,8,1.0,False,,False,  1   2   1   0   2   1   0   0   1   0     ----       8/8       NonOverlappingTemplate,1,2,1,0,2,1,0,0,1,0,pynacl,raw
pynacl_raw,8,147,NonOverlappingTemplate,132,8,8,1.0,False,,False,  1   0   1   1   0   1   1   1   1   1     ----       8/8       NonOverlappingTemplate,1,0,1,1,0,1,1,1,1,1,pynacl,raw
pynacl_raw,8,148,NonOverlappingTemplate,133,8,8,1.0,False,,False,  0   1   0   0   1   2   2   1   0   1     ----       8/8       NonOverlappingTemplate,0,1,0,0,1,2,2,1,0,1,pynacl,raw
pynacl_raw,8,149,NonOverlappingTemplate,134,8,8,1.0,False,,False,  1   0   2   1   0   2   1   1   0   0     ----       8/8       NonOverlappingTemplate,1,0,2,1,0,2,1,1,0,0,pynacl,raw
pynacl_raw,8,150,NonOverlappingTemplate,135,7,8,0.875,False,,False,  1   1   0   0   2   0   1   0   2   1     ----       7/8       NonOverlappingTemplate,1,1,0,0,2,0,1,0,2,1,pynacl,raw
pynacl_raw,8,151,NonOverlappingTemplate,136,8,8,1.0,False,,False,  1   2   0   2   1   1   0   0   1   0     ----       8/8       NonOverlappingTemplate,1,2,0,2,1,1,0,0,1,0,pynacl,raw
pynacl_raw,8,152,NonOverlappingTemplate,137,8,8,1.0,False,,False,  0   1   0   1   0   1   2   0   1   2     ----       8/8       NonOverlappingTemplate,0,1,0,1,0,1,2,0,1,2,pynacl,raw
pynacl_raw,8,153,NonOverlappingTemplate,138,8,8,1.0,False,,False,  0   2   0   1   0   1   1   0   0   3     ----       8/8       NonOverlappingTemplate,0,2,0,1,0,1,1,0,0,3,pynacl,raw
pynacl_raw,8,154,NonOverlappingTemplate,139,8,8,1.0,False,,False,  2   0   0   3   1   1   0   0   0   1     ----       8/8       NonOverlappingTemplate,2,0,0,3,1,1,0,0,0,1,pynacl,raw
pynacl_raw,8,155,NonOverlappingTemplate,140,8,8,1.0,False,,False,  1   0   1   1   1   2   0   2   0   0     ----       8/8       NonOverlappingTemplate,1,0,1,1,1,2,0,2,0,0,pynacl,raw
pynacl_raw,8,156,NonOverlappingTemplate,141,8,8,1.0,False,,False,  1   1   1   2   0   1   0   1   0   1     ----       8/8       NonOverlappingTemplate,1,1,1,2,0,1,0,1,0,1,pynacl,raw
pynacl_raw,8,157,NonOverlappingTemplate,142,8,8,1.0,False,,False,  2   0   1   0   1   1   1   1   1   0     ----       8/8       NonOverlappingTemplate,2,0,1,0,1,1,1,1,1,0,pynacl,raw
pynacl_raw,8,158,NonOverlappingTemplate,143,8,8,1.0,False,,False,  1   0   2   3   0   0   0   0   0   2     ----       8/8       NonOverlappingTemplate,1,0,2,3,0,0,0,0,0,2,pynacl,raw
pynacl_raw,8,159,NonOverlappingTemplate,144,8,8,1.0,False,,False,  1   0   0   2   0   2   0   1   0   2     ----       8/8       NonOverlappingTemplate,1,0,0,2,0,2,0,1,0,2,pynacl,raw
pynacl_raw,8,160,NonOverlappingTemplate,145,8,8,1.0,False,,False,  1   1   1   0   0   1   3   0   0   1     ----       8/8       NonOverlappingTemplate,1,1,1,0,0,1,3,0,0,1,pynacl,raw
pynacl_raw,8,161,NonOverlappingTemplate,146,8,8,1.0,False,,False,  4   0   1   1   0   0   1   0   1   0     ----       8/8       NonOverlappingTemplate,4,0,1,1,0,0,1,0,1,0,pynacl,raw
pynacl_raw,8,162,NonOverlappingTemplate,147,8,8,1.0,False,,False,  2   2   0   1   1   1   0   0   1   0     ----       8/8       NonOverlappingTemplate,2,2,0,1,1,1,0,0,1,0,pynacl,raw
pynacl_raw,8,163,NonOverlappingTemplate,148,8,8,1.0,False,,False,  0   2   1   0   3   1   0   1   0   0     ----       8/8       NonOverlappingTemplate,0,2,1,0,3,1,0,1,0,0,pynacl,raw
pynacl_raw,8,164,OverlappingTemplate,1,8,8,1.0,False,,False,  3   0   1   0   1   0   1   0   1   1     ----       8/8       OverlappingTemplate,3,0,1,0,1,0,1,0,1,1,pynacl,raw
pynacl_raw,8,165,Universal,1,8,8,1.0,False,,False,  1   0   1   1   0   1   1   2   1   0     ----       8/8       Universal,1,0,1,1,0,1,1,2,1,0,pynacl,raw
pynacl_raw,8,166,ApproximateEntropy,1,8,8,1.0,False,,False,  0   5   0   0   1   1   0   1   0   0     ----       8/8       ApproximateEntropy,0,5,0,0,1,1,0,1,0,0,pynacl,raw
pynacl_raw,8,167,RandomExcursions,1,4,4,1.0,False,,False,  0   0   0   1   1   0   0   1   1   0     ----       4/4       RandomExcursions,0,0,0,1,1,0,0,1,1,0,pynacl,raw
pynacl_raw,8,168,RandomExcursions,2,4,4,1.0,False,,False,  0   0   1   0   1   1   0   0   0   1     ----       4/4       RandomExcursions,0,0,1,0,1,1,0,0,0,1,pynacl,raw
pynacl_raw,8,169,RandomExcursions,3,3,4,0.75,False,,False,  1   0   0   1   1   0   1   0   0   0     ----       3/4       RandomExcursions,1,0,0,1,1,0,1,0,0,0,pynacl,raw
pynacl_raw,8,170,RandomExcursions,4,4,4,1.0,False,,False,  1   1   1   0   0   0   1   0   0   0     ----       4/4       RandomExcursions,1,1,1,0,0,0,1,0,0,0,pynacl,raw
pynacl_raw,8,171,RandomExcursions,5,4,4,1.0,False,,False,  0   1   0   0   2   0   0   0   1   0     ----       4/4       RandomExcursions,0,1,0,0,2,0,0,0,1,0,pynacl,raw
pynacl_raw,8,172,RandomExcursions,6,4,4,1.0,False,,False,  0   2   0   0   0   0   1   1   0   0     ----       4/4       RandomExcursions,0,2,0,0,0,0,1,1,0,0,pynacl,raw
pynacl_raw,8,173,RandomExcursions,7,4,4,1.0,False,,False,  0   1   0   1   1   0   0   1   0   0     ----       4/4       RandomExcursions,0,1,0,1,1,0,0,1,0,0,pynacl,raw
pynacl_raw,8,174,RandomExcursions,8,4,4,1.0,False,,False,  1   0   0   0   0   1   1   0   0   1     ----       4/4       RandomExcursions,1,0,0,0,0,1,1,0,0,1,pynacl,raw
pynacl_raw,8,175,RandomExcursionsVariant,1,4,4,1.0,False,,False,  0   0   0   1   1   0   0   0   1   1     ----       4/4       RandomExcursionsVariant,0,0,0,1,1,0,0,0,1,1,pynacl,raw
pynacl_raw,8,176,RandomExcursionsVariant,2,4,4,1.0,False,,False,  0   0   0   1   1   1   0   1   0   0     ----       4/4       RandomExcursionsVariant,0,0,0,1,1,1,0,1,0,0,pynacl,raw
pynacl_raw,8,177,RandomExcursionsVariant,3,4,4,1.0,False,,False,  0   0   0   2   0   0   2   0   0   0     ----       4/4       RandomExcursionsVariant,0,0,0,2,0,0,2,0,0,0,pynacl,raw
pynacl_raw,8,178,RandomExcursionsVariant,4,4,4,1.0,False,,False,  0   0   1   0   0   0   2   0   0   1     ----       4/4       RandomExcursionsVariant,0,0,1,0,0,0,2,0,0,1,pynacl,raw
pynacl_raw,8,179,RandomExcursionsVariant,5,4,4,1.0,False,,False,  1   0   0   0   0   0   1   1   1   0     ----       4/4       RandomExcursionsVariant,1,0,0,0,0,0,1,1,1,0,pynacl,raw
pynacl_raw,8,180,RandomExcursionsVariant,6,4,4,1.0,False,,False,  1   0   1   0   1   0   0   0   1   0     ----       4/4       RandomExcursionsVariant,1,0,1,0,1,0,0,0,1,0,pynacl,raw
pynacl_raw,8,181,RandomExcursionsVariant,7,4,4,1.0,False,,False,  0   1   0   2   0   0   0   1   0   0     ----       4/4       RandomExcursionsVariant,0,1,0,2,0,0,0,1,0,0,pynacl,raw
pynacl_raw,8,182,RandomExcursionsVariant,8,4,4,1.0,False,,False,  0   2   0   0   1   0   1   0   0   0     ----       4/4       RandomExcursionsVariant,0,2,0,0,1,0,1,0,0,0,pynacl,raw
pynacl_raw,8,183,RandomExcursionsVariant,9,4,4,1.0,False,,False,  2   0   0   0   0   0   2   0   0   0     ----       4/4       RandomExcursionsVariant,2,0,0,0,0,0,2,0,0,0,pynacl,raw
pynacl_raw,8,184,RandomExcursionsVariant,10,4,4,1.0,False,,False,  0   0   2   1   0   1   0   0   0   0     ----       4/4       RandomExcursionsVariant,0,0,2,1,0,1,0,0,0,0,pynacl,raw
pynacl_raw,8,185,RandomExcursionsVariant,11,4,4,1.0,False,,False,  0   0   1   0   1   0   1   0   0   1     ----       4/4       RandomExcursionsVariant,0,0,1,0,1,0,1,0,0,1,pynacl,raw
pynacl_raw,8,186,RandomExcursionsVariant,12,4,4,1.0,False,,False,  0   1   1   0   0   0   0   1   0   1     ----       4/4       RandomExcursionsVariant,0,1,1,0,0,0,0,1,0,1,pynacl,raw
pynacl_raw,8,187,RandomExcursionsVariant,13,4,4,1.0,False,,False,  1   0   1   0   0   0   1   1   0   0     ----       4/4       RandomExcursionsVariant,1,0,1,0,0,0,1,1,0,0,pynacl,raw
pynacl_raw,8,188,RandomExcursionsVariant,14,4,4,1.0,False,,False,  1   0   0   0   2   1   0   0   0   0     ----       4/4       RandomExcursionsVariant,1,0,0,0,2,1,0,0,0,0,pynacl,raw
pynacl_raw,8,189,RandomExcursionsVariant,15,4,4,1.0,False,,False,  1   0   0   0   1   0   1   0   1   0     ----       4/4       RandomExcursionsVariant,1,0,0,0,1,0,1,0,1,0,pynacl,raw
pynacl_raw,8,190,RandomExcursionsVariant,16,4,4,1.0,False,,False,  1   0   0   0   1   1   0   0   0   1     ----       4/4       RandomExcursionsVariant,1,0,0,0,1,1,0,0,0,1,pynacl,raw
pynacl_raw,8,191,RandomExcursionsVariant,17,4,4,1.0,False,,False,  1   0   1   0   1   0   0   0   0   1     ----       4/4       RandomExcursionsVariant,1,0,1,0,1,0,0,0,0,1,pynacl,raw
pynacl_raw,8,192,RandomExcursionsVariant,18,4,4,1.0,False,,False,  1   0   1   0   1   0   0   0   0   1     ----       4/4       RandomExcursionsVariant,1,0,1,0,1,0,0,0,0,1,pynacl,raw
pynacl_raw,8,193,Serial,1,8,8,1.0,False,,False,  0   1   1   0   2   1   0   2   0   1     ----       8/8       Serial,0,1,1,0,2,1,0,2,0,1,pynacl,raw
pynacl_raw,8,194,Serial,2,8,8,1.0,False,,False,  0   1   0   2   0   1   0   2   2   0     ----       8/8       Serial,0,1,0,2,0,1,0,2,2,0,pynacl,raw
pynacl_raw,8,195,LinearComplexity,1,8,8,1.0,False,,False,  1   0   3   3   0   0   0   0   1   0     ----       8/8       LinearComplexity,1,0,3,3,0,0,0,0,1,0,pynacl,raw
pynacl_vn,2,8,Frequency,1,2,2,1.0,False,,False,  0   0   0   0   0   0   0   0   1   1     ----       2/2       Frequency,0,0,0,0,0,0,0,0,1,1,pynacl,vn
pynacl_vn,2,9,BlockFrequency,1,2,2,1.0,False,,False,  0   0   1   0   0   1   0   0   0   0     ----       2/2       BlockFrequency,0,0,1,0,0,1,0,0,0,0,pynacl,vn
pynacl_vn,2,10,CumulativeSums,1,2,2,1.0,False,,False,  0   0   0   0   0   0   1   0   1   0     ----       2/2       CumulativeSums,0,0,0,0,0,0,1,0,1,0,pynacl,vn
pynacl_vn,2,11,CumulativeSums,2,2,2,1.0,False,,False,  0   0   0   0   0   0   1   1   0   0     ----       2/2       CumulativeSums,0,0,0,0,0,0,1,1,0,0,pynacl,vn
pynacl_vn,2,12,Runs,1,2,2,1.0,False,,False,  1   1   0   0   0   0   0   0   0   0     ----       2/2       Runs,1,1,0,0,0,0,0,0,0,0,pynacl,vn
pynacl_vn,2,13,LongestRun,1,2,2,1.0,False,,False,  0   0   0   0   0   0   0   0   2   0     ----       2/2       LongestRun,0,0,0,0,0,0,0,0,2,0,pynacl,vn
pynacl_vn,2,14,Rank,1,2,2,1.0,False,,False,  0   0   0   0   0   0   0   1   1   0     ----       2/2       Rank,0,0,0,0,0,0,0,1,1,0,pynacl,vn
pynacl_vn,2,15,FFT,1,2,2,1.0,False,,False,  0   0   1   0   0   1   0   0   0   0     ----       2/2       FFT,0,0,1,0,0,1,0,0,0,0,pynacl,vn
pynacl_vn,2,16,NonOverlappingTemplate,1,2,2,1.0,False,,False,  0   0   0   0   0   0   1   1   0   0     ----       2/2       NonOverlappingTemplate,0,0,0,0,0,0,1,1,0,0,pynacl,vn
pynacl_vn,2,17,NonOverlappingTemplate,2,2,2,1.0,False,,False,  0   1   0   0   0   1   0   0   0   0     ----       2/2       NonOverlappingTemplate,0,1,0,0,0,1,0,0,0,0,pynacl,vn
pynacl_vn,2,18,NonOverlappingTemplate,3,2,2,1.0,False,,False,  0   0   1   0   1   0   0   0   0   0     ----       2/2       NonOverlappingTemplate,0,0,1,0,1,0,0,0,0,0,pynacl,vn
pynacl_vn,2,19,NonOverlappingTemplate,4,2,2,1.0,False,,False,  0   0   0   0   0   0   1   1   0   0     ----       2/2       NonOverlappingTemplate,0,0,0,0,0,0,1,1,0,0,pynacl,vn
pynacl_vn,2,20,NonOverlappingTemplate,5,2,2,1.0,False,,False,  0   0   0   0   0   1   0   0   1   0     ----       2/2       NonOverlappingTemplate,0,0,0,0,0,1,0,0,1,0,pynacl,vn
pynacl_vn,2,21,NonOverlappingTemplate,6,2,2,1.0,False,,False,  0   1   0   1   0   0   0   0   0   0     ----       2/2       NonOverlappingTemplate,0,1,0,1,0,0,0,0,0,0,pynacl,vn
pynacl_vn,2,22,NonOverlappingTemplate,7,1,2,0.5,False,,False,  1   0   0   0   0   1   0   0   0   0     ----       1/2       NonOverlappingTemplate,1,0,0,0,0,1,0,0,0,0,pynacl,vn
pynacl_vn,2,23,NonOverlappingTemplate,8,2,2,1.0,False,,False,  0   1   0   0   0   0   0   0   1   0     ----       2/2       NonOverlappingTemplate,0,1,0,0,0,0,0,0,1,0,pynacl,vn
pynacl_vn,2,24,NonOverlappingTemplate,9,2,2,1.0,False,,False,  0   0   0   0   0   0   0   0   1   1     ----       2/2       NonOverlappingTemplate,0,0,0,0,0,0,0,0,1,1,pynacl,vn
pynacl_vn,2,25,NonOverlappingTemplate,10,2,2,1.0,False,,False,  0   0   0   0   0   0   0   1   0   1     ----       2/2       NonOverlappingTemplate,0,0,0,0,0,0,0,1,0,1,pynacl,vn
pynacl_vn,2,26,NonOverlappingTemplate,11,2,2,1.0,False,,False,  0   0   0   0   0   0   0   0   1   1     ----       2/2       NonOverlappingTemplate,0,0,0,0,0,0,0,0,1,1,pynacl,vn
pynacl_vn,2,27,NonOverlappingTemplate,12,2,2,1.0,False,,False,  1   0   0   0   0   0   0   0   0   1     ----       2/2       NonOverlappingTemplate,1,0,0,0,0,0,0,0,0,1,pynacl,vn
pynacl_vn,2,28,NonOverlappingTemplate,13,2,2,1.0,False,,False,  0   0   0   0   0   1   0   0   0   1     ----       2/2       NonOverlappingTemplate,0,0,0,0,0,1,0,0,0,1,pynacl,vn
pynacl_vn,2,29,NonOverlappingTemplate,14,2,2,1.0,False,,False,  0   0   1   1   0   0   0   0   0   0     ----       2/2       NonOverlappingTemplate,0,0,1,1,0,0,0,0,0,0,pynacl,vn
pynacl_vn,2,30,NonOverlappingTemplate,15,2,2,1.0,False,,False,  0   0   1   1   0   0   0   0   0   0     ----       2/2       NonOverlappingTemplate,0,0,1,1,0,0,0,0,0,0,pynacl,vn
pynacl_vn,2,31,NonOverlappingTemplate,16,2,2,1.0,False,,False,  0   0   1   0   0   0   1   0   0   0     ----       2/2       NonOverlappingTemplate,0,0,1,0,0,0,1,0,0,0,pynacl,vn
pynacl_vn,2,32,NonOverlappingTemplate,17,2,2,1.0,False,,False,  0   1   0   0   0   0   1   0   0   0     ----       2/2       NonOverlappingTemplate,0,1,0,0,0,0,1,0,0,0,pynacl,vn
pynacl_vn,2,33,NonOverlappingTemplate,18,2,2,1.0,False,,False,  0   1   0   0   0   1   0   0   0   0     ----       2/2       NonOverlappingTemplate,0,1,0,0,0,1,0,0,0,0,pynacl,vn
pynacl_vn,2,34,NonOverlappingTemplate,19,2,2,1.0,False,,False,  0   1   0   0   0   1   0   0   0   0     ----       2/2       NonOverlappingTemplate,0,1,0,0,0,1,0,0,0,0,pynacl,vn
pynacl_vn,2,35,NonOverlappingTemplate,20,2,2,1.0,False,,False,  0   0   1   0   0   1   0   0   0   0     ----       2/2       NonOverlappingTemplate,0,0,1,0,0,1,0,0,0,0,pynacl,vn
pynacl_vn,2,36,NonOverlappingTemplate,21,2,2,1.0,False,,False,  0   0   1   0   0   0   0   1   0   0     ----       2/2       NonOverlappingTemplate,0,0,1,0,0,0,0,1,0,0,pynacl,vn
pynacl_vn,2,37,NonOverlappingTemplate,22,2,2,1.0,False,,False,  0   0   0   2   0   0   0   0   0   0     ----       2/2       NonOverlappingTemplate,0,0,0,2,0,0,0,0,0,0,pynacl,vn
pynacl_vn,2,38,NonOverlappingTemplate,23,2,2,1.0,False,,False,  1   0   0   0   0   0   0   1   0   0     ----       2/2       NonOverlappingTemplate,1,0,0,0,0,0,0,1,0,0,pynacl,vn
pynacl_vn,2,39,NonOverlappingTemplate,24,2,2,1.0,False,,False,  0   0   0   0   0   1   0   1   0   0     ----       2/2       NonOverlappingTemplate,0,0,0,0,0,1,0,1,0,0,pynacl,vn
pynacl_vn,2,40,NonOverlappingTemplate,25,2,2,1.0,False,,False,  0   0   0   0   0   1   0   1   0   0     ----       2/2       NonOverlappingTemplate,0,0,0,0,0,1,0,1,0,0,pynacl,vn
pynacl_vn,2,41,NonOverlappingTemplate,26,2,2,1.0,False,,False,  1   0   0   0   0   0   0   0   0   1     ----       2/2       NonOverlappingTemplate,1,0,0,0,0,0,0,0,0,1,pynacl,vn
pynacl_vn,2,42,NonOverlappingTemplate,27,2,2,1.0,False,,False,  1   0   0   0   0   0   0   0   0   1     ----       2/2       NonOverlappingTemplate,1,0,0,0,0,0,0,0,0,1,pynacl,vn
pynacl_vn,2,43,NonOverlappingTemplate,28,2,2,1.0,False,,False,  0   0   1   0   0   0   0   0   0   1     ----       2/2       NonOverlappingTemplate,0,0,1,0,0,0,0,0,0,1,pynacl,vn
pynacl_vn,2,44,NonOverlappingTemplate,29,2,2,1.0,False,,False,  1   0   1   0   0   0   0   0   0   0     ----       2/2       NonOverlappingTemplate,1,0,1,0,0,0,0,0,0,0,pynacl,vn
pynacl_vn,2,45,NonOverlappingTemplate,30,2,2,1.0,False,,False,  0   0   0   1   1   0   0   0   0   0     ----       2/2       NonOverlappingTemplate,0,0,0,1,1,0,0,0,0,0,pynacl,vn
pynacl_vn,2,46,NonOverlappingTemplate,31,2,2,1.0,False,,False,  0   1   0   0   0   0   0   0   0   1     ----       2/2       NonOverlappingTemplate,0,1,0,0,0,0,0,0,0,1,pynacl,vn
pynacl_vn,2,47,NonOverlappingTemplate,32,2,2,1.0,False,,False,  0   0   0   0   1   0   0   0   1   0     ----       2/2       NonOverlappingTemplate,0,0,0,0,1,0,0,0,1,0,pynacl,vn
pynacl_vn,2,48,NonOverlappingTemplate,33,2,2,1.0,False,,False,  0   1   1   0   0   0   0   0   0   0     ----       2/2       NonOverlappingTemplate,0,1,1,0,0,0,0,0,0,0,pynacl,vn
pynacl_vn,2,49,NonOverlappingTemplate,34,2,2,1.0,False,,False,  0   0   0   0   0   1   1   0   0   0     ----       2/2       NonOverlappingTemplate,0,0,0,0,0,1,1,0,0,0,pynacl,vn
pynacl_vn,2,50,NonOverlappingTemplate,35,2,2,1.0,False,,False,  0   1   0   0   0   0   0   0   1   0     ----       2/2       NonOverlappingTemplate,0,1,0,0,0,0,0,0,1,0,pynacl,vn
pynacl_vn,2,51,NonOverlappingTemplate,36,2,2,1.0,False,,False,  0   0   0   1   0   0   1   0   0   0     ----       2/2       NonOverlappingTemplate,0,0,0,1,0,0,1,0,0,0,pynacl,vn
pynacl_vn,2,52,NonOverlappingTemplate,37,2,2,1.0,False,,False,  1   0   0   0   0   0   0   0   0   1     ----       2/2       NonOverlappingTemplate,1,0,0,0,0,0,0,0,0,1,pynacl,vn
pynacl_vn,2,53,NonOverlappingTemplate,38,2,2,1.0,False,,False,  0   0   1   0   0   1   0   0   0   0     ----       2/2       NonOverlappingTemplate,0,0,1,0,0,1,0,0,0,0,pynacl,vn
pynacl_vn,2,54,NonOverlappingTemplate,39,2,2,1.0,False,,False,  1   0   0   0   0   1   0   0   0   0     ----       2/2       NonOverlappingTemplate,1,0,0,0,0,1,0,0,0,0,pynacl,vn
pynacl_vn,2,55,NonOverlappingTemplate,40,2,2,1.0,False,,False,  1   0   0   1   0   0   0   0   0   0     ----       2/2       NonOverlappingTemplate,1,0,0,1,0,0,0,0,0,0,pynacl,vn
pynacl_vn,2,56,NonOverlappingTemplate,41,2,2,1.0,False,,False,  0   0   1   0   0   0   1   0   0   0     ----       2/2       NonOverlappingTemplate,0,0,1,0,0,0,1,0,0,0,pynacl,vn
pynacl_vn,2,57,NonOverlappingTemplate,42,2,2,1.0,False,,False,  0   1   0   0   0   1   0   0   0   0     ----       2/2       NonOverlappingTemplate,0,1,0,0,0,1,0,0,0,0,pynacl,vn
pynacl_vn,2,58,NonOverlappingTemplate,43,2,2,1.0,False,,False,  0   1   1   0   0   0   0   0   0   0     ----       2/2       NonOverlappingTemplate,0,1,1,0,0,0,0,0,0,0,pynacl,vn
pynacl_vn,2,59,NonOverlappingTemplate,44,2,2,1.0,False,,False,  0   0   0   1   0   0   1   0   0   0     ----       2/2       NonOverlappingTemplate,0,0,0,1,0,0,1,0,0,0,pynacl,vn
pynacl_vn,2,60,NonOverlappingTemplate,45,2,2,1.0,False,,False,  0   0   0   1   0   0   1   0   0   0     ----       2/2       NonOverlappingTemplate,0,0,0,1,0,0,1,0,0,0,pynacl,vn
pynacl_vn,2,61,NonOverlappingTemplate,46,2,2,1.0,False,,False,  0   0   0   0   0   0   0   0   1   1     ----       2/2       NonOverlappingTemplate,0,0,0,0,0,0,0,0,1,1,pynacl,vn
pynacl_vn,2,62,NonOverlappingTemplate,47,2,2,1.0,False,,False,  0   2   0   0   0   0   0   0   0   0     ----       2/2       NonOverlappingTemplate,0,2,0,0,0,0,0,0,0,0,pynacl,vn
pynacl_vn,2,63,NonOverlappingTemplate,48,2,2,1.0,False,,False,  0   0   1   0   0   1   0   0   0   0     ----       2/2       NonOverlappingTemplate,0,0,1,0,0,1,0,0,0,0,pynacl,vn
pynacl_vn,2,64,NonOverlappingTemplate,49,2,2,1.0,False,,False,  0   0   0   0   1   0   0   1   0   0     ----       2/2       NonOverlappingTemplate,0,0,0,0,1,0,0,1,0,0,pynacl,vn
pynacl_vn,2,65,NonOverlappingTemplate,50,2,2,1.0,False,,False,  0   0   0   0   1   1   0   0   0   0     ----       2/2       NonOverlappingTemplate,0,0,0,0,1,1,0,0,0,0,pynacl,vn
pynacl_vn,2,66,NonOverlappingTemplate,51,2,2,1.0,False,,False,  0   0   0   1   0   0   0   0   1   0     ----       2/2       NonOverlappingTemplate,0,0,0,1,0,0,0,0,1,0,pynacl,vn
pynacl_vn,2,67,NonOverlappingTemplate,52,2,2,1.0,False,,False,  0   0   0   0   0   1   0   1   0   0     ----       2/2       NonOverlappingTemplate,0,0,0,0,0,1,0,1,0,0,pynacl,vn
pynacl_vn,2,68,NonOverlappingTemplate,53,2,2,1.0,False,,False,  0   0   0   0   0   1   1   0   0   0     ----       2/2       NonOverlappingTemplate,0,0,0,0,0,1,1,0,0,0,pynacl,vn
pynacl_vn,2,69,NonOverlappingTemplate,54,2,2,1.0,False,,False,  0   0   0   0   0   0   0   2   0   0     ----       2/2       NonOverlappingTemplate,0,0,0,0,0,0,0,2,0,0,pynacl,vn
pynacl_vn,2,70,NonOverlappingTemplate,55,2,2,1.0,False,,False,  1   0   0   0   0   0   0   0   1   0     ----       2/2       NonOverlappingTemplate,1,0,0,0,0,0,0,0,1,0,pynacl,vn
pynacl_vn,2,71,NonOverlappingTemplate,56,2,2,1.0,False,,False,  0   0   0   0   1   0   1   0   0   0     ----       2/2       NonOverlappingTemplate,0,0,0,0,1,0,1,0,0,0,pynacl,vn
pynacl_vn,2,72,NonOverlappingTemplate,57,2,2,1.0,False,,False,  0   0   1   1   0   0   0   0   0   0     ----       2/2       NonOverlappingTemplate,0,0,1,1,0,0,0,0,0,0,pynacl,vn
pynacl_vn,2,73,NonOverlappingTemplate,58,2,2,1.0,False,,False,  0   0   0   0   0   0   1   0   1   0     ----       2/2       NonOverlappingTemplate,0,0,0,0,0,0,1,0,1,0,pynacl,vn
pynacl_vn,2,74,NonOverlappingTemplate,59,2,2,1.0,False,,False,  0   1   0   1   0   0   0   0   0   0     ----       2/2       NonOverlappingTemplate,0,1,0,1,0,0,0,0,0,0,pynacl,vn
pynacl_vn,2,75,NonOverlappingTemplate,60,2,2,1.0,False,,False,  0   0   0   1   0   1   0   0   0   0     ----       2/2       NonOverlappingTemplate,0,0,0,1,0,1,0,0,0,0,pynacl,vn
pynacl_vn,2,76,NonOverlappingTemplate,61,2,2,1.0,False,,False,  1   0   1   0   0   0   0   0   0   0     ----       2/2       NonOverlappingTemplate,1,0,1,0,0,0,0,0,0,0,pynacl,vn
pynacl_vn,2,77,NonOverlappingTemplate,62,2,2,1.0,False,,False,  0   0   0   0   0   1   1   0   0   0     ----       2/2       NonOverlappingTemplate,0,0,0,0,0,1,1,0,0,0,pynacl,vn
pynacl_vn,2,78,NonOverlappingTemplate,63,2,2,1.0,False,,False,  0   0   1   1   0   0   0   0   0   0     ----       2/2       NonOverlappingTemplate,0,0,1,1,0,0,0,0,0,0,pynacl,vn
pynacl_vn,2,79,NonOverlappingTemplate,64,2,2,1.0,False,,False,  1   0   1   0   0   0   0   0   0   0     ----       2/2       NonOverlappingTemplate,1,0,1,0,0,0,0,0,0,0,pynacl,vn
pynacl_vn,2,80,NonOverlappingTemplate,65,2,2,1.0,False,,False,  0   1   0   1   0   0   0   0   0   0     ----       2/2       NonOverlappingTemplate,0,1,0,1,0,0,0,0,0,0,pynacl,vn
pynacl_vn,2,81,NonOverlappingTemplate,66,2,2,1.0,False,,False,  1   0   0   0   0   1   0   0   0   0     ----       2/2       NonOverlappingTemplate,1,0,0,0,0,1,0,0,0,0,pynacl,vn
pynacl_vn,2,82,NonOverlappingTemplate,67,2,2,1.0,False,,False,  0   0   1   0   0   0   1   0   0   0     ----       2/2       NonOverlappingTemplate,0,0,1,0,0,0,1,0,0,0,pynacl,vn
pynacl_vn,2,83,NonOverlappingTemplate,68,2,2,1.0,False,,False,  1   0   0   0   1   0   0   0   0   0     ----       2/2       NonOverlappingTemplate,1,0,0,0,1,0,0,0,0,0,pynacl,vn
pynacl_vn,2,84,NonOverlappingTemplate,69,2,2,1.0,False,,False,  0   0   0   0   0   0   0   0   1   1     ----       2/2       NonOverlappingTemplate,0,0,0,0,0,0,0,0,1,1,pynacl,vn
pynacl_vn,2,85,NonOverlappingTemplate,70,2,2,1.0,False,,False,  0   0   1   0   0   1   0   0   0   0     ----       2/2       NonOverlappingTemplate,0,0,1,0,0,1,0,0,0,0,pynacl,vn
pynacl_vn,2,86,NonOverlappingTemplate,71,2,2,1.0,False,,False,  0   0   0   0   0   1   0   0   1   0     ----       2/2       NonOverlappingTemplate,0,0,0,0,0,1,0,0,1,0,pynacl,vn
pynacl_vn,2,87,NonOverlappingTemplate,72,2,2,1.0,False,,False,  0   1   1   0   0   0   0   0   0   0     ----       2/2       NonOverlappingTemplate,0,1,1,0,0,0,0,0,0,0,pynacl,vn
pynacl_vn,2,88,NonOverlappingTemplate,73,2,2,1.0,False,,False,  0   0   0   1   0   1   0   0   0   0     ----       2/2       NonOverlappingTemplate,0,0,0,1,0,1,0,0,0,0,pynacl,vn
pynacl_vn,2,89,NonOverlappingTemplate,74,2,2,1.0,False,,False,  0   0   0   0   0   0   1   0   0   1     ----       2/2       NonOverlappingTemplate,0,0,0,0,0,0,1,0,0,1,pynacl,vn
pynacl_vn,2,90,NonOverlappingTemplate,75,2,2,1.0,False,,False,  0   0   0   0   0   0   1   1   0   0     ----       2/2       NonOverlappingTemplate,0,0,0,0,0,0,1,1,0,0,pynacl,vn
pynacl_vn,2,91,NonOverlappingTemplate,76,2,2,1.0,False,,False,  0   0   0   1   0   1   0   0   0   0     ----       2/2       NonOverlappingTemplate,0,0,0,1,0,1,0,0,0,0,pynacl,vn
pynacl_vn,2,92,NonOverlappingTemplate,77,2,2,1.0,False,,False,  0   1   0   1   0   0   0   0   0   0     ----       2/2       NonOverlappingTemplate,0,1,0,1,0,0,0,0,0,0,pynacl,vn
pynacl_vn,2,93,NonOverlappingTemplate,78,1,2,0.5,False,,False,  2   0   0   0   0   0   0   0   0   0     ----       1/2       NonOverlappingTemplate,2,0,0,0,0,0,0,0,0,0,pynacl,vn
pynacl_vn,2,94,NonOverlappingTemplate,79,2,2,1.0,False,,False,  1   0   0   0   1   0   0   0   0   0     ----       2/2       NonOverlappingTemplate,1,0,0,0,1,0,0,0,0,0,pynacl,vn
pynacl_vn,2,95,NonOverlappingTemplate,80,2,2,1.0,False,,False,  0   0   0   0   0   1   1   0   0   0     ----       2/2       NonOverlappingTemplate,0,0,0,0,0,1,1,0,0,0,pynacl,vn
pynacl_vn,2,96,NonOverlappingTemplate,81,2,2,1.0,False,,False,  0   0   0   1   0   0   0   0   0   1     ----       2/2       NonOverlappingTemplate,0,0,0,1,0,0,0,0,0,1,pynacl,vn
pynacl_vn,2,97,NonOverlappingTemplate,82,2,2,1.0,False,,False,  1   0   0   1   0   0   0   0   0   0     ----       2/2       NonOverlappingTemplate,1,0,0,1,0,0,0,0,0,0,pynacl,vn
pynacl_vn,2,98,NonOverlappingTemplate,83,2,2,1.0,False,,False,  1   0   0   0   1   0   0   0   0   0     ----       2/2       NonOverlappingTemplate,1,0,0,0,1,0,0,0,0,0,pynacl,vn
pynacl_vn,2,99,NonOverlappingTemplate,84,2,2,1.0,False,,False,  0   0   1   0   0   0   0   0   1   0     ----       2/2       NonOverlappingTemplate,0,0,1,0,0,0,0,0,1,0,pynacl,vn
pynacl_vn,2,100,NonOverlappingTemplate,85,2,2,1.0,False,,False,  0   0   0   0   0   0   0   0   2   0     ----       2/2       NonOverlappingTemplate,0,0,0,0,0,0,0,0,2,0,pynacl,vn
pynacl_vn,2,101,NonOverlappingTemplate,86,2,2,1.0,False,,False,  0   1   0   0   0   0   1   0   0   0     ----       2/2       NonOverlappingTemplate,0,1,0,0,0,0,1,0,0,0,pynacl,vn
pynacl_vn,2,102,NonOverlappingTemplate,87,2,2,1.0,False,,False,  0   0   0   0   0   2   0   0   0   0     ----       2/2       NonOverlappingTemplate,0,0,0,0,0,2,0,0,0,0,pynacl,vn
pynacl_vn,2,103,NonOverlappingTemplate,88,2,2,1.0,False,,False,  0   0   0   0   0   0   0   1   0   1     ----       2/2       NonOverlappingTemplate,0,0,0,0,0,0,0,1,0,1,pynacl,vn
pynacl_vn,2,104,NonOverlappingTemplate,89,2,2,1.0,False,,False,  0   0   0   1   0   0   1   0   0   0     ----       2/2       NonOverlappingTemplate,0,0,0,1,0,0,1,0,0,0,pynacl,vn
pynacl_vn,2,105,NonOverlappingTemplate,90,2,2,1.0,False,,False,  1   0   1   0   0   0   0   0   0   0     ----       2/2       NonOverlappingTemplate,1,0,1,0,0,0,0,0,0,0,pynacl,vn
pynacl_vn,2,106,NonOverlappingTemplate,91,2,2,1.0,False,,False,  0   0   0   0   0   0   1   0   1   0     ----       2/2       NonOverlappingTemplate,0,0,0,0,0,0,1,0,1,0,pynacl,vn
pynacl_vn,2,107,NonOverlappingTemplate,92,2,2,1.0,False,,False,  0   0   0   0   1   0   0   1   0   0     ----       2/2       NonOverlappingTemplate,0,0,0,0,1,0,0,1,0,0,pynacl,vn
pynacl_vn,2,108,NonOverlappingTemplate,93,2,2,1.0,False,,False,  0   1   0   0   0   0   0   1   0   0     ----       2/2       NonOverlappingTemplate,0,1,0,0,0,0,0,1,0,0,pynacl,vn
pynacl_vn,2,109,NonOverlappingTemplate,94,2,2,1.0,False,,False,  0   1   0   0   0   1   0   0   0   0     ----       2/2       NonOverlappingTemplate,0,1,0,0,0,1,0,0,0,0,pynacl,vn
pynacl_vn,2,110,NonOverlappingTemplate,95,2,2,1.0,False,,False,  0   0   0   1   0   0   0   0   1   0     ----       2/2       NonOverlappingTemplate,0,0,0,1,0,0,0,0,1,0,pynacl,vn
pynacl_vn,2,111,NonOverlappingTemplate,96,2,2,1.0,False,,False,  0   0   0   0   0   1   1   0   0   0     ----       2/2       NonOverlappingTemplate,0,0,0,0,0,1,1,0,0,0,pynacl,vn
pynacl_vn,2,112,NonOverlappingTemplate,97,2,2,1.0,False,,False,  1   0   0   0   0   0   1   0   0   0     ----       2/2       NonOverlappingTemplate,1,0,0,0,0,0,1,0,0,0,pynacl,vn
pynacl_vn,2,113,NonOverlappingTemplate,98,2,2,1.0,False,,False,  0   0   1   0   0   0   0   1   0   0     ----       2/2       NonOverlappingTemplate,0,0,1,0,0,0,0,1,0,0,pynacl,vn
pynacl_vn,2,114,NonOverlappingTemplate,99,2,2,1.0,False,,False,  0   0   1   0   0   0   0   1   0   0     ----       2/2       NonOverlappingTemplate,0,0,1,0,0,0,0,1,0,0,pynacl,vn
pynacl_vn,2,115,NonOverlappingTemplate,100,2,2,1.0,False,,False,  1   0   0   0   0   0   0   1   0   0     ----       2/2       NonOverlappingTemplate,1,0,0,0,0,0,0,1,0,0,pynacl,vn
pynacl_vn,2,116,NonOverlappingTemplate,101,2,2,1.0,False,,False,  0   0   1   0   0   0   0   0   1   0     ----       2/2       NonOverlappingTemplate,0,0,1,0,0,0,0,0,1,0,pynacl,vn
pynacl_vn,2,117,NonOverlappingTemplate,102,2,2,1.0,False,,False,  1   1   0   0   0   0   0   0   0   0     ----       2/2       NonOverlappingTemplate,1,1,0,0,0,0,0,0,0,0,pynacl,vn
pynacl_vn,2,118,NonOverlappingTemplate,103,2,2,1.0,False,,False,  1   0   0   1   0   0   0   0   0   0     ----       2/2       NonOverlappingTemplate,1,0,0,1,0,0,0,0,0,0,pynacl,vn
pynacl_vn,2,119,NonOverlappingTemplate,104,2,2,1.0,False,,False,  0   0   0   0   0   0   1   0   1   0     ----       2/2       NonOverlappingTemplate,0,0,0,0,0,0,1,0,1,0,pynacl,vn
pynacl_vn,2,120,NonOverlappingTemplate,105,2,2,1.0,False,,False,  0   0   0   0   0   1   0   1   0   0     ----       2/2       NonOverlappingTemplate,0,0,0,0,0,1,0,1,0,0,pynacl,vn
pynacl_vn,2,121,NonOverlappingTemplate,106,2,2,1.0,False,,False,  0   0   0   1   0   0   1   0   0   0     ----       2/2       NonOverlappingTemplate,0,0,0,1,0,0,1,0,0,0,pynacl,vn
pynacl_vn,2,122,NonOverlappingTemplate,107,2,2,1.0,False,,False,  0   0   0   0   0   0   0   1   0   1     ----       2/2       NonOverlappingTemplate,0,0,0,0,0,0,0,1,0,1,pynacl,vn
pynacl_vn,2,123,NonOverlappingTemplate,108,2,2,1.0,False,,False,  0   0   0   1   0   1   0   0   0   0     ----       2/2       NonOverlappingTemplate,0,0,0,1,0,1,0,0,0,0,pynacl,vn
pynacl_vn,2,124,NonOverlappingTemplate,109,2,2,1.0,False,,False,  0   1   1   0   0   0   0   0   0   0     ----       2/2       NonOverlappingTemplate,0,1,1,0,0,0,0,0,0,0,pynacl,vn
pynacl_vn,2,125,NonOverlappingTemplate,110,2,2,1.0,False,,False,  0   0   0   1   0   0   0   0   0   1     ----       2/2       NonOverlappingTemplate,0,0,0,1,0,0,0,0,0,1,pynacl,vn
pynacl_vn,2,126,NonOverlappingTemplate,111,2,2,1.0,False,,False,  0   0   1   0   0   0   0   1   0   0     ----       2/2       NonOverlappingTemplate,0,0,1,0,0,0,0,1,0,0,pynacl,vn
pynacl_vn,2,127,NonOverlappingTemplate,112,2,2,1.0,False,,False,  0   0   1   0   0   1   0   0   0   0     ----       2/2       NonOverlappingTemplate,0,0,1,0,0,1,0,0,0,0,pynacl,vn
pynacl_vn,2,128,NonOverlappingTemplate,113,2,2,1.0,False,,False,  0   0   0   0   0   1   0   1   0   0     ----       2/2       NonOverlappingTemplate,0,0,0,0,0,1,0,1,0,0,pynacl,vn
pynacl_vn,2,129,NonOverlappingTemplate,114,2,2,1.0,False,,False,  0   1   1   0   0   0   0   0   0   0     ----       2/2       NonOverlappingTemplate,0,1,1,0,0,0,0,0,0,0,pynacl,vn
pynacl_vn,2,130,NonOverlappingTemplate,115,2,2,1.0,False,,False,  0   0   0   0   1   1   0   0   0   0     ----       2/2       NonOverlappingTemplate,0,0,0,0,1,1,0,0,0,0,pynacl,vn
pynacl_vn,2,131,NonOverlappingTemplate,116,2,2,1.0,False,,False,  1   0   0   0   1   0   0   0   0   0     ----       2/2       NonOverlappingTemplate,1,0,0,0,1,0,0,0,0,0,pynacl,vn
pynacl_vn,2,132,NonOverlappingTemplate,117,2,2,1.0,False,,False,  1   0   0   0   1   0   0   0   0   0     ----       2/2       NonOverlappingTemplate,1,0,0,0,1,0,0,0,0,0,pynacl,vn
pynacl_vn,2,133,NonOverlappingTemplate,118,2,2,1.0,False,,False,  0   0   0   0   0   0   1   1   0   0     ----       2/2       NonOverlappingTemplate,0,0,0,0,0,0,1,1,0,0,pynacl,vn
pynacl_vn,2,134,NonOverlappingTemplate,119,2,2,1.0,False,,False,  1   1   0   0   0   0   0   0   0   0     ----       2/2       NonOverlappingTemplate,1,1,0,0,0,0,0,0,0,0,pynacl,vn
pynacl_vn,2,135,NonOverlappingTemplate,120,2,2,1.0,False,,False,  0   0   1   1   0   0   0   0   0   0     ----       2/2       NonOverlappingTemplate,0,0,1,1,0,0,0,0,0,0,pynacl,vn
pynacl_vn,2,136,NonOverlappingTemplate,121,2,2,1.0,False,,False,  0   0   1   0   1   0   0   0   0   0     ----       2/2       NonOverlappingTemplate,0,0,1,0,1,0,0,0,0,0,pynacl,vn
pynacl_vn,2,137,NonOverlappingTemplate,122,2,2,1.0,False,,False,  0   2   0   0   0   0   0   0   0   0     ----       2/2       NonOverlappingTemplate,0,2,0,0,0,0,0,0,0,0,pynacl,vn
pynacl_vn,2,138,NonOverlappingTemplate,123,2,2,1.0,False,,False,  1   0   0   1   0   0   0   0   0   0     ----       2/2       NonOverlappingTemplate,1,0,0,1,0,0,0,0,0,0,pynacl,vn
pynacl_vn,2,139,NonOverlappingTemplate,124,2,2,1.0,False,,False,  0   1   1   0   0   0   0   0   0   0     ----       2/2       NonOverlappingTemplate,0,1,1,0,0,0,0,0,0,0,pynacl,vn
pynacl_vn,2,140,NonOverlappingTemplate,125,2,2,1.0,False,,False,  0   0   0   0   0   0   0   0   2   0     ----       2/2       NonOverlappingTemplate,0,0,0,0,0,0,0,0,2,0,pynacl,vn
pynacl_vn,2,141,NonOverlappingTemplate,126,2,2,1.0,False,,False,  0   0   0   1   0   0   0   0   0   1     ----       2/2       NonOverlappingTemplate,0,0,0,1,0,0,0,0,0,1,pynacl,vn
pynacl_vn,2,142,NonOverlappingTemplate,127,2,2,1.0,False,,False,  0   0   0   0   0   0   1   1   0   0     ----       2/2       NonOverlappingTemplate,0,0,0,0,0,0,1,1,0,0,pynacl,vn
pynacl_vn,2,143,NonOverlappingTemplate,128,2,2,1.0,False,,False,  0   0   0   0   0   0   1   0   0   1     ----       2/2       NonOverlappingTemplate,0,0,0,0,0,0,1,0,0,1,pynacl,vn
pynacl_vn,2,144,NonOverlappingTemplate,129,2,2,1.0,False,,False,  0   0   0   0   1   0   0   0   1   0     ----       2/2       NonOverlappingTemplate,0,0,0,0,1,0,0,0,1,0,pynacl,vn
pynacl_vn,2,145,NonOverlappingTemplate,130,2,2,1.0,False,,False,  0   0   0   1   0   0   0   0   0   1     ----       2/2       NonOverlappingTemplate,0,0,0,1,0,0,0,0,0,1,pynacl,vn
pynacl_vn,2,146,NonOverlappingTemplate,131,2,2,1.0,False,,False,  0   0   0   0   0   1   0   1   0   0     ----       2/2       NonOverlappingTemplate,0,0,0,0,0,1,0,1,0,0,pynacl,vn
pynacl_vn,2,147,NonOverlappingTemplate,132,2,2,1.0,False,,False,  0   0   0   1   0   0   0   0   1   0     ----       2/2       NonOverlappingTemplate,0,0,0,1,0,0,0,0,1,0,pynacl,vn
pynacl_vn,2,148,NonOverlappingTemplate,133,2,2,1.0,False,,False,  0   1   0   0   0   0   0   1   0   0     ----       2/2       NonOverlappingTemplate,0,1,0,0,0,0,0,1,0,0,pynacl,vn
pynacl_vn,2,149,NonOverlappingTemplate,134,2,2,1.0,False,,False,  0   0   0   1   0   0   0   0   0   1     ----       2/2       NonOverlappingTemplate,0,0,0,1,0,0,0,0,0,1,pynacl,vn
pynacl_vn,2,150,NonOverlappingTemplate,135,2,2,1.0,False,,False,  0   0   2   0   0   0   0   0   0   0     ----       2/2       NonOverlappingTemplate,0,0,2,0,0,0,0,0,0,0,pynacl,vn
pynacl_vn,2,151,NonOverlappingTemplate,136,2,2,1.0,False,,False,  0   1   0   0   0   0   0   0   1   0     ----       2/2       NonOverlappingTemplate,0,1,0,0,0,0,0,0,1,0,pynacl,vn
pynacl_vn,2,152,NonOverlappingTemplate,137,2,2,1.0,False,,False,  0   0   0   0   1   1   0   0   0   0     ----       2/2       NonOverlappingTemplate,0,0,0,0,1,1,0,0,0,0,pynacl,vn
pynacl_vn,2,153,NonOverlappingTemplate,138,2,2,1.0,False,,False,  0   0   0   0   0   0   0   1   0   1     ----       2/2       NonOverlappingTemplate,0,0,0,0,0,0,0,1,0,1,pynacl,vn
pynacl_vn,2,154,NonOverlappingTemplate,139,2,2,1.0,False,,False,  0   0   1   0   0   0   1   0   0   0     ----       2/2       NonOverlappingTemplate,0,0,1,0,0,0,1,0,0,0,pynacl,vn
pynacl_vn,2,155,NonOverlappingTemplate,140,2,2,1.0,False,,False,  0   1   0   1   0   0   0   0   0   0     ----       2/2       NonOverlappingTemplate,0,1,0,1,0,0,0,0,0,0,pynacl,vn
pynacl_vn,2,156,NonOverlappingTemplate,141,2,2,1.0,False,,False,  1   1   0   0   0   0   0   0   0   0     ----       2/2       NonOverlappingTemplate,1,1,0,0,0,0,0,0,0,0,pynacl,vn
pynacl_vn,2,157,NonOverlappingTemplate,142,2,2,1.0,False,,False,  0   0   0   1   0   0   0   0   1   0     ----       2/2       NonOverlappingTemplate,0,0,0,1,0,0,0,0,1,0,pynacl,vn
pynacl_vn,2,158,NonOverlappingTemplate,143,2,2,1.0,False,,False,  0   0   0   0   1   1   0   0   0   0     ----       2/2       NonOverlappingTemplate,0,0,0,0,1,1,0,0,0,0,pynacl,vn
pynacl_vn,2,159,NonOverlappingTemplate,144,2,2,1.0,False,,False,  0   0   1   0   1   0   0   0   0   0     ----       2/2       NonOverlappingTemplate,0,0,1,0,1,0,0,0,0,0,pynacl,vn
pynacl_vn,2,160,NonOverlappingTemplate,145,2,2,1.0,False,,False,  0   0   0   0   0   2   0   0   0   0     ----       2/2       NonOverlappingTemplate,0,0,0,0,0,2,0,0,0,0,pynacl,vn
pynacl_vn,2,161,NonOverlappingTemplate,146,2,2,1.0,False,,False,  0   0   1   0   0   0   0   1   0   0     ----       2/2       NonOverlappingTemplate,0,0,1,0,0,0,0,1,0,0,pynacl,vn
pynacl_vn,2,162,NonOverlappingTemplate,147,2,2,1.0,False,,False,  0   0   0   1   0   1   0   0   0   0     ----       2/2       NonOverlappingTemplate,0,0,0,1,0,1,0,0,0,0,pynacl,vn
pynacl_vn,2,163,NonOverlappingTemplate,148,2,2,1.0,False,,False,  0   0   0   0   0   0   1   0   0   1     ----       2/2       NonOverlappingTemplate,0,0,0,0,0,0,1,0,0,1,pynacl,vn
pynacl_vn,2,164,OverlappingTemplate,1,2,2,1.0,False,,False,  0   0   0   0   0   0   0   0   1   1     ----       2/2       OverlappingTemplate,0,0,0,0,0,0,0,0,1,1,pynacl,vn
pynacl_vn,2,165,Universal,1,2,2,1.0,False,,False,  0   0   0   1   0   0   0   1   0   0     ----       2/2       Universal,0,0,0,1,0,0,0,1,0,0,pynacl,vn
pynacl_vn,2,166,ApproximateEntropy,1,2,2,1.0,False,,False,  0   1   0   0   0   0   0   0   1   0     ----       2/2       ApproximateEntropy,0,1,0,0,0,0,0,0,1,0,pynacl,vn
pynacl_vn,2,167,RandomExcursions,1,2,2,1.0,False,,False,  0   0   0   0   0   0   0   2   0   0     ----       2/2       RandomExcursions,0,0,0,0,0,0,0,2,0,0,pynacl,vn
pynacl_vn,2,168,RandomExcursions,2,2,2,1.0,False,,False,  0   0   0   1   0   0   0   0   1   0     ----       2/2       RandomExcursions,0,0,0,1,0,0,0,0,1,0,pynacl,vn
pynacl_vn,2,169,RandomExcursions,3,2,2,1.0,False,,False,  0   0   1   0   0   0   0   0   1   0     ----       2/2       RandomExcursions,0,0,1,0,0,0,0,0,1,0,pynacl,vn
pynacl_vn,2,170,RandomExcursions,4,2,2,1.0,False,,False,  0   0   0   0   1   0   1   0   0   0     ----       2/2       RandomExcursions,0,0,0,0,1,0,1,0,0,0,pynacl,vn
pynacl_vn,2,171,RandomExcursions,5,2,2,1.0,False,,False,  0   0   1   0   0   0   0   1   0   0     ----       2/2       RandomExcursions,0,0,1,0,0,0,0,1,0,0,pynacl,vn
pynacl_vn,2,172,RandomExcursions,6,2,2,1.0,False,,False,  0   1   0   0   0   1   0   0   0   0     ----       2/2       RandomExcursions,0,1,0,0,0,1,0,0,0,0,pynacl,vn
pynacl_vn,2,173,RandomExcursions,7,2,2,1.0,False,,False,  0   0   0   0   1   0   0   1   0   0     ----       2/2       RandomExcursions,0,0,0,0,1,0,0,1,0,0,pynacl,vn
pynacl_vn,2,174,RandomExcursions,8,2,2,1.0,False,,False,  0   1   0   0   0   0   0   0   1   0     ----       2/2       RandomExcursions,0,1,0,0,0,0,0,0,1,0,pynacl,vn
pynacl_vn,2,175,RandomExcursionsVariant,1,2,2,1.0,False,,False,  0   0   0   1   0   0   0   0   1   0     ----       2/2       RandomExcursionsVariant,0,0,0,1,0,0,0,0,1,0,pynacl,vn
pynacl_vn,2,176,RandomExcursionsVariant,2,2,2,1.0,False,,False,  0   0   0   0   0   1   0   0   1   0     ----       2/2       RandomExcursionsVariant,0,0,0,0,0,1,0,0,1,0,pynacl,vn
pynacl_vn,2,177,RandomExcursionsVariant,3,2,2,1.0,False,,False,  0   0   0   0   0   0   1   0   0   1     ----       2/2       RandomExcursionsVariant,0,0,0,0,0,0,1,0,0,1,pynacl,vn
pynacl_vn,2,178,RandomExcursionsVariant,4,2,2,1.0,False,,False,  0   0   0   0   0   0   0   0   1   1     ----       2/2       RandomExcursionsVariant,0,0,0,0,0,0,0,0,1,1,pynacl,vn
pynacl_vn,2,179,RandomExcursionsVariant,5,2,2,1.0,False,,False,  0   0   0   0   1   0   1   0   0   0     ----       2/2       RandomExcursionsVariant,0,0,0,0,1,0,1,0,0,0,pynacl,vn
pynacl_vn,2,180,RandomExcursionsVariant,6,2,2,1.0,False,,False,  0   0   1   0   0   1   0   0   0   0     ----       2/2       RandomExcursionsVariant,0,0,1,0,0,1,0,0,0,0,pynacl,vn
pynacl_vn,2,181,RandomExcursionsVariant,7,2,2,1.0,False,,False,  0   0   1   0   0   0   0   1   0   0     ----       2/2       RandomExcursionsVariant,0,0,1,0,0,0,0,1,0,0,pynacl,vn
pynacl_vn,2,182,RandomExcursionsVariant,8,2,2,1.0,False,,False,  0   0   0   0   0   1   0   1   0   0     ----       2/2       RandomExcursionsVariant,0,0,0,0,0,1,0,1,0,0,pynacl,vn
pynacl_vn,2,183,RandomExcursionsVariant,9,2,2,1.0,False,,False,  0   0   0   0   0   0   0   1   0   1     ----       2/2       RandomExcursionsVariant,0,0,0,0,0,0,0,1,0,1,pynacl,vn
pynacl_vn,2,184,RandomExcursionsVariant,10,2,2,1.0,False,,False,  1   0   0   1   0   0   0   0   0   0     ----       2/2       RandomExcursionsVariant,1,0,0,1,0,0,0,0,0,0,pynacl,vn
pynacl_vn,2,185,RandomExcursionsVariant,11,2,2,1.0,False,,False,  1   0   0   1   0   0   0   0   0   0     ----       2/2       RandomExcursionsVariant,1,0,0,1,0,0,0,0,0,0,pynacl,vn
pynacl_vn,2,186,RandomExcursionsVariant,12,2,2,1.0,False,,False,  0   0   1   0   0   0   0   0   1   0     ----       2/2       RandomExcursionsVariant,0,0,1,0,0,0,0,0,1,0,pynacl,vn
pynacl_vn,2,187,RandomExcursionsVariant,13,2,2,1.0,False,,False,  0   0   0   0   0   1   0   0   0   1     ----       2/2       RandomExcursionsVariant,0,0,0,0,0,1,0,0,0,1,pynacl,vn
pynacl_vn,2,188,RandomExcursionsVariant,14,2,2,1.0,False,,False,  0   0   0   0   0   0   1   0   0   1     ----       2/2       RandomExcursionsVariant,0,0,0,0,0,0,1,0,0,1,pynacl,vn
pynacl_vn,2,189,RandomExcursionsVariant,15,2,2,1.0,False,,False,  0   0   0   0   0   1   0   0   1   0     ----       2/2       RandomExcursionsVariant,0,0,0,0,0,1,0,0,1,0,pynacl,vn
pynacl_vn,2,190,RandomExcursionsVariant,16,2,2,1.0,False,,False,  0   0   0   0   1   0   0   1   0   0     ----       2/2       RandomExcursionsVariant,0,0,0,0,1,0,0,1,0,0,pynacl,vn
pynacl_vn,2,191,RandomExcursionsVariant,17,2,2,1.0,False,,False,  0   0   0   0   1   1   0   0   0   0     ----       2/2       RandomExcursionsVariant,0,0,0,0,1,1,0,0,0,0,pynacl,vn
pynacl_vn,2,192,RandomExcursionsVariant,18,2,2,1.0,False,,False,  0   0   0   2   0   0   0   0   0   0     ----       2/2       RandomExcursionsVariant,0,0,0,2,0,0,0,0,0,0,pynacl,vn
pynacl_vn,2,193,Serial,1,2,2,1.0,False,,False,  0   0   0   0   0   0   0   1   1   0     ----       2/2       Serial,0,0,0,0,0,0,0,1,1,0,pynacl,vn
pynacl_vn,2,194,Serial,2,2,2,1.0,False,,False,  0   0   0   0   1   0   0   0   1   0     ----       2/2       Serial,0,0,0,0,1,0,0,0,1,0,pynacl,vn
pynacl_vn,2,195,LinearComplexity,1,2,2,1.0,False,,False,  0   2   0   0   0   0   0   0   0   0     ----       2/2       LinearComplexity,0,2,0,0,0,0,0,0,0,0,pynacl,vn
pynacl_xor,8,8,Frequency,1,8,8,1.0,False,,False,  0   1   0   0   1   1   2   1   0   2     ----       8/8       Frequency,0,1,0,0,1,1,2,1,0,2,pynacl,xor
pynacl_xor,8,9,BlockFrequency,1,8,8,1.0,False,,False,  3   1   3   0   0   0   0   1   0   0     ----       8/8       BlockFrequency,3,1,3,0,0,0,0,1,0,0,pynacl,xor
pynacl_xor,8,10,CumulativeSums,1,8,8,1.0,False,,False,  0   1   2   0   1   0   0   2   1   1     ----       8/8       CumulativeSums,0,1,2,0,1,0,0,2,1,1,pynacl,xor
pynacl_xor,8,11,CumulativeSums,2,8,8,1.0,False,,False,  1   0   1   1   0   3   0   1   0   1     ----       8/8       CumulativeSums,1,0,1,1,0,3,0,1,0,1,pynacl,xor
pynacl_xor,8,12,Runs,1,8,8,1.0,False,,False,  0   0   0   2   2   1   0   1   2   0     ----       8/8       Runs,0,0,0,2,2,1,0,1,2,0,pynacl,xor
pynacl_xor,8,13,LongestRun,1,8,8,1.0,False,,False,  1   1   0   0   1   2   0   2   0   1     ----       8/8       LongestRun,1,1,0,0,1,2,0,2,0,1,pynacl,xor
pynacl_xor,8,14,Rank,1,8,8,1.0,False,,False,  1   1   1   0   2   0   2   0   0   1     ----       8/8       Rank,1,1,1,0,2,0,2,0,0,1,pynacl,xor
pynacl_xor,8,15,FFT,1,8,8,1.0,False,,False,  1   1   2   1   0   2   0   0   1   0     ----       8/8       FFT,1,1,2,1,0,2,0,0,1,0,pynacl,xor
pynacl_xor,8,16,NonOverlappingTemplate,1,8,8,1.0,False,,False,  1   1   2   0   1   3   0   0   0   0     ----       8/8       NonOverlappingTemplate,1,1,2,0,1,3,0,0,0,0,pynacl,xor
pynacl_xor,8,17,NonOverlappingTemplate,2,8,8,1.0,False,,False,  1   0   1   1   2   1   0   1   0   1     ----       8/8       NonOverlappingTemplate,1,0,1,1,2,1,0,1,0,1,pynacl,xor
pynacl_xor,8,18,NonOverlappingTemplate,3,7,8,0.875,False,,False,  1   1   0   1   0   0   1   2   2   0     ----       7/8       NonOverlappingTemplate,1,1,0,1,0,0,1,2,2,0,pynacl,xor
pynacl_xor,8,19,NonOverlappingTemplate,4,8,8,1.0,False,,False,  2   1   0   1   1   1   0   1   1   0     ----       8/8       NonOverlappingTemplate,2,1,0,1,1,1,0,1,1,0,pynacl,xor
pynacl_xor,8,20,NonOverlappingTemplate,5,8,8,1.0,False,,False,  1   0   2   1   1   0   1   0   0   2     ----       8/8       NonOverlappingTemplate,1,0,2,1,1,0,1,0,0,2,pynacl,xor
pynacl_xor,8,21,NonOverlappingTemplate,6,8,8,1.0,False,,False,  0   1   0   1   3   0   0   1   0   2     ----       8/8       NonOverlappingTemplate,0,1,0,1,3,0,0,1,0,2,pynacl,xor
pynacl_xor,8,22,NonOverlappingTemplate,7,8,8,1.0,False,,False,  0   0   0   2   1   1   1   0   3   0     ----       8/8       NonOverlappingTemplate,0,0,0,2,1,1,1,0,3,0,pynacl,xor
pynacl_xor,8,23,NonOverlappingTemplate,8,8,8,1.0,False,,False,  2   1   0   0   2   0   1   0   1   1     ----       8/8       NonOverlappingTemplate,2,1,0,0,2,0,1,0,1,1,pynacl,xor
pynacl_xor,8,24,NonOverlappingTemplate,9,8,8,1.0,False,,False,  1   0   3   0   1   0   2   0   1   0     ----       8/8       NonOverlappingTemplate,1,0,3,0,1,0,2,0,1,0,pynacl,xor
pynacl_xor,8,25,NonOverlappingTemplate,10,7,8,0.875,False,,False,  2   1   1   1   2   0   0   0   0   1     ----       7/8       NonOverlappingTemplate,2,1,1,1,2,0,0,0,0,1,pynacl,xor
pynacl_xor,8,26,NonOverlappingTemplate,11,8,8,1.0,False,,False,  1   0   3   0   1   1   2   0   0   0     ----       8/8       NonOverlappingTemplate,1,0,3,0,1,1,2,0,0,0,pynacl,xor
pynacl_xor,8,27,NonOverlappingTemplate,12,8,8,1.0,False,,False,  1   2   0   2   0   0   1   1   0   1     ----       8/8       NonOverlappingTemplate,1,2,0,2,0,0,1,1,0,1,pynacl,xor
pynacl_xor,8,28,NonOverlappingTemplate,13,8,8,1.0,False,,False,  0   2   0   1   0   1   2   0   2   0     ----       8/8       NonOverlappingTemplate,0,2,0,1,0,1,2,0,2,0,pynacl,xor
pynacl_xor,8,29,NonOverlappingTemplate,14,8,8,1.0,False,,False,  1   2   1   0   1   1   1   0   0   1     ----       8/8       NonOverlappingTemplate,1,2,1,0,1,1,1,0,0,1,pynacl,xor
pynacl_xor,8,30,NonOverlappingTemplate,15,8,8,1.0,False,,False,  3   1   0   1   0   1   0   1   1   0     ----       8/8       NonOverlappingTemplate,3,1,0,1,0,1,0,1,1,0,pynacl,xor
pynacl_xor,8,31,NonOverlappingTemplate,16,8,8,1.0,False,,False,  2   0   1   2   0   0   0   0   2   1     ----       8/8       NonOverlappingTemplate,2,0,1,2,0,0,0,0,2,1,pynacl,xor
pynacl_xor,8,32,NonOverlappingTemplate,17,8,8,1.0,False,,False,  0   1   1   2   1   1   0   2   0   0     ----       8/8       NonOverlappingTemplate,0,1,1,2,1,1,0,2,0,0,pynacl,xor
pynacl_xor,8,33,NonOverlappingTemplate,18,8,8,1.0,False,,False,  0   1   1   1   0   1   2   2   0   0     ----       8/8       NonOverlappingTemplate,0,1,1,1,0,1,2,2,0,0,pynacl,xor
pynacl_xor,8,34,NonOverlappingTemplate,19,8,8,1.0,False,,False,  1   0   1   1   2   0   1   2   0   0     ----       8/8       NonOverlappingTemplate,1,0,1,1,2,0,1,2,0,0,pynacl,xor
pynacl_xor,8,35,NonOverlappingTemplate,20,8,8,1.0,False,,False,  1   1   0   0   1   2   1   1   0   1     ----       8/8       NonOverlappingTemplate,1,1,0,0,1,2,1,1,0,1,pynacl,xor
pynacl_xor,8,36,NonOverlappingTemplate,21,8,8,1.0,False,,False,  1   1   0   2   1   1   2   0   0   0     ----       8/8       NonOverlappingTemplate,1,1,0,2,1,1,2,0,0,0,pynacl,xor
pynacl_xor,8,37,NonOverlappingTemplate,22,8,8,1.0,False,,False,  1   0   1   0   0   1   1   3   1   0     ----       8/8       NonOverlappingTemplate,1,0,1,0,0,1,1,3,1,0,pynacl,xor
pynacl_xor,8,38,NonOverlappingTemplate,23,8,8,1.0,False,,False,  0   0   1   2   1   0   1   2   1   0     ----       8/8       NonOverlappingTemplate,0,0,1,2,1,0,1,2,1,0,pynacl,xor
pynacl_xor,8,39,NonOverlappingTemplate,24,8,8,1.0,False,,False,  1   1   1   1   0   1   0   1   1   1     ----       8/8       NonOverlappingTemplate,1,1,1,1,0,1,0,1,1,1,pynacl,xor
pynacl_xor,8,40,NonOverlappingTemplate,25,8,8,1.0,False,,False,  1   1   0   0   2   0   3   0   1   0     ----       8/8       NonOverlappingTemplate,1,1,0,0,2,0,3,0,1,0,pynacl,xor
pynacl_xor,8,41,NonOverlappingTemplate,26,8,8,1.0,False,,False,  0   1   1   1   1   0   2   2   0   0     ----       8/8       NonOverlappingTemplate,0,1,1,1,1,0,2,2,0,0,pynacl,xor
pynacl_xor,8,42,NonOverlappingTemplate,27,8,8,1.0,False,,False,  1   0   2   0   1   1   0   0   2   1     ----       8/8       NonOverlappingTemplate,1,0,2,0,1,1,0,0,2,1,pynacl,xor
pynacl_xor,8,43,NonOverlappingTemplate,28,8,8,1.0,False,,False,  1   0   1   0   1   0   1   2   2   0     ----       8/8       NonOverlappingTemplate,1,0,1,0,1,0,1,2,2,0,pynacl,xor
pynacl_xor,8,44,NonOverlappingTemplate,29,8,8,1.0,False,,False,  2   1   0   1   0   2   0   0   0   2     ----       8/8       NonOverlappingTemplate,2,1,0,1,0,2,0,0,0,2,pynacl,xor
pynacl_xor,8,45,NonOverlappingTemplate,30,8,8,1.0,False,,False,  0   2   1   2   2   0   0   0   1   0     ----       8/8       NonOverlappingTemplate,0,2,1,2,2,0,0,0,1,0,pynacl,xor
pynacl_xor,8,46,NonOverlappingTemplate,31,8,8,1.0,False,,False,  0   1   1   0   1   0   3   0   2   0     ----       8/8       NonOverlappingTemplate,0,1,1,0,1,0,3,0,2,0,pynacl,xor
pynacl_xor,8,47,NonOverlappingTemplate,32,8,8,1.0,False,,False,  0   1   2   0   2   0   1   1   1   0     ----       8/8       NonOverlappingTemplate,0,1,2,0,2,0,1,1,1,0,pynacl,xor
pynacl_xor,8,48,NonOverlappingTemplate,33,8,8,1.0,False,,False,  1   0   1   0   0   0   2   2   0   2     ----       8/8       NonOverlappingTemplate,1,0,1,0,0,0,2,2,0,2,pynacl,xor
pynacl_xor,8,49,NonOverlappingTemplate,34,8,8,1.0,False,,False,  0   1   2   0   2   0   1   1   1   0     ----       8/8       NonOverlappingTemplate,0,1,2,0,2,0,1,1,1,0,pynacl,xor
pynacl_xor,8,50,NonOverlappingTemplate,35,8,8,1.0,False,,False,  2   1   0   1   0   1   1   0   1   1     ----       8/8       NonOverlappingTemplate,2,1,0,1,0,1,1,0,1,1,pynacl,xor
pynacl_xor,8,51,NonOverlappingTemplate,36,8,8,1.0,False,,False,  0   2   1   1   0   0   1   1   2   0     ----       8/8       NonOverlappingTemplate,0,2,1,1,0,0,1,1,2,0,pynacl,xor
pynacl_xor,8,52,NonOverlappingTemplate,37,8,8,1.0,False,,False,  0   0   0   2   2   0   3   1   0   0     ----       8/8       NonOverlappingTemplate,0,0,0,2,2,0,3,1,0,0,pynacl,xor
pynacl_xor,8,53,NonOverlappingTemplate,38,8,8,1.0,False,,False,  0   1   2   1   1   0   1   1   0   1     ----       8/8       NonOverlappingTemplate,0,1,2,1,1,0,1,1,0,1,pynacl,xor
pynacl_xor,8,54,NonOverlappingTemplate,39,8,8,1.0,False,,False,  1   1   1   2   2   1   0   0   0   0     ----       8/8       NonOverlappingTemplate,1,1,1,2,2,1,0,0,0,0,pynacl,xor
pynacl_xor,8,55,NonOverlappingTemplate,40,8,8,1.0,False,,False,  0   0   1   3   1   0   0   0   2   1     ----       8/8       NonOverlappingTemplate,0,0,1,3,1,0,0,0,2,1,pynacl,xor
pynacl_xor,8,56,NonOverlappingTemplate,41,8,8,1.0,False,,False,  0   3   2   0   0   1   1   0   0   1     ----       8/8       NonOverlappingTemplate,0,3,2,0,0,1,1,0,0,1,pynacl,xor
pynacl_xor,8,57,NonOverlappingTemplate,42,8,8,1.0,False,,False,  1   1   0   0   1   1   1   0   1   2     ----       8/8       NonOverlappingTemplate,1,1,0,0,1,1,1,0,1,2,pynacl,xor
pynacl_xor,8,58,NonOverlappingTemplate,43,8,8,1.0,False,,False,  1   1   0   4   1   1   0   0   0   0     ----       8/8       NonOverlappingTemplate,1,1,0,4,1,1,0,0,0,0,pynacl,xor
pynacl_xor,8,59,NonOverlappingTemplate,44,7,8,0.875,False,,False,  1   2   0   1   0   0   0   2   1   1     ----       7/8       NonOverlappingTemplate,1,2,0,1,0,0,0,2,1,1,pynacl,xor
pynacl_xor,8,60,NonOverlappingTemplate,45,8,8,1.0,False,,False,  0   1   3   1   1   1   0   1   0   0     ----       8/8       NonOverlappingTemplate,0,1,3,1,1,1,0,1,0,0,pynacl,xor
pynacl_xor,8,61,NonOverlappingTemplate,46,7,8,0.875,False,,False,  1   1   0   1   0   0   1   1   2   1     ----       7/8       NonOverlappingTemplate,1,1,0,1,0,0,1,1,2,1,pynacl,xor
pynacl_xor,8,62,NonOverlappingTemplate,47,8,8,1.0,False,,False,  1   2   1   1   1   1   1   0   0   0     ----       8/8       NonOverlappingTemplate,1,2,1,1,1,1,1,0,0,0,pynacl,xor
pynacl_xor,8,63,NonOverlappingTemplate,48,8,8,1.0,False,,False,  0   0   2   2   2   0   1   1   0   0     ----       8/8       NonOverlappingTemplate,0,0,2,2,2,0,1,1,0,0,pynacl,xor
pynacl_xor,8,64,NonOverlappingTemplate,49,8,8,1.0,False,,False,  1   2   1   0   1   0   0   1   2   0     ----       8/8       NonOverlappingTemplate,1,2,1,0,1,0,0,1,2,0,pynacl,xor
pynacl_xor,8,65,NonOverlappingTemplate,50,8,8,1.0,False,,False,  2   1   0   1   0   1   2   0   0   1     ----       8/8       NonOverlappingTemplate,2,1,0,1,0,1,2,0,0,1,pynacl,xor
pynacl_xor,8,66,NonOverlappingTemplate,51,8,8,1.0,False,,False,  0   0   2   0   0   1   2   1   2   0     ----       8/8       NonOverlappingTemplate,0,0,2,0,0,1,2,1,2,0,pynacl,xor
pynacl_xor,8,67,NonOverlappingTemplate,52,8,8,1.0,False,,False,  1   2   0   2   1   0   0   0   1   1     ----       8/8       NonOverlappingTemplate,1,2,0,2,1,0,0,0,1,1,pynacl,xor
pynacl_xor,8,68,NonOverlappingTemplate,53,8,8,1.0,False,,False,  2   2   0   1   0   1   1   1   0   0     ----       8/8       NonOverlappingTemplate,2,2,0,1,0,1,1,1,0,0,pynacl,xor
pynacl_xor,8,69,NonOverlappingTemplate,54,8,8,1.0,False,,False,  1   1   1   0   2   0   0   1   1   1     ----       8/8       NonOverlappingTemplate,1,1,1,0,2,0,0,1,1,1,pynacl,xor
pynacl_xor,8,70,NonOverlappingTemplate,55,8,8,1.0,False,,False,  0   2   1   0   1   1   1   1   1   0     ----       8/8       NonOverlappingTemplate,0,2,1,0,1,1,1,1,1,0,pynacl,xor
pynacl_xor,8,71,NonOverlappingTemplate,56,8,8,1.0,False,,False,  1   1   0   0   2   1   1   0   0   2     ----       8/8       NonOverlappingTemplate,1,1,0,0,2,1,1,0,0,2,pynacl,xor
pynacl_xor,8,72,NonOverlappingTemplate,57,8,8,1.0,False,,False,  0   0   0   3   0   0   1   4   0   0     ----       8/8       NonOverlappingTemplate,0,0,0,3,0,0,1,4,0,0,pynacl,xor
pynacl_xor,8,73,NonOverlappingTemplate,58,8,8,1.0,False,,False,  0   0   1   1   0   2   0   0   0   4     ----       8/8       NonOverlappingTemplate,0,0,1,1,0,2,0,0,0,4,pynacl,xor
pynacl_xor,8,74,NonOverlappingTemplate,59,8,8,1.0,False,,False,  2   1   2   0   0   0   1   0   2   0     ----       8/8       NonOverlappingTemplate,2,1,2,0,0,0,1,0,2,0,pynacl,xor
pynacl_xor,8,75,NonOverlappingTemplate,60,8,8,1.0,False,,False,  0   1   2   0   0   0   1   4   0   0     ----       8/8       NonOverlappingTemplate,0,1,2,0,0,0,1,4,0,0,pynacl,xor
pynacl_xor,8,76,NonOverlappingTemplate,61,8,8,1.0,False,,False,  2   1   1   1   0   2   0   1   0   0     ----       8/8       NonOverlappingTemplate,2,1,1,1,0,2,0,1,0,0,pynacl,xor
pynacl_xor,8,77,NonOverlappingTemplate,62,8,8,1.0,False,,False,  0   0   0   1   1   4   0   1   0   1     ----       8/8       NonOverlappingTemplate,0,0,0,1,1,4,0,1,0,1,pynacl,xor
pynacl_xor,8,78,NonOverlappingTemplate,63,8,8,1.0,False,,False,  0   0   1   1   1   2   0   1   1   1     ----       8/8       NonOverlappingTemplate,0,0,1,1,1,2,0,1,1,1,pynacl,xor
pynacl_xor,8,79,NonOverlappingTemplate,64,8,8,1.0,False,,False,  1   1   1   2   0   1   0   0   1   1     ----       8/8       NonOverlappingTemplate,1,1,1,2,0,1,0,0,1,1,pynacl,xor
pynacl_xor,8,80,NonOverlappingTemplate,65,8,8,1.0,False,,False,  1   0   1   1   0   1   1   1   1   1     ----       8/8       NonOverlappingTemplate,1,0,1,1,0,1,1,1,1,1,pynacl,xor
pynacl_xor,8,81,NonOverlappingTemplate,66,7,8,0.875,False,,False,  1   0   1   0   1   1   1   0   2   1     ----       7/8       NonOverlappingTemplate,1,0,1,0,1,1,1,0,2,1,pynacl,xor
pynacl_xor,8,82,NonOverlappingTemplate,67,8,8,1.0,False,,False,  2   1   1   0   0   0   1   1   1   1     ----       8/8       NonOverlappingTemplate,2,1,1,0,0,0,1,1,1,1,pynacl,xor
pynacl_xor,8,83,NonOverlappingTemplate,68,8,8,1.0,False,,False,  0   1   0   0   0   1   3   1   0   2     ----       8/8       NonOverlappingTemplate,0,1,0,0,0,1,3,1,0,2,pynacl,xor
pynacl_xor,8,84,NonOverlappingTemplate,69,8,8,1.0,False,,False,  1   0   0   0   0   0   2   0   1   4     ----       8/8       NonOverlappingTemplate,1,0,0,0,0,0,2,0,1,4,pynacl,xor
pynacl_xor,8,85,NonOverlappingTemplate,70,7,8,0.875,False,,False,  1   0   0   2   1   0   1   1   2   0     ----       7/8       NonOverlappingTemplate,1,0,0,2,1,0,1,1,2,0,pynacl,xor
pynacl_xor,8,86,NonOverlappingTemplate,71,8,8,1.0,False,,False,  1   2   0   0   1   3   1   0   0   0     ----       8/8       NonOverlappingTemplate,1,2,0,0,1,3,1,0,0,0,pynacl,xor
pynacl_xor,8,87,NonOverlappingTemplate,72,7,8,0.875,False,,False,  1   2   0   0   1   3   0   0   1   0     ----       7/8       NonOverlappingTemplate,1,2,0,0,1,3,0,0,1,0,pynacl,xor
pynacl_xor,8,88,NonOverlappingTemplate,73,8,8,1.0,False,,False,  1   1   0   1   1   1   1   0   0   2     ----       8/8       NonOverlappingTemplate,1,1,0,1,1,1,1,0,0,2,pynacl,xor
pynacl_xor,8,89,NonOverlappingTemplate,74,7,8,0.875,False,,False,  1   2   0   0   0   0   1   0   3   1     ----       7/8       NonOverlappingTemplate,1,2,0,0,0,0,1,0,3,1,pynacl,xor
pynacl_xor,8,90,NonOverlappingTemplate,75,8,8,1.0,False,,False,  1   1   2   0   1   3   0   0   0   0     ----       8/8       NonOverlappingTemplate,1,1,2,0,1,3,0,0,0,0,pynacl,xor
pynacl_xor,8,91,NonOverlappingTemplate,76,8,8,1.0,False,,False,  0   1   1   0   1   1   1   1   1   1     ----       8/8       NonOverlappingTemplate,0,1,1,0,1,1,1,1,1,1,pynacl,xor
pynacl_xor,8,92,NonOverlappingTemplate,77,8,8,1.0,False,,False,  0   0   2   1   1   0   0   1   2   1     ----       8/8       NonOverlappingTemplate,0,0,2,1,1,0,0,1,2,1,pynacl,xor
pynacl_xor,8,93,NonOverlappingTemplate,78,8,8,1.0,False,,False,  1   0   2   1   0   0   1   1   1   1     ----       8/8       NonOverlappingTemplate,1,0,2,1,0,0,1,1,1,1,pynacl,xor
pynacl_xor,8,94,NonOverlappingTemplate,79,8,8,1.0,False,,False,  1   0   0   2   0   1   1   1   0   2     ----       8/8       NonOverlappingTemplate,1,0,0,2,0,1,1,1,0,2,pynacl,xor
pynacl_xor,8,95,NonOverlappingTemplate,80,8,8,1.0,False,,False,  1   2   0   1   1   0   1   0   1   1     ----       8/8       NonOverlappingTemplate,1,2,0,1,1,0,1,0,1,1,pynacl,xor
pynacl_xor,8,96,NonOverlappingTemplate,81,8,8,1.0,False,,False,  1   2   1   0   1   1   0   1   1   0     ----       8/8       NonOverlappingTemplate,1,2,1,0,1,1,0,1,1,0,pynacl,xor
pynacl_xor,8,97,NonOverlappingTemplate,82,8,8,1.0,False,,False,  0   0   1   1   2   1   1   0   1   1     ----       8/8       NonOverlappingTemplate,0,0,1,1,2,1,1,0,1,1,pynacl,xor
pynacl_xor,8,98,NonOverlappingTemplate,83,8,8,1.0,False,,False,  1   2   0   1   0   1   0   1   2   0     ----       8/8       NonOverlappingTemplate,1,2,0,1,0,1,0,1,2,0,pynacl,xor
pynacl_xor,8,99,NonOverlappingTemplate,84,8,8,1.0,False,,False,  0   0   0   3   0   1   1   2   0   1     ----       8/8       NonOverlappingTemplate,0,0,0,3,0,1,1,2,0,1,pynacl,xor
pynacl_xor,8,100,NonOverlappingTemplate,85,8,8,1.0,False,,False,  0   1   1   0   2   1   0   1   1   1     ----       8/8       NonOverlappingTemplate,0,1,1,0,2,1,0,1,1,1,pynacl,xor
pynacl_xor,8,101,NonOverlappingTemplate,86,8,8,1.0,False,,False,  0   1   0   3   0   2   0   1   1   0     ----       8/8       NonOverlappingTemplate,0,1,0,3,0,2,0,1,1,0,pynacl,xor
pynacl_xor,8,102,NonOverlappingTemplate,87,8,8,1.0,False,,False,  0   0   1   0   2   1   1   0   0   3     ----       8/8       NonOverlappingTemplate,0,0,1,0,2,1,1,0,0,3,pynacl,xor
pynacl_xor,8,103,NonOverlappingTemplate,88,8,8,1.0,False,,False,  0   2   0   1   0   2   3   0   0   0     ----       8/8       NonOverlappingTemplate,0,2,0,1,0,2,3,0,0,0,pynacl,xor
pynacl_xor,8,104,NonOverlappingTemplate,89,8,8,1.0,False,,False,  0   2   1   2   0   0   1   1   1   0     ----       8/8       NonOverlappingTemplate,0,2,1,2,0,0,1,1,1,0,pynacl,xor
pynacl_xor,8,105,NonOverlappingTemplate,90,8,8,1.0,False,,False,  0   2   1   0   2   1   0   1   0   1     ----       8/8       NonOverlappingTemplate,0,2,1,0,2,1,0,1,0,1,pynacl,xor
pynacl_xor,8,106,NonOverlappingTemplate,91,8,8,1.0,False,,False,  2   1   0   0   0   0   2   3   0   0     ----       8/8       NonOverlappingTemplate,2,1,0,0,0,0,2,3,0,0,pynacl,xor
pynacl_xor,8,107,NonOverlappingTemplate,92,8,8,1.0,False,,False,  1   0   0   0   2   2   2   1   0   0     ----       8/8       NonOverlappingTemplate,1,0,0,0,2,2,2,1,0,0,pynacl,xor
pynacl_xor,8,108,NonOverlappingTemplate,93,8,8,1.0,False,,False,  1   1   0   0   2   1   0   1   0   2     ----       8/8       NonOverlappingTemplate,1,1,0,0,2,1,0,1,0,2,pynacl,xor
pynacl_xor,8,109,NonOverlappingTemplate,94,8,8,1.0,False,,False,  0   0   2   1   0   1   0   2   1   1     ----       8/8       NonOverlappingTemplate,0,0,2,1,0,1,0,2,1,1,pynacl,xor
pynacl_xor,8,110,NonOverlappingTemplate,95,8,8,1.0,False,,False,  1   0   0   0   1   1   2   1   2   0     ----       8/8       NonOverlappingTemplate,1,0,0,0,1,1,2,1,2,0,pynacl,xor
pynacl_xor,8,111,NonOverlappingTemplate,96,7,8,0.875,False,,False,  2   0   0   0   1   2   1   1   1   0     ----       7/8       NonOverlappingTemplate,2,0,0,0,1,2,1,1,1,0,pynacl,xor
pynacl_xor,8,112,NonOverlappingTemplate,97,8,8,1.0,False,,False,  1   1   1   0   0   2   1   1   1   0     ----       8/8       NonOverlappingTemplate,1,1,1,0,0,2,1,1,1,0,pynacl,xor
pynacl_xor,8,113,NonOverlappingTemplate,98,8,8,1.0,False,,False,  1   1   2   1   0   0   1   0   1   1     ----       8/8       NonOverlappingTemplate,1,1,2,1,0,0,1,0,1,1,pynacl,xor
pynacl_xor,8,114,NonOverlappingTemplate,99,7,8,0.875,False,,False,  1   1   1   0   1   0   0   1   1   2     ----       7/8       NonOverlappingTemplate,1,1,1,0,1,0,0,1,1,2,pynacl,xor
pynacl_xor,8,115,NonOverlappingTemplate,100,8,8,1.0,False,,False,  0   0   2   2   0   2   0   1   0   1     ----       8/8       NonOverlappingTemplate,0,0,2,2,0,2,0,1,0,1,pynacl,xor
pynacl_xor,8,116,NonOverlappingTemplate,101,8,8,1.0,False,,False,  3   0   0   0   1   2   1   1   0   0     ----       8/8       NonOverlappingTemplate,3,0,0,0,1,2,1,1,0,0,pynacl,xor
pynacl_xor,8,117,NonOverlappingTemplate,102,7,8,0.875,False,,False,  1   0   0   1   1   2   2   0   0   1     ----       7/8       NonOverlappingTemplate,1,0,0,1,1,2,2,0,0,1,pynacl,xor
pynacl_xor,8,118,NonOverlappingTemplate,103,8,8,1.0,False,,False,  0   2   1   0   0   1   1   1   0   2     ----       8/8       NonOverlappingTemplate,0,2,1,0,0,1,1,1,0,2,pynacl,xor
pynacl_xor,8,119,NonOverlappingTemplate,104,8,8,1.0,False,,False,  1   0   0   2   2   2   1   0   0   0     ----       8/8       NonOverlappingTemplate,1,0,0,2,2,2,1,0,0,0,pynacl,xor
pynacl_xor,8,120,NonOverlappingTemplate,105,8,8,1.0,False,,False,  1   0   1   1   1   1   0   3   0   0     ----       8/8       NonOverlappingTemplate,1,0,1,1,1,1,0,3,0,0,pynacl,xor
pynacl_xor,8,121,NonOverlappingTemplate,106,8,8,1.0,False,,False,  1   0   1   2   0   3   0   0   1   0     ----       8/8       NonOverlappingTemplate,1,0,1,2,0,3,0,0,1,0,pynacl,xor
pynacl_xor,8,122,NonOverlappingTemplate,107,8,8,1.0,False,,False,  0   1   0   1   1   2   1   1   1   0     ----       8/8       NonOverlappingTemplate,0,1,0,1,1,2,1,1,1,0,pynacl,xor
pynacl_xor,8,123,NonOverlappingTemplate,108,8,8,1.0,False,,False,  1   1   0   1   0   2   1   1   1   0     ----       8/8       NonOverlappingTemplate,1,1,0,1,0,2,1,1,1,0,pynacl,xor
pynacl_xor,8,124,NonOverlappingTemplate,109,7,8,0.875,False,,False,  1   2   0   3   0   0   0   0   2   0     ----       7/8       NonOverlappingTemplate,1,2,0,3,0,0,0,0,2,0,pynacl,xor
pynacl_xor,8,125,NonOverlappingTemplate,110,8,8,1.0,False,,False,  1   1   0   2   2   1   0   0   1   0     ----       8/8       NonOverlappingTemplate,1,1,0,2,2,1,0,0,1,0,pynacl,xor
pynacl_xor,8,126,NonOverlappingTemplate,111,8,8,1.0,False,,False,  0   1   1   1   1   1   0   2   0   1     ----       8/8       NonOverlappingTemplate,0,1,1,1,1,1,0,2,0,1,pynacl,xor
pynacl_xor,8,127,NonOverlappingTemplate,112,8,8,1.0,False,,False,  0   1   1   0   1   0   1   2   1   1     ----       8/8       NonOverlappingTemplate,0,1,1,0,1,0,1,2,1,1,pynacl,xor
pynacl_xor,8,128,NonOverlappingTemplate,113,8,8,1.0,False,,False,  0   1   2   1   0   3   0   1   0   0     ----       8/8       NonOverlappingTemplate,0,1,2,1,0,3,0,1,0,0,pynacl,xor
pynacl_xor,8,129,NonOverlappingTemplate,114,8,8,1.0,False,,False,  0   2   0   0   0   1   2   0   3   0     ----       8/8       NonOverlappingTemplate,0,2,0,0,0,1,2,0,3,0,pynacl,xor
pynacl_xor,8,130,NonOverlappingTemplate,115,8,8,1.0,False,,False,  1   1   1   0   1   3   0   0   1   0     ----       8/8       NonOverlappingTemplate,1,1,1,0,1,3,0,0,1,0,pynacl,xor
pynacl_xor,8,131,NonOverlappingTemplate,116,8,8,1.0,False,,False,  1   0   0   2   0   1   3   0   0   1     ----       8/8       NonOverlappingTemplate,1,0,0,2,0,1,3,0,0,1,pynacl,xor
pynacl_xor,8,132,NonOverlappingTemplate,117,8,8,1.0,False,,False,  0   1   0   0   3   1   1   1   0   1     ----       8/8       NonOverlappingTemplate,0,1,0,0,3,1,1,1,0,1,pynacl,xor
pynacl_xor,8,133,NonOverlappingTemplate,118,8,8,1.0,False,,False,  1   1   0   0   1   1   1   2   1   0     ----       8/8       NonOverlappingTemplate,1,1,0,0,1,1,1,2,1,0,pynacl,xor
pynacl_xor,8,134,NonOverlappingTemplate,119,8,8,1.0,False,,False,  1   2   0   0   0   1   1   1   1   1     ----       8/8       NonOverlappingTemplate,1,2,0,0,0,1,1,1,1,1,pynacl,xor
pynacl_xor,8,135,NonOverlappingTemplate,120,7,8,0.875,False,,False,  1   0   1   1   3   0   0   2   0   0     ----       7/8       NonOverlappingTemplate,1,0,1,1,3,0,0,2,0,0,pynacl,xor
pynacl_xor,8,136,NonOverlappingTemplate,121,7,8,0.875,False,,False,  1   0   0   1   1   2   1   1   0   1     ----       7/8       NonOverlappingTemplate,1,0,0,1,1,2,1,1,0,1,pynacl,xor
pynacl_xor,8,137,NonOverlappingTemplate,122,8,8,1.0,False,,False,  0   1   0   0   0   1   3   2   1   0     ----       8/8       NonOverlappingTemplate,0,1,0,0,0,1,3,2,1,0,pynacl,xor
pynacl_xor,8,138,NonOverlappingTemplate,123,8,8,1.0,False,,False,  0   0   0   1   0   1   2   2   1   1     ----       8/8       NonOverlappingTemplate,0,0,0,1,0,1,2,2,1,1,pynacl,xor
pynacl_xor,8,139,NonOverlappingTemplate,124,8,8,1.0,False,,False,  0   1   0   2   0   1   3   1   0   0     ----       8/8       NonOverlappingTemplate,0,1,0,2,0,1,3,1,0,0,pynacl,xor
pynacl_xor,8,140,NonOverlappingTemplate,125,8,8,1.0,False,,False,  0   0   2   1   0   0   2   1   1   1     ----       8/8       NonOverlappingTemplate,0,0,2,1,0,0,2,1,1,1,pynacl,xor
pynacl_xor,8,141,NonOverlappingTemplate,126,8,8,1.0,False,,False,  0   1   1   1   0   2   1   0   1   1     ----       8/8       NonOverlappingTemplate,0,1,1,1,0,2,1,0,1,1,pynacl,xor
pynacl_xor,8,142,NonOverlappingTemplate,127,8,8,1.0,False,,False,  2   0   1   3   0   0   1   0   0   1     ----       8/8       NonOverlappingTemplate,2,0,1,3,0,0,1,0,0,1,pynacl,xor
pynacl_xor,8,143,NonOverlappingTemplate,128,8,8,1.0,False,,False,  1   0   2   0   0   1   0   0   2   2     ----       8/8       NonOverlappingTemplate,1,0,2,0,0,1,0,0,2,2,pynacl,xor
pynacl_xor,8,144,NonOverlappingTemplate,129,8,8,1.0,False,,False,  1   0   0   1   0   0   1   1   3   1     ----       8/8       NonOverlappingTemplate,1,0,0,1,0,0,1,1,3,1,pynacl,xor
pynacl_xor,8,145,NonOverlappingTemplate,130,8,8,1.0,False,,False,  0   2   1   2   0   0   2   1   0   0     ----       8/8       NonOverlappingTemplate,0,2,1,2,0,0,2,1,0,0,pynacl,xor
pynacl_xor,8,146,NonOverlappingTemplate,131,8,8,1.0,False,,False,  0   2   0   1   0   1   0   2   2   0     ----       8/8       NonOverlappingTemplate,0,2,0,1,0,1,0,2,2,0,pynacl,xor
pynacl_xor,8,147,NonOverlappingTemplate,132,8,8,1.0,False,,False,  0   2   1   0   0   0   3   1   1   0     ----       8/8       NonOverlappingTemplate,0,2,1,0,0,0,3,1,1,0,pynacl,xor
pynacl_xor,8,148,NonOverlappingTemplate,133,8,8,1.0,False,,False,  1   0   1   0   0   0   1   2   2   1     ----       8/8       NonOverlappingTemplate,1,0,1,0,0,0,1,2,2,1,pynacl,xor
pynacl_xor,8,149,NonOverlappingTemplate,134,8,8,1.0,False,,False,  1   2   1   0   0   2   0   0   0   2     ----       8/8       NonOverlappingTemplate,1,2,1,0,0,2,0,0,0,2,pynacl,xor
pynacl_xor,8,150,NonOverlappingTemplate,135,8,8,1.0,False,,False,  0   1   1   1   0   1   2   0   2   0     ----       8/8       NonOverlappingTemplate,0,1,1,1,0,1,2,0,2,0,pynacl,xor
pynacl_xor,8,151,NonOverlappingTemplate,136,8,8,1.0,False,,False,  0   2   0   1   1   1   1   2   0   0     ----       8/8       NonOverlappingTemplate,0,2,0,1,1,1,1,2,0,0,pynacl,xor
pynacl_xor,8,152,NonOverlappingTemplate,137,8,8,1.0,False,,False,  0   1   0   0   2   2   0   2   0   1     ----       8/8       NonOverlappingTemplate,0,1,0,0,2,2,0,2,0,1,pynacl,xor
pynacl_xor,8,153,NonOverlappingTemplate,138,8,8,1.0,False,,False,  0   2   0   1   1   0   1   1   1   1     ----       8/8       NonOverlappingTemplate,0,2,0,1,1,0,1,1,1,1,pynacl,xor
pynacl_xor,8,154,NonOverlappingTemplate,139,8,8,1.0,False,,False,  2   1   1   1   0   0   1   0   0   2     ----       8/8       NonOverlappingTemplate,2,1,1,1,0,0,1,0,0,2,pynacl,xor
pynacl_xor,8,155,NonOverlappingTemplate,140,8,8,1.0,False,,False,  2   0   2   0   1   1   1   0   0   1     ----       8/8       NonOverlappingTemplate,2,0,2,0,1,1,1,0,0,1,pynacl,xor
pynacl_xor,8,156,NonOverlappingTemplate,141,8,8,1.0,False,,False,  2   0   0   0   1   1   2   1   0   1     ----       8/8       NonOverlappingTemplate,2,0,0,0,1,1,2,1,0,1,pynacl,xor
pynacl_xor,8,157,NonOverlappingTemplate,142,8,8,1.0,False,,False,  1   0   1   3   0   0   2   1   0   0     ----       8/8       NonOverlappingTemplate,1,0,1,3,0,0,2,1,0,0,pynacl,xor
pynacl_xor,8,158,NonOverlappingTemplate,143,8,8,1.0,False,,False,  1   0   1   0   1   1   2   1   1   0     ----       8/8       NonOverlappingTemplate,1,0,1,0,1,1,2,1,1,0,pynacl,xor
pynacl_xor,8,159,NonOverlappingTemplate,144,8,8,1.0,False,,False,  0   0   1   1   2   0   1   1   2   0     ----       8/8       NonOverlappingTemplate,0,0,1,1,2,0,1,1,2,0,pynacl,xor
pynacl_xor,8,160,NonOverlappingTemplate,145,8,8,1.0,False,,False,  2   1   0   1   2   2   0   0   0   0     ----       8/8       NonOverlappingTemplate,2,1,0,1,2,2,0,0,0,0,pynacl,xor
pynacl_xor,8,161,NonOverlappingTemplate,146,8,8,1.0,False,,False,  2   0   1   1   0   0   0   1   0   3     ----       8/8       NonOverlappingTemplate,2,0,1,1,0,0,0,1,0,3,pynacl,xor
pynacl_xor,8,162,NonOverlappingTemplate,147,7,8,0.875,False,,False,  1   0   2   1   1   0   0   2   0   1     ----       7/8       NonOverlappingTemplate,1,0,2,1,1,0,0,2,0,1,pynacl,xor
pynacl_xor,8,163,NonOverlappingTemplate,148,7,8,0.875,False,,False,  1   2   0   0   0   0   1   0   3   1     ----       7/8       NonOverlappingTemplate,1,2,0,0,0,0,1,0,3,1,pynacl,xor
pynacl_xor,8,164,OverlappingTemplate,1,8,8,1.0,False,,False,  1   2   1   1   1   0   0   0   1   1     ----       8/8       OverlappingTemplate,1,2,1,1,1,0,0,0,1,1,pynacl,xor
pynacl_xor,8,165,Universal,1,8,8,1.0,False,,False,  0   0   0   3   1   1   0   0   2   1     ----       8/8       Universal,0,0,0,3,1,1,0,0,2,1,pynacl,xor
pynacl_xor,8,166,ApproximateEntropy,1,8,8,1.0,False,,False,  0   2   1   0   0   1   2   0   2   0     ----       8/8       ApproximateEntropy,0,2,1,0,0,1,2,0,2,0,pynacl,xor
pynacl_xor,8,167,RandomExcursions,1,5,5,1.0,False,,False,  0   0   1   0   0   2   0   1   0   1     ----       5/5       RandomExcursions,0,0,1,0,0,2,0,1,0,1,pynacl,xor
pynacl_xor,8,168,RandomExcursions,2,5,5,1.0,False,,False,  0   1   2   0   1   0   1   0   0   0     ----       5/5       RandomExcursions,0,1,2,0,1,0,1,0,0,0,pynacl,xor
pynacl_xor,8,169,RandomExcursions,3,5,5,1.0,False,,False,  1   1   0   0   2   0   1   0   0   0     ----       5/5       RandomExcursions,1,1,0,0,2,0,1,0,0,0,pynacl,xor
pynacl_xor,8,170,RandomExcursions,4,5,5,1.0,False,,False,  0   0   1   2   0   2   0   0   0   0     ----       5/5       RandomExcursions,0,0,1,2,0,2,0,0,0,0,pynacl,xor
pynacl_xor,8,171,RandomExcursions,5,5,5,1.0,False,,False,  0   1   0   0   0   2   0   1   0   1     ----       5/5       RandomExcursions,0,1,0,0,0,2,0,1,0,1,pynacl,xor
pynacl_xor,8,172,RandomExcursions,6,5,5,1.0,False,,False,  0   1   0   2   1   0   1   0   0   0     ----       5/5       RandomExcursions,0,1,0,2,1,0,1,0,0,0,pynacl,xor
pynacl_xor,8,173,RandomExcursions,7,5,5,1.0,False,,False,  1   0   0   4   0   0   0   0   0   0     ----       5/5       RandomExcursions,1,0,0,4,0,0,0,0,0,0,pynacl,xor
pynacl_xor,8,174,RandomExcursions,8,5,5,1.0,False,,False,  2   0   1   0   1   0   0   0   0   1     ----       5/5       RandomExcursions,2,0,1,0,1,0,0,0,0,1,pynacl,xor
pynacl_xor,8,175,RandomExcursionsVariant,1,5,5,1.0,False,,False,  0   0   1   0   0   0   1   2   0   1     ----       5/5       RandomExcursionsVariant,0,0,1,0,0,0,1,2,0,1,pynacl,xor
pynacl_xor,8,176,RandomExcursionsVariant,2,5,5,1.0,False,,False,  0   0   1   0   0   0   1   1   0   2     ----       5/5       RandomExcursionsVariant,0,0,1,0,0,0,1,1,0,2,pynacl,xor
pynacl_xor,8,177,RandomExcursionsVariant,3,5,5,1.0,False,,False,  0   0   1   0   1   0   2   0   1   0     ----       5/5       RandomExcursionsVariant,0,0,1,0,1,0,2,0,1,0,pynacl,xor
pynacl_xor,8,178,RandomExcursionsVariant,4,5,5,1.0,False,,False,  0   0   2   1   0   0   0   1   1   0     ----       5/5       RandomExcursionsVariant,0,0,2,1,0,0,0,1,1,0,pynacl,xor
pynacl_xor,8,179,RandomExcursionsVariant,5,5,5,1.0,False,,False,  0   1   0   1   1   0   0   1   0   1     ----       5/5       RandomExcursionsVariant,0,1,0,1,1,0,0,1,0,1,pynacl,xor
pynacl_xor,8,180,RandomExcursionsVariant,6,5,5,1.0,False,,False,  0   1   1   1   0   0   0   0   2   0     ----       5/5       RandomExcursionsVariant,0,1,1,1,0,0,0,0,2,0,pynacl,xor
pynacl_xor,8,181,RandomExcursionsVariant,7,5,5,1.0,False,,False,  0   0   2   1   0   1   0   0   1   0     ----       5/5       RandomExcursionsVariant,0,0,2,1,0,1,0,0,1,0,pynacl,xor
pynacl_xor,8,182,RandomExcursionsVariant,8,5,5,1.0,False,,False,  0   0   2   2   0   1   0   0   0   0     ----       5/5       RandomExcursionsVariant,0,0,2,2,0,1,0,0,0,0,pynacl,xor
pynacl_xor,8,183,RandomExcursionsVariant,9,5,5,1.0,False,,False,  0   0   1   2   0   1   0   0   0   1     ----       5/5       RandomExcursionsVariant,0,0,1,2,0,1,0,0,0,1,pynacl,xor
pynacl_xor,8,184,RandomExcursionsVariant,10,5,5,1.0,False,,False,  1   2   0   0   0   0   1   0   0   1     ----       5/5       RandomExcursionsVariant,1,2,0,0,0,0,1,0,0,1,pynacl,xor
pynacl_xor,8,185,RandomExcursionsVariant,11,5,5,1.0,False,,False,  1   1   1   0   0   1   0   1   0   0     ----       5/5       RandomExcursionsVariant,1,1,1,0,0,1,0,1,0,0,pynacl,xor
pynacl_xor,8,186,RandomExcursionsVariant,12,5,5,1.0,False,,False,  1   1   1   1   0   0   0   0   1   0     ----       5/5       RandomExcursionsVariant,1,1,1,1,0,0,0,0,1,0,pynacl,xor
pynacl_xor,8,187,RandomExcursionsVariant,13,5,5,1.0,False,,False,  1   1   1   0   0   1   0   0   0   1     ----       5/5       RandomExcursionsVariant,1,1,1,0,0,1,0,0,0,1,pynacl,xor
pynacl_xor,8,188,RandomExcursionsVariant,14,5,5,1.0,False,,False,  1   1   1   0   0   1   0   0   0   1     ----       5/5       RandomExcursionsVariant,1,1,1,0,0,1,0,0,0,1,pynacl,xor
pynacl_xor,8,189,RandomExcursionsVariant,15,5,5,1.0,False,,False,  0   1   1   1   1   0   1   0   0   0     ----       5/5       RandomExcursionsVariant,0,1,1,1,1,0,1,0,0,0,pynacl,xor
pynacl_xor,8,190,RandomExcursionsVariant,16,5,5,1.0,False,,False,  0   0   1   0   2   1   0   0   0   1     ----       5/5       RandomExcursionsVariant,0,0,1,0,2,1,0,0,0,1,pynacl,xor
pynacl_xor,8,191,RandomExcursionsVariant,17,5,5,1.0,False,,False,  0   0   1   0   2   1   1   0   0   0     ----       5/5       RandomExcursionsVariant,0,0,1,0,2,1,1,0,0,0,pynacl,xor
pynacl_xor,8,192,RandomExcursionsVariant,18,5,5,1.0,False,,False,  0   1   0   1   0   2   1   0   0   0     ----       5/5       RandomExcursionsVariant,0,1,0,1,0,2,1,0,0,0,pynacl,xor
pynacl_xor,8,193,Serial,1,8,8,1.0,False,,False,  1   3   1   1   1   0   0   0   1   0     ----       8/8       Serial,1,3,1,1,1,0,0,0,1,0,pynacl,xor
pynacl_xor,8,194,Serial,2,8,8,1.0,False,,False,  1   2   0   1   2   0   1   1   0   0     ----       8/8       Serial,1,2,0,1,2,0,1,1,0,0,pynacl,xor
pynacl_xor,8,195,LinearComplexity,1,8,8,1.0,False,,False,  1   1   1   3   1   0   0   0   1   0     ----       8/8       LinearComplexity,1,1,1,3,1,0,0,0,1,0,pynacl,xor
python_random_raw,8,8,Frequency,1,8,8,1.0,False,,False,  0   1   0   1   3   0   2   0   1   0     ----       8/8       Frequency,0,1,0,1,3,0,2,0,1,0,python_random,raw
python_random_raw,8,9,BlockFrequency,1,8,8,1.0,False,,False,  0   0   2   1   3   0   1   1   0   0     ----       8/8       BlockFrequency,0,0,2,1,3,0,1,1,0,0,python_random,raw
python_random_raw,8,10,CumulativeSums,1,8,8,1.0,False,,False,  1   0   1   1   1   0   0   1   1   2     ----       8/8       CumulativeSums,1,0,1,1,1,0,0,1,1,2,python_random,raw
python_random_raw,8,11,CumulativeSums,2,8,8,1.0,False,,False,  0   1   0   1   1   1   1   1   0   2     ----       8/8       CumulativeSums,0,1,0,1,1,1,1,1,0,2,python_random,raw
python_random_raw,8,12,Runs,1,8,8,1.0,False,,False,  0   1   1   0   0   2   1   2   0   1     ----       8/8       Runs,0,1,1,0,0,2,1,2,0,1,python_random,raw
python_random_raw,8,13,LongestRun,1,8,8,1.0,False,,False,  0   2   1   0   2   0   0   2   0   1     ----       8/8       LongestRun,0,2,1,0,2,0,0,2,0,1,python_random,raw
python_random_raw,8,14,Rank,1,8,8,1.0,False,,False,  1   0   1   0   1   2   1   0   2   0     ----       8/8       Rank,1,0,1,0,1,2,1,0,2,0,python_random,raw
python_random_raw,8,15,FFT,1,8,8,1.0,False,,False,  0   2   1   0   1   0   1   2   0   1     ----       8/8       FFT,0,2,1,0,1,0,1,2,0,1,python_random,raw
python_random_raw,8,16,NonOverlappingTemplate,1,8,8,1.0,False,,False,  1   0   1   0   3   1   0   1   1   0     ----       8/8       NonOverlappingTemplate,1,0,1,0,3,1,0,1,1,0,python_random,raw
python_random_raw,8,17,NonOverlappingTemplate,2,8,8,1.0,False,,False,  0   1   1   3   1   0   1   1   0   0     ----       8/8       NonOverlappingTemplate,0,1,1,3,1,0,1,1,0,0,python_random,raw
python_random_raw,8,18,NonOverlappingTemplate,3,8,8,1.0,False,,False,  0   0   0   1   2   1   1   1   0   2     ----       8/8       NonOverlappingTemplate,0,0,0,1,2,1,1,1,0,2,python_random,raw
python_random_raw,8,19,NonOverlappingTemplate,4,8,8,1.0,False,,False,  0   1   0   0   2   0   2   1   0   2     ----       8/8       NonOverlappingTemplate,0,1,0,0,2,0,2,1,0,2,python_random,raw
python_random_raw,8,20,NonOverlappingTemplate,5,8,8,1.0,False,,False,  0   1   1   0   1   1   0   2   2   0     ----       8/8       NonOverlappingTemplate,0,1,1,0,1,1,0,2,2,0,python_random,raw
python_random_raw,8,21,NonOverlappingTemplate,6,7,8,0.875,False,,False,  1   0   1   0   0   1   2   1   1   1     ----       7/8       NonOverlappingTemplate,1,0,1,0,0,1,2,1,1,1,python_random,raw
python_random_raw,8,22,NonOverlappingTemplate,7,8,8,1.0,False,,False,  0   2   1   1   0   1   1   1   1   0     ----       8/8       NonOverlappingTemplate,0,2,1,1,0,1,1,1,1,0,python_random,raw
python_random_raw,8,23,NonOverlappingTemplate,8,8,8,1.0,False,,False,  0   2   0   0   2   2   1   0   0   1     ----       8/8       NonOverlappingTemplate,0,2,0,0,2,2,1,0,0,1,python_random,raw
python_random_raw,8,24,NonOverlappingTemplate,9,8,8,1.0,False,,False,  1   2   0   0   0   1   2   0   1   1     ----       8/8       NonOverlappingTemplate,1,2,0,0,0,1,2,0,1,1,python_random,raw
python_random_raw,8,25,NonOverlappingTemplate,10,8,8,1.0,False,,False,  1   0   1   2   1   0   1   1   0   1     ----       8/8       NonOverlappingTemplate,1,0,1,2,1,0,1,1,0,1,python_random,raw
python_random_raw,8,26,NonOverlappingTemplate,11,8,8,1.0,False,,False,  0   0   1   1   0   4   1   0   1   0     ----       8/8       NonOverlappingTemplate,0,0,1,1,0,4,1,0,1,0,python_random,raw
python_random_raw,8,27,NonOverlappingTemplate,12,8,8,1.0,False,,False,  1   1   2   0   2   0   2   0   0   0     ----       8/8       NonOverlappingTemplate,1,1,2,0,2,0,2,0,0,0,python_random,raw
python_random_raw,8,28,NonOverlappingTemplate,13,8,8,1.0,False,,False,  0   1   3   0   2   0   0   0   1   1     ----       8/8       NonOverlappingTemplate,0,1,3,0,2,0,0,0,1,1,python_random,raw
python_random_raw,8,29,NonOverlappingTemplate,14,8,8,1.0,False,,False,  1   0   0   2   0   0   0   2   2   1     ----       8/8       NonOverlappingTemplate,1,0,0,2,0,0,0,2,2,1,python_random,raw
python_random_raw,8,30,NonOverlappingTemplate,15,8,8,1.0,False,,False,  1   1   0   1   2   0   2   1   0   0     ----       8/8       NonOverlappingTemplate,1,1,0,1,2,0,2,1,0,0,python_random,raw
python_random_raw,8,31,NonOverlappingTemplate,16,8,8,1.0,False,,False,  0   4   0   0   1   1   0   0   1   1     ----       8/8       NonOverlappingTemplate,0,4,0,0,1,1,0,0,1,1,python_random,raw
python_random_raw,8,32,NonOverlappingTemplate,17,8,8,1.0,False,,False,  2   0   1   2   1   0   0   1   1   0     ----       8/8       NonOverlappingTemplate,2,0,1,2,1,0,0,1,1,0,python_random,raw
python_random_raw,8,33,NonOverlappingTemplate,18,8,8,1.0,False,,False,  0   1   0   0   1   3   0   1   1   1     ----       8/8       NonOverlappingTemplate,0,1,0,0,1,3,0,1,1,1,python_random,raw
python_random_raw,8,34,NonOverlappingTemplate,19,8,8,1.0,False,,False,  0   0   1   1   2   2   0   2   0   0     ----       8/8       NonOverlappingTemplate,0,0,1,1,2,2,0,2,0,0,python_random,raw
python_random_raw,8,35,NonOverlappingTemplate,20,8,8,1.0,False,,False,  0   1   2   1   1   0   1   0   2   0     ----       8/8       NonOverlappingTemplate,0,1,2,1,1,0,1,0,2,0,python_random,raw
python_random_raw,8,36,NonOverlappingTemplate,21,8,8,1.0,False,,False,  0   0   0   1   0   2   1   3   1   0     ----       8/8       NonOverlappingTemplate,0,0,0,1,0,2,1,3,1,0,python_random,raw
python_random_raw,8,37,NonOverlappingTemplate,22,7,8,0.875,False,,False,  1   1   0   1   0   1   0   1   2   1     ----       7/8       NonOverlappingTemplate,1,1,0,1,0,1,0,1,2,1,python_random,raw
python_random_raw,8,38,NonOverlappingTemplate,23,8,8,1.0,False,,False,  1   2   0   1   0   2   0   2   0   0     ----       8/8       NonOverlappingTemplate,1,2,0,1,0,2,0,2,0,0,python_random,raw
python_random_raw,8,39,NonOverlappingTemplate,24,7,8,0.875,False,,False,  2   0   1   0   0   0   1   1   1   2     ----       7/8       NonOverlappingTemplate,2,0,1,0,0,0,1,1,1,2,python_random,raw
python_random_raw,8,40,NonOverlappingTemplate,25,8,8,1.0,False,,False,  2   0   3   0   1   1   0   0   0   1     ----       8/8       NonOverlappingTemplate,2,0,3,0,1,1,0,0,0,1,python_random,raw
python_random_raw,8,41,NonOverlappingTemplate,26,8,8,1.0,False,,False,  0   0   2   1   1   2   1   1   0   0     ----       8/8       NonOverlappingTemplate,0,0,2,1,1,2,1,1,0,0,python_random,raw
python_random_raw,8,42,NonOverlappingTemplate,27,8,8,1.0,False,,False,  2   0   1   0   0   0   0   1   2   2     ----       8/8       NonOverlappingTemplate,2,0,1,0,0,0,0,1,2,2,python_random,raw
python_random_raw,8,43,NonOverlappingTemplate,28,8,8,1.0,False,,False,  0   0   0   1   0   1   2   2   1   1     ----       8/8       NonOverlappingTemplate,0,0,0,1,0,1,2,2,1,1,python_random,raw
python_random_raw,8,44,NonOverlappingTemplate,29,8,8,1.0,False,,False,  0   1   1   1   0   1   1   1   1   1     ----       8/8       NonOverlappingTemplate,0,1,1,1,0,1,1,1,1,1,python_random,raw
python_random_raw,8,45,NonOverlappingTemplate,30,8,8,1.0,False,,False,  0   3   0   0   2   0   0   0   1   2     ----       8/8       NonOverlappingTemplate,0,3,0,0,2,0,0,0,1,2,python_random,raw
python_random_raw,8,46,NonOverlappingTemplate,31,8,8,1.0,False,,False,  2   1   2   0   0   0   0   1   2   0     ----       8/8       NonOverlappingTemplate,2,1,2,0,0,0,0,1,2,0,python_random,raw
python_random_raw,8,47,NonOverlappingTemplate,32,8,8,1.0,False,,False,  0   0   2   1   1   1   0   1   0   2     ----       8/8       NonOverlappingTemplate,0,0,2,1,1,1,0,1,0,2,python_random,raw
python_random_raw,8,48,NonOverlappingTemplate,33,8,8,1.0,False,,False,  1   1   3   1   0   1   0   0   0   1     ----       8/8       NonOverlappingTemplate,1,1,3,1,0,1,0,0,0,1,python_random,raw
python_random_raw,8,49,NonOverlappingTemplate,34,8,8,1.0,False,,False,  0   2   2   0   1   1   0   1   0   1     ----       8/8       NonOverlappingTemplate,0,2,2,0,1,1,0,1,0,1,python_random,raw
python_random_raw,8,50,NonOverlappingTemplate,35,8,8,1.0,False,,False,  0   3   0   1   0   2   1   1   0   0     ----       8/8       NonOverlappingTemplate,0,3,0,1,0,2,1,1,0,0,python_random,raw
python_random_raw,8,51,NonOverlappingTemplate,36,8,8,1.0,False,,False,  1   0   1   1   0   2   2   1   0   0     ----       8/8       NonOverlappingTemplate,1,0,1,1,0,2,2,1,0,0,python_random,raw
python_random_raw,8,52,NonOverlappingTemplate,37,8,8,1.0,False,,False,  0   1   0   1   2   0   1   0   0   3     ----       8/8       NonOverlappingTemplate,0,1,0,1,2,0,1,0,0,3,python_random,raw
python_random_raw,8,53,NonOverlappingTemplate,38,8,8,1.0,False,,False,  1   0   1   0   0   1   1   2   0   2     ----       8/8       NonOverlappingTemplate,1,0,1,0,0,1,1,2,0,2,python_random,raw
python_random_raw,8,54,NonOverlappingTemplate,39,8,8,1.0,False,,False,  0   2   0   0   0   2   1   0   1   2     ----       8/8       NonOverlappingTemplate,0,2,0,0,0,2,1,0,1,2,python_random,raw
python_random_raw,8,55,NonOverlappingTemplate,40,8,8,1.0,False,,False,  0   1   0   1   1   1   0   1   1   2     ----       8/8       NonOverlappingTemplate,0,1,0,1,1,1,0,1,1,2,python_random,raw
python_random_raw,8,56,NonOverlappingTemplate,41,8,8,1.0,False,,False,  1   0   0   1   0   1   1   0   1   3     ----       8/8       NonOverlappingTemplate,1,0,0,1,0,1,1,0,1,3,python_random,raw
python_random_raw,8,57,NonOverlappingTemplate,42,8,8,1.0,False,,False,  3   0   2   0   0   2   0   0   1   0     ----       8/8       NonOverlappingTemplate,3,0,2,0,0,2,0,0,1,0,python_random,raw
python_random_raw,8,58,NonOverlappingTemplate,43,8,8,1.0,False,,False,  1   0   2   1   1   0   1   0   1   1     ----       8/8       NonOverlappingTemplate,1,0,2,1,1,0,1,0,1,1,python_random,raw
python_random_raw,8,59,NonOverlappingTemplate,44,7,8,0.875,False,,False,  1   1   0   0   2   2   1   1   0   0     ----       7/8       NonOverlappingTemplate,1,1,0,0,2,2,1,1,0,0,python_random,raw
python_random_raw,8,60,NonOverlappingTemplate,45,8,8,1.0,False,,False,  1   1   1   3   0   0   0   0   1   1     ----       8/8       NonOverlappingTemplate,1,1,1,3,0,0,0,0,1,1,python_random,raw
python_random_raw,8,61,NonOverlappingTemplate,46,7,8,0.875,False,,False,  1   2   2   2   0   0   0   0   0   1     ----       7/8       NonOverlappingTemplate,1,2,2,2,0,0,0,0,0,1,python_random,raw
python_random_raw,8,62,NonOverlappingTemplate,47,8,8,1.0,False,,False,  1   0   2   0   1   0   2   0   0   2     ----       8/8       NonOverlappingTemplate,1,0,2,0,1,0,2,0,0,2,python_random,raw
python_random_raw,8,63,NonOverlappingTemplate,48,8,8,1.0,False,,False,  1   1   0   0   1   2   1   1   0   1     ----       8/8       NonOverlappingTemplate,1,1,0,0,1,2,1,1,0,1,python_random,raw
python_random_raw,8,64,NonOverlappingTemplate,49,8,8,1.0,False,,False,  1   0   0   2   0   2   0   1   0   2     ----       8/8       NonOverlappingTemplate,1,0,0,2,0,2,0,1,0,2,python_random,raw
python_random_raw,8,65,NonOverlappingTemplate,50,8,8,1.0,False,,False,  0   0   1   0   0   1   2   1   0   3     ----       8/8       NonOverlappingTemplate,0,0,1,0,0,1,2,1,0,3,python_random,raw
python_random_raw,8,66,NonOverlappingTemplate,51,8,8,1.0,False,,False,  1   0   2   1   0   1   1   0   0   2     ----       8/8       NonOverlappingTemplate,1,0,2,1,0,1,1,0,0,2,python_random,raw
python_random_raw,8,67,NonOverlappingTemplate,52,8,8,1.0,False,,False,  2   0   0   1   0   0   2   2   1   0     ----       8/8       NonOverlappingTemplate,2,0,0,1,0,0,2,2,1,0,python_random,raw
python_random_raw,8,68,NonOverlappingTemplate,53,8,8,1.0,False,,False,  1   0   2   0   0   0   1   2   1   1     ----       8/8       NonOverlappingTemplate,1,0,2,0,0,0,1,2,1,1,python_random,raw
python_random_raw,8,69,NonOverlappingTemplate,54,8,8,1.0,False,,False,  1   0   2   2   2   1   0   0   0   0     ----       8/8       NonOverlappingTemplate,1,0,2,2,2,1,0,0,0,0,python_random,raw
python_random_raw,8,70,NonOverlappingTemplate,55,8,8,1.0,False,,False,  0   1   0   2   2   1   1   0   0   1     ----       8/8       NonOverlappingTemplate,0,1,0,2,2,1,1,0,0,1,python_random,raw
python_random_raw,8,71,NonOverlappingTemplate,56,8,8,1.0,False,,False,  1   3   0   0   0   0   1   2   0   1     ----       8/8       NonOverlappingTemplate,1,3,0,0,0,0,1,2,0,1,python_random,raw
python_random_raw,8,72,NonOverlappingTemplate,57,8,8,1.0,False,,False,  1   0   1   0   3   0   1   0   0   2     ----       8/8       NonOverlappingTemplate,1,0,1,0,3,0,1,0,0,2,python_random,raw
python_random_raw,8,73,NonOverlappingTemplate,58,8,8,1.0,False,,False,  1   0   0   2   0   0   0   0   2   3     ----       8/8       NonOverlappingTemplate,1,0,0,2,0,0,0,0,2,3,python_random,raw
python_random_raw,8,74,NonOverlappingTemplate,59,7,8,0.875,False,,False,  2   1   1   1   0   1   1   0   0   1     ----       7/8       NonOverlappingTemplate,2,1,1,1,0,1,1,0,0,1,python_random,raw
python_random_raw,8,75,NonOverlappingTemplate,60,8,8,1.0,False,,False,  0   0   1   1   2   0   0   1   0   3     ----       8/8       NonOverlappingTemplate,0,0,1,1,2,0,0,1,0,3,python_random,raw
python_random_raw,8,76,NonOverlappingTemplate,61,8,8,1.0,False,,False,  0   0   0   1   1   2   1   2   0   1     ----       8/8       NonOverlappingTemplate,0,0,0,1,1,2,1,2,0,1,python_random,raw
python_random_raw,8,77,NonOverlappingTemplate,62,8,8,1.0,False,,False,  0   1   1   1   1   1   1   2   0   0     ----       8/8       NonOverlappingTemplate,0,1,1,1,1,1,1,2,0,0,python_random,raw
python_random_raw,8,78,NonOverlappingTemplate,63,8,8,1.0,False,,False,  0   0   2   1   1   1   0   2   0   1     ----       8/8       NonOverlappingTemplate,0,0,2,1,1,1,0,2,0,1,python_random,raw
python_random_raw,8,79,NonOverlappingTemplate,64,8,8,1.0,False,,False,  0   1   2   0   0   1   1   2   0   1     ----       8/8       NonOverlappingTemplate,0,1,2,0,0,1,1,2,0,1,python_random,raw
python_random_raw,8,80,NonOverlappingTemplate,65,8,8,1.0,False,,False,  0   2   0   0   1   2   0   1   0   2     ----       8/8       NonOverlappingTemplate,0,2,0,0,1,2,0,1,0,2,python_random,raw
python_random_raw,8,81,NonOverlappingTemplate,66,8,8,1.0,False,,False,  0   0   0   1   1   1   0   2   2   1     ----       8/8       NonOverlappingTemplate,0,0,0,1,1,1,0,2,2,1,python_random,raw
python_random_raw,8,82,NonOverlappingTemplate,67,7,8,0.875,False,,False,  1   1   2   1   0   0   1   1   1   0     ----       7/8       NonOverlappingTemplate,1,1,2,1,0,0,1,1,1,0,python_random,raw
python_random_raw,8,83,NonOverlappingTemplate,68,8,8,1.0,False,,False,  0   0   0   2   3   0   2   1   0   0     ----       8/8       NonOverlappingTemplate,0,0,0,2,3,0,2,1,0,0,python_random,raw
python_random_raw,8,84,NonOverlappingTemplate,69,8,8,1.0,False,,False,  2   0   0   0   2   0   1   0   3   0     ----       8/8       NonOverlappingTemplate,2,0,0,0,2,0,1,0,3,0,python_random,raw
python_random_raw,8,85,NonOverlappingTemplate,70,8,8,1.0,False,,False,  3   2   0   0   1   1   0   0   0   1     ----       8/8       NonOverlappingTemplate,3,2,0,0,1,1,0,0,0,1,python_random,raw
python_random_raw,8,86,NonOverlappingTemplate,71,8,8,1.0,False,,False,  1   0   2   1   1   1   1   0   1   0     ----       8/8       NonOverlappingTemplate,1,0,2,1,1,1,1,0,1,0,python_random,raw
python_random_raw,8,87,NonOverlappingTemplate,72,8,8,1.0,False,,False,  0   1   0   1   0   0   2   3   0   1     ----       8/8       NonOverlappingTemplate,0,1,0,1,0,0,2,3,0,1,python_random,raw
python_random_raw,8,88,NonOverlappingTemplate,73,8,8,1.0,False,,False,  1   1   1   0   1   1   0   1   1   1     ----       8/8       NonOverlappingTemplate,1,1,1,0,1,1,0,1,1,1,python_random,raw
python_random_raw,8,89,NonOverlappingTemplate,74,8,8,1.0,False,,False,  1   0   1   2   1   0   0   1   2   0     ----       8/8       NonOverlappingTemplate,1,0,1,2,1,0,0,1,2,0,python_random,raw
python_random_raw,8,90,NonOverlappingTemplate,75,8,8,1.0,False,,False,  1   0   1   0   3   1   0   1   1   0     ----       8/8       NonOverlappingTemplate,1,0,1,0,3,1,0,1,1,0,python_random,raw
python_random_raw,8,91,NonOverlappingTemplate,76,8,8,1.0,False,,False,  0   2   0   0   2   0   0   0   3   1     ----       8/8       NonOverlappingTemplate,0,2,0,0,2,0,0,0,3,1,python_random,raw
python_random_raw,8,92,NonOverlappingTemplate,77,8,8,1.0,False,,False,  1   1   0   0   0   3   0   1   1   1     ----       8/8       NonOverlappingTemplate,1,1,0,0,0,3,0,1,1,1,python_random,raw
python_random_raw,8,93,NonOverlappingTemplate,78,8,8,1.0,False,,False,  0   1   0   3   1   0   1   1   0   1     ----       8/8       NonOverlappingTemplate,0,1,0,3,1,0,1,1,0,1,python_random,raw
python_random_raw,8,94,NonOverlappingTemplate,79,8,8,1.0,False,,False,  4   0   0   0   1   1   0   0   0   2     ----       8/8       NonOverlappingTemplate,4,0,0,0,1,1,0,0,0,2,python_random,raw
python_random_raw,8,95,NonOverlappingTemplate,80,8,8,1.0,False,,False,  0   0   0   2   1   0   0   3   1   1     ----       8/8       NonOverlappingTemplate,0,0,0,2,1,0,0,3,1,1,python_random,raw
python_random_raw,8,96,NonOverlappingTemplate,81,8,8,1.0,False,,False,  1   1   1   0   1   1   0   2   1   0     ----       8/8       NonOverlappingTemplate,1,1,1,0,1,1,0,2,1,0,python_random,raw
python_random_raw,8,97,NonOverlappingTemplate,82,8,8,1.0,False,,False,  0   3   0   1   1   2   0   0   1   0     ----       8/8       NonOverlappingTemplate,0,3,0,1,1,2,0,0,1,0,python_random,raw
python_random_raw,8,98,NonOverlappingTemplate,83,8,8,1.0,False,,False,  0   3   0   2   3   0   0   0   0   0     ----       8/8       NonOverlappingTemplate,0,3,0,2,3,0,0,0,0,0,python_random,raw
python_random_raw,8,99,NonOverlappingTemplate,84,8,8,1.0,False,,False,  1   1   0   1   0   0   1   2   1   1     ----       8/8       NonOverlappingTemplate,1,1,0,1,0,0,1,2,1,1,python_random,raw
python_random_raw,8,100,NonOverlappingTemplate,85,8,8,1.0,False,,False,  1   0   0   3   1   0   0   1   1   1     ----       8/8       NonOverlappingTemplate,1,0,0,3,1,0,0,1,1,1,python_random,raw
python_random_raw,8,101,NonOverlappingTemplate,86,8,8,1.0,False,,False,  0   1   2   2   1   0   1   1   0   0     ----       8/8       NonOverlappingTemplate,0,1,2,2,1,0,1,1,0,0,python_random,raw
python_random_raw,8,102,NonOverlappingTemplate,87,8,8,1.0,False,,False,  0   1   1   0   0   3   0   2   1   0     ----       8/8       NonOverlappingTemplate,0,1,1,0,0,3,0,2,1,0,python_random,raw
python_random_raw,8,103,NonOverlappingTemplate,88,8,8,1.0,False,,False,  2   1   0   1   0   2   0   1   0   1     ----       8/8       NonOverlappingTemplate,2,1,0,1,0,2,0,1,0,1,python_random,raw
python_random_raw,8,104,NonOverlappingTemplate,89,8,8,1.0,False,,False,  1   0   0   0   0   1   1   2   2   1     ----       8/8       NonOverlappingTemplate,1,0,0,0,0,1,1,2,2,1,python_random,raw
python_random_raw,8,105,NonOverlappingTemplate,90,8,8,1.0,False,,False,  0   2   1   0   2   0   0   3   0   0     ----       8/8       NonOverlappingTemplate,0,2,1,0,2,0,0,3,0,0,python_random,raw
python_random_raw,8,106,NonOverlappingTemplate,91,7,8,0.875,False,,False,  1   1   1   1   1   1   1   1   0   0     ----       7/8       NonOverlappingTemplate,1,1,1,1,1,1,1,1,0,0,python_random,raw
python_random_raw,8,107,NonOverlappingTemplate,92,8,8,1.0,False,,False,  2   0   0   0   1   1   1   1   1   1     ----       8/8       NonOverlappingTemplate,2,0,0,0,1,1,1,1,1,1,python_random,raw
python_random_raw,8,108,NonOverlappingTemplate,93,8,8,1.0,False,,False,  1   0   0   1   1   1   2   2   0   0     ----       8/8       NonOverlappingTemplate,1,0,0,1,1,1,2,2,0,0,python_random,raw
python_random_raw,8,109,NonOverlappingTemplate,94,7,8,0.875,False,,False,  2   0   2   1   0   2   1   0   0   0     ----       7/8       NonOverlappingTemplate,2,0,2,1,0,2,1,0,0,0,python_random,raw
python_random_raw,8,110,NonOverlappingTemplate,95,8,8,1.0,False,,False,  1   1   2   0   0   1   0   1   1   1     ----       8/8       NonOverlappingTemplate,1,1,2,0,0,1,0,1,1,1,python_random,raw
python_random_raw,8,111,NonOverlappingTemplate,96,8,8,1.0,False,,False,  0   2   2   2   0   1   0   0   0   1     ----       8/8       NonOverlappingTemplate,0,2,2,2,0,1,0,0,0,1,python_random,raw
python_random_raw,8,112,NonOverlappingTemplate,97,8,8,1.0,False,,False,  1   0   1   1   1   1   2   0   0   1     ----       8/8       NonOverlappingTemplate,1,0,1,1,1,1,2,0,0,1,python_random,raw
python_random_raw,8,113,NonOverlappingTemplate,98,7,8,0.875,False,,False,  1   1   1   0   0   0   1   2   0   2     ----       7/8       NonOverlappingTemplate,1,1,1,0,0,0,1,2,0,2,python_random,raw
python_random_raw,8,114,NonOverlappingTemplate,99,8,8,1.0,False,,False,  1   0   2   0   0   1   1   2   0   1     ----       8/8       NonOverlappingTemplate,1,0,2,0,0,1,1,2,0,1,python_random,raw
python_random_raw,8,115,NonOverlappingTemplate,100,8,8,1.0,False,,False,  0   1   1   1   3   1   0   0   0   1     ----       8/8       NonOverlappingTemplate,0,1,1,1,3,1,0,0,0,1,python_random,raw
python_random_raw,8,116,NonOverlappingTemplate,101,8,8,1.0,False,,False,  1   0   2   1   1   1   0   1   0   1     ----       8/8       NonOverlappingTemplate,1,0,2,1,1,1,0,1,0,1,python_random,raw
python_random_raw,8,117,NonOverlappingTemplate,102,8,8,1.0,False,,False,  1   1   1   1   1   0   0   2   0   1     ----       8/8       NonOverlappingTemplate,1,1,1,1,1,0,0,2,0,1,python_random,raw
python_random_raw,8,118,NonOverlappingTemplate,103,8,8,1.0,False,,False,  1   0   0   0   1   2   0   1   1   2     ----       8/8       NonOverlappingTemplate,1,0,0,0,1,2,0,1,1,2,python_random,raw
python_random_raw,8,119,NonOverlappingTemplate,104,8,8,1.0,False,,False,  1   1   1   0   1   0   0   3   0   1     ----       8/8       NonOverlappingTemplate,1,1,1,0,1,0,0,3,0,1,python_random,raw
python_random_raw,8,120,NonOverlappingTemplate,105,8,8,1.0,False,,False,  1   1   2   0   0   0   1   0   1   2     ----       8/8       NonOverlappingTemplate,1,1,2,0,0,0,1,0,1,2,python_random,raw
python_random_raw,8,121,NonOverlappingTemplate,106,8,8,1.0,False,,False,  1   1   0   0   0   1   1   2   1   1     ----       8/8       NonOverlappingTemplate,1,1,0,0,0,1,1,2,1,1,python_random,raw
python_random_raw,8,122,NonOverlappingTemplate,107,8,8,1.0,False,,False,  1   1   1   1   2   0   1   0   0   1     ----       8/8       NonOverlappingTemplate,1,1,1,1,2,0,1,0,0,1,python_random,raw
python_random_raw,8,123,NonOverlappingTemplate,108,8,8,1.0,False,,False,  1   0   2   0   1   0   4   0   0   0     ----       8/8       NonOverlappingTemplate,1,0,2,0,1,0,4,0,0,0,python_random,raw
python_random_raw,8,124,NonOverlappingTemplate,109,8,8,1.0,False,,False,  2   1   3   0   0   0   1   0   1   0     ----       8/8       NonOverlappingTemplate,2,1,3,0,0,0,1,0,1,0,python_random,raw
python_random_raw,8,125,NonOverlappingTemplate,110,8,8,1.0,False,,False,  0   0   0   0   3   0   4   0   1   0     ----       8/8       NonOverlappingTemplate,0,0,0,0,3,0,4,0,1,0,python_random,raw
python_random_raw,8,126,NonOverlappingTemplate,111,8,8,1.0,False,,False,  2   0   2   0   1   0   2   0   0   1     ----       8/8       NonOverlappingTemplate,2,0,2,0,1,0,2,0,0,1,python_random,raw
python_random_raw,8,127,NonOverlappingTemplate,112,8,8,1.0,False,,False,  0   1   1   2   0   0   2   1   1   0     ----       8/8       NonOverlappingTemplate,0,1,1,2,0,0,2,1,1,0,python_random,raw
python_random_raw,8,128,NonOverlappingTemplate,113,8,8,1.0,False,,False,  0   1   0   1   0   1   2   0   1   2     ----       8/8       NonOverlappingTemplate,0,1,0,1,0,1,2,0,1,2,python_random,raw
python_random_raw,8,129,NonOverlappingTemplate,114,8,8,1.0,False,,False,  0   0   0   0   1   2   0   1   1   3     ----       8/8       NonOverlappingTemplate,0,0,0,0,1,2,0,1,1,3,python_random,raw
python_random_raw,8,130,NonOverlappingTemplate,115,8,8,1.0,False,,False,  2   0   0   1   0   0   1   2   2   0     ----       8/8       NonOverlappingTemplate,2,0,0,1,0,0,1,2,2,0,python_random,raw
python_random_raw,8,131,NonOverlappingTemplate,116,8,8,1.0,False,,False,  1   0   1   0   0   2   1   0   0   3     ----       8/8       NonOverlappingTemplate,1,0,1,0,0,2,1,0,0,3,python_random,raw
python_random_raw,8,132,NonOverlappingTemplate,117,8,8,1.0,False,,False,  1   0   1   0   1   3   1   1   0   0     ----       8/8       NonOverlappingTemplate,1,0,1,0,1,3,1,1,0,0,python_random,raw
python_random_raw,8,133,NonOverlappingTemplate,118,8,8,1.0,False,,False,  0   1   0   0   3   0   0   1   2   1     ----       8/8       NonOverlappingTemplate,0,1,0,0,3,0,0,1,2,1,python_random,raw
python_random_raw,8,134,NonOverlappingTemplate,119,8,8,1.0,False,,False,  1   0   0   1   0   1   3   0   1   1     ----       8/8       NonOverlappingTemplate,1,0,0,1,0,1,3,0,1,1,python_random,raw
python_random_raw,8,135,NonOverlappingTemplate,120,8,8,1.0,False,,False,  0   0   1   0   0   2   1   2   2   0     ----       8/8       NonOverlappingTemplate,0,0,1,0,0,2,1,2,2,0,python_random,raw
python_random_raw,8,136,NonOverlappingTemplate,121,8,8,1.0,False,,False,  0   2   0   1   2   1   1   0   1   0     ----       8/8       NonOverlappingTemplate,0,2,0,1,2,1,1,0,1,0,python_random,raw
python_random_raw,8,137,NonOverlappingTemplate,122,8,8,1.0,False,,False,  1   1   0   1   2   1   0   2   0   0     ----       8/8       NonOverlappingTemplate,1,1,0,1,2,1,0,2,0,0,python_random,raw
python_random_raw,8,138,NonOverlappingTemplate,123,8,8,1.0,False,,False,  1   1   0   1   1   1   1   1   0   1     ----       8/8       NonOverlappingTemplate,1,1,0,1,1,1,1,1,0,1,python_random,raw
python_random_raw,8,139,NonOverlappingTemplate,124,8,8,1.0,False,,False,  0   0   0   1   1   1   0   1   2   2     ----       8/8       NonOverlappingTemplate,0,0,0,1,1,1,0,1,2,2,python_random,raw
python_random_raw,8,140,NonOverlappingTemplate,125,8,8,1.0,False,,False,  1   0   0   1   3   0   0   1   1   1     ----       8/8       NonOverlappingTemplate,1,0,0,1,3,0,0,1,1,1,python_random,raw
python_random_raw,8,141,NonOverlappingTemplate,126,8,8,1.0,False,,False,  1   1   0   1   2   0   1   0   0   2     ----       8/8       NonOverlappingTemplate,1,1,0,1,2,0,1,0,0,2,python_random,raw
python_random_raw,8,142,NonOverlappingTemplate,127,8,8,1.0,False,,False,  0   2   1   1   1   1   2   0   0   0     ----       8/8       NonOverlappingTemplate,0,2,1,1,1,1,2,0,0,0,python_random,raw
python_random_raw,8,143,NonOverlappingTemplate,128,8,8,1.0,False,,False,  0   3   0   0   2   1   0   2   0   0     ----       8/8       NonOverlappingTemplate,0,3,0,0,2,1,0,2,0,0,python_random,raw
python_random_raw,8,144,NonOverlappingTemplate,129,8,8,1.0,False,,False,  0   0   2   0   1   0   1   1   3   0     ----       8/8       NonOverlappingTemplate,0,0,2,0,1,0,1,1,3,0,python_random,raw
python_random_raw,8,145,NonOverlappingTemplate,130,8,8,1.0,False,,False,  0   1   2   2   0   1   1   0   1   0     ----       8/8       NonOverlappingTemplate,0,1,2,2,0,1,1,0,1,0,python_random,raw
python_random_raw,8,146,NonOverlappingTemplate,131,7,8,0.875,False,,False,  1   3   0   0   3   0   0   0   0   1     ----       7/8       NonOverlappingTemplate,1,3,0,0,3,0,0,0,0,1,python_random,raw
python_random_raw,8,147,NonOverlappingTemplate,132,8,8,1.0,False,,False,  0   0   0   1   1   2   1   1   0   2     ----       8/8       NonOverlappingTemplate,0,0,0,1,1,2,1,1,0,2,python_random,raw
python_random_raw,8,148,NonOverlappingTemplate,133,8,8,1.0,False,,False,  1   1   0   2   1   2   0   1   0   0     ----       8/8       NonOverlappingTemplate,1,1,0,2,1,2,0,1,0,0,python_random,raw
python_random_raw,8,149,NonOverlappingTemplate,134,8,8,1.0,False,,False,  1   1   1   1   0   0   1   0   3   0     ----       8/8       NonOverlappingTemplate,1,1,1,1,0,0,1,0,3,0,python_random,raw
python_random_raw,8,150,NonOverlappingTemplate,135,8,8,1.0,False,,False,  0   1   1   1   0   2   1   1   0   1     ----       8/8       NonOverlappingTemplate,0,1,1,1,0,2,1,1,0,1,python_random,raw
python_random_raw,8,151,NonOverlappingTemplate,136,8,8,1.0,False,,False,  0   1   0   0   0   3   1   1   2   0     ----       8/8       NonOverlappingTemplate,0,1,0,0,0,3,1,1,2,0,python_random,raw
python_random_raw,8,152,NonOverlappingTemplate,137,8,8,1.0,False,,False,  0   0   1   4   1   0   1   0   0   1     ----       8/8       NonOverlappingTemplate,0,0,1,4,1,0,1,0,0,1,python_random,raw
python_random_raw,8,153,NonOverlappingTemplate,138,8,8,1.0,False,,False,  1   2   0   2   1   2   0   0   0   0     ----       8/8       NonOverlappingTemplate,1,2,0,2,1,2,0,0,0,0,python_random,raw
python_random_raw,8,154,NonOverlappingTemplate,139,8,8,1.0,False,,False,  1   1   0   1   2   1   2   0   0   0     ----       8/8       NonOverlappingTemplate,1,1,0,1,2,1,2,0,0,0,python_random,raw
python_random_raw,8,155,NonOverlappingTemplate,140,8,8,1.0,False,,False,  2   0   1   3   0   0   1   0   0   1     ----       8/8       NonOverlappingTemplate,2,0,1,3,0,0,1,0,0,1,python_random,raw
python_random_raw,8,156,NonOverlappingTemplate,141,8,8,1.0,False,,False,  0   2   1   1   0   1   1   1   1   0     ----       8/8       NonOverlappingTemplate,0,2,1,1,0,1,1,1,1,0,python_random,raw
python_random_raw,8,157,NonOverlappingTemplate,142,8,8,1.0,False,,False,  1   0   1   0   0   3   0   1   0   2     ----       8/8       NonOverlappingTemplate,1,0,1,0,0,3,0,1,0,2,python_random,raw
python_random_raw,8,158,NonOverlappingTemplate,143,8,8,1.0,False,,False,  0   1   0   1   0   0   0   0   3   3     ----       8/8       NonOverlappingTemplate,0,1,0,1,0,0,0,0,3,3,python_random,raw
python_random_raw,8,159,NonOverlappingTemplate,144,8,8,1.0,False,,False,  1   2   3   1   0   0   0   1   0   0     ----       8/8       NonOverlappingTemplate,1,2,3,1,0,0,0,1,0,0,python_random,raw
python_random_raw,8,160,NonOverlappingTemplate,145,8,8,1.0,False,,False,  0   0   0   1   2   1   0   2   0   2     ----       8/8       NonOverlappingTemplate,0,0,0,1,2,1,0,2,0,2,python_random,raw
python_random_raw,8,161,NonOverlappingTemplate,146,8,8,1.0,False,,False,  0   0   0   1   0   0   1   2   4   0     ----       8/8       NonOverlappingTemplate,0,0,0,1,0,0,1,2,4,0,python_random,raw
python_random_raw,8,162,NonOverlappingTemplate,147,8,8,1.0,False,,False,  0   1   0   0   3   2   0   1   1   0     ----       8/8       NonOverlappingTemplate,0,1,0,0,3,2,0,1,1,0,python_random,raw
python_random_raw,8,163,NonOverlappingTemplate,148,8,8,1.0,False,,False,  1   0   1   2   1   0   0   1   2   0     ----       8/8       NonOverlappingTemplate,1,0,1,2,1,0,0,1,2,0,python_random,raw
python_random_raw,8,164,OverlappingTemplate,1,8,8,1.0,False,,False,  0   3   1   1   1   1   1   0   0   0     ----       8/8       OverlappingTemplate,0,3,1,1,1,1,1,0,0,0,python_random,raw
python_random_raw,8,165,Universal,1,8,8,1.0,False,,False,  0   0   1   1   0   2   2   1   1   0     ----       8/8       Universal,0,0,1,1,0,2,2,1,1,0,python_random,raw
python_random_raw,8,166,ApproximateEntropy,1,8,8,1.0,False,,False,  0   0   1   1   1   0   2   1   1   1     ----       8/8       ApproximateEntropy,0,0,1,1,1,0,2,1,1,1,python_random,raw
python_random_raw,8,167,RandomExcursions,1,4,5,0.8,False,,False,  1   0   0   2   0   0   1   0   0   1     ----       4/5       RandomExcursions,1,0,0,2,0,0,1,0,0,1,python_random,raw
python_random_raw,8,168,RandomExcursions,2,5,5,1.0,False,,False,  1   1   1   0   0   0   0   1   0   1     ----       5/5       RandomExcursions,1,1,1,0,0,0,0,1,0,1,python_random,raw
python_random_raw,8,169,RandomExcursions,3,5,5,1.0,False,,False,  1   2   1   0   0   0   0   1   0   0     ----       5/5       RandomExcursions,1,2,1,0,0,0,0,1,0,0,python_random,raw
python_random_raw,8,170,RandomExcursions,4,5,5,1.0,False,,False,  0   1   2   1   0   0   0   1   0   0     ----       5/5       RandomExcursions,0,1,2,1,0,0,0,1,0,0,python_random,raw
python_random_raw,8,171,RandomExcursions,5,5,5,1.0,False,,False,  1   0   1   1   0   0   0   0   1   1     ----       5/5       RandomExcursions,1,0,1,1,0,0,0,0,1,1,python_random,raw
python_random_raw,8,172,RandomExcursions,6,5,5,1.0,False,,False,  0   1   0   2   1   0   0   0   0   1     ----       5/5       RandomExcursions,0,1,0,2,1,0,0,0,0,1,python_random,raw
python_random_raw,8,173,RandomExcursions,7,5,5,1.0,False,,False,  1   0   0   1   1   0   0   1   0   1     ----       5/5       RandomExcursions,1,0,0,1,1,0,0,1,0,1,python_random,raw
python_random_raw,8,174,RandomExcursions,8,5,5,1.0,False,,False,  0   0   1   1   1   0   1   1   0   0     ----       5/5       RandomExcursions,0,0,1,1,1,0,1,1,0,0,python_random,raw
python_random_raw,8,175,RandomExcursionsVariant,1,5,5,1.0,False,,False,  1   0   1   0   1   0   1   0   1   0     ----       5/5       RandomExcursionsVariant,1,0,1,0,1,0,1,0,1,0,python_random,raw
python_random_raw,8,176,RandomExcursionsVariant,2,5,5,1.0,False,,False,  1   0   1   2   0   0   0   0   1   0     ----       5/5       RandomExcursionsVariant,1,0,1,2,0,0,0,0,1,0,python_random,raw
python_random_raw,8,177,RandomExcursionsVariant,3,4,5,0.8,False,,False,  1   0   1   1   0   2   0   0   0   0     ----       4/5       RandomExcursionsVariant,1,0,1,1,0,2,0,0,0,0,python_random,raw
python_random_raw,8,178,RandomExcursionsVariant,4,5,5,1.0,False,,False,  1   0   0   2   1   1   0   0   0   0     ----       5/5       RandomExcursionsVariant,1,0,0,2,1,1,0,0,0,0,python_random,raw
python_random_raw,8,179,RandomExcursionsVariant,5,5,5,1.0,False,,False,  1   0   1   1   0   1   0   1   0   0     ----       5/5       RandomExcursionsVariant,1,0,1,1,0,1,0,1,0,0,python_random,raw
python_random_raw,8,180,RandomExcursionsVariant,6,5,5,1.0,False,,False,  1   0   1   2   0   0   1   0   0   0     ----       5/5       RandomExcursionsVariant,1,0,1,2,0,0,1,0,0,0,python_random,raw
python_random_raw,8,181,RandomExcursionsVariant,7,5,5,1.0,False,,False,  0   2   2   1   0   0   0   0   0   0     ----       5/5       RandomExcursionsVariant,0,2,2,1,0,0,0,0,0,0,python_random,raw
python_random_raw,8,182,RandomExcursionsVariant,8,4,5,0.8,False,,False,  2   1   1   1   0   0   0   0   0   0     ----       4/5       RandomExcursionsVariant,2,1,1,1,0,0,0,0,0,0,python_random,raw
python_random_raw,8,183,RandomExcursionsVariant,9,5,5,1.0,False,,False,  2   1   1   0   1   0   0   0   0   0     ----       5/5       RandomExcursionsVariant,2,1,1,0,1,0,0,0,0,0,python_random,raw
python_random_raw,8,184,RandomExcursionsVariant,10,5,5,1.0,False,,False,  2   0   0   1   0   0   2   0   0   0     ----       5/5       RandomExcursionsVariant,2,0,0,1,0,0,2,0,0,0,python_random,raw
python_random_raw,8,185,RandomExcursionsVariant,11,5,5,1.0,False,,False,  1   0   1   1   0   1   0   0   0   1     ----       5/5       RandomExcursionsVariant,1,0,1,1,0,1,0,0,0,1,python_random,raw
python_random_raw,8,186,RandomExcursionsVariant,12,5,5,1.0,False,,False,  1   0   0   1   0   0   0   1   1   1     ----       5/5       RandomExcursionsVariant,1,0,0,1,0,0,0,1,1,1,python_random,raw
python_random_raw,8,187,RandomExcursionsVariant,13,5,5,1.0,False,,False,  1   0   1   0   1   1   0   0   0   1     ----       5/5       RandomExcursionsVariant,1,0,1,0,1,1,0,0,0,1,python_random,raw
python_random_raw,8,188,RandomExcursionsVariant,14,5,5,1.0,False,,False,  1   1   0   1   0   0   0   1   0   1     ----       5/5       RandomExcursionsVariant,1,1,0,1,0,0,0,1,0,1,python_random,raw
python_random_raw,8,189,RandomExcursionsVariant,15,5,5,1.0,False,,False,  1   0   1   0   1   0   1   0   0   1     ----       5/5       RandomExcursionsVariant,1,0,1,0,1,0,1,0,0,1,python_random,raw
python_random_raw,8,190,RandomExcursionsVariant,16,5,5,1.0,False,,False,  1   0   0   1   1   0   0   0   1   1     ----       5/5       RandomExcursionsVariant,1,0,0,1,1,0,0,0,1,1,python_random,raw
python_random_raw,8,191,RandomExcursionsVariant,17,5,5,1.0,False,,False,  1   0   0   1   2   1   0   0   0   0     ----       5/5       RandomExcursionsVariant,1,0,0,1,2,1,0,0,0,0,python_random,raw
python_random_raw,8,192,RandomExcursionsVariant,18,5,5,1.0,False,,False,  1   0   0   1   2   1   0   0   0   0     ----       5/5       RandomExcursionsVariant,1,0,0,1,2,1,0,0,0,0,python_random,raw
python_random_raw,8,193,Serial,1,8,8,1.0,False,,False,  0   0   2   2   0   1   0   1   1   1     ----       8/8       Serial,0,0,2,2,0,1,0,1,1,1,python_random,raw
python_random_raw,8,194,Serial,2,8,8,1.0,False,,False,  2   2   0   0   1   0   0   1   0   2     ----       8/8       Serial,2,2,0,0,1,0,0,1,0,2,python_random,raw
python_random_raw,8,195,LinearComplexity,1,8,8,1.0,False,,False,  1   0   2   0   2   0   1   1   0   1     ----       8/8       LinearComplexity,1,0,2,0,2,0,1,1,0,1,python_random,raw
python_random_vn,2,8,Frequency,1,2,2,1.0,False,,False,  0   0   0   2   0   0   0   0   0   0     ----       2/2       Frequency,0,0,0,2,0,0,0,0,0,0,python_random,vn
python_random_vn,2,9,BlockFrequency,1,2,2,1.0,False,,False,  1   0   0   0   0   1   0   0   0   0     ----       2/2       BlockFrequency,1,0,0,0,0,1,0,0,0,0,python_random,vn
python_random_vn,2,10,CumulativeSums,1,2,2,1.0,False,,False,  0   0   0   0   0   1   0   1   0   0     ----       2/2       CumulativeSums,0,0,0,0,0,1,0,1,0,0,python_random,vn
python_random_vn,2,11,CumulativeSums,2,2,2,1.0,False,,False,  0   0   0   1   0   0   1   0   0   0     ----       2/2       CumulativeSums,0,0,0,1,0,0,1,0,0,0,python_random,vn
python_random_vn,2,12,Runs,1,2,2,1.0,False,,False,  0   0   1   0   0   0   0   0   0   1     ----       2/2       Runs,0,0,1,0,0,0,0,0,0,1,python_random,vn
python_random_vn,2,13,LongestRun,1,2,2,1.0,False,,False,  0   0   0   0   1   1   0   0   0   0     ----       2/2       LongestRun,0,0,0,0,1,1,0,0,0,0,python_random,vn
python_random_vn,2,14,Rank,1,2,2,1.0,False,,False,  0   0   0   0   0   2   0   0   0   0     ----       2/2       Rank,0,0,0,0,0,2,0,0,0,0,python_random,vn
python_random_vn,2,15,FFT,1,2,2,1.0,False,,False,  0   0   0   0   0   1   1   0   0   0     ----       2/2       FFT,0,0,0,0,0,1,1,0,0,0,python_random,vn
python_random_vn,2,16,NonOverlappingTemplate,1,2,2,1.0,False,,False,  0   0   1   0   0   0   0   0   0   1     ----       2/2       NonOverlappingTemplate,0,0,1,0,0,0,0,0,0,1,python_random,vn
python_random_vn,2,17,NonOverlappingTemplate,2,2,2,1.0,False,,False,  0   1   0   0   0   1   0   0   0   0     ----       2/2       NonOverlappingTemplate,0,1,0,0,0,1,0,0,0,0,python_random,vn
python_random_vn,2,18,NonOverlappingTemplate,3,2,2,1.0,False,,False,  0   1   0   0   0   0   0   1   0   0     ----       2/2       NonOverlappingTemplate,0,1,0,0,0,0,0,1,0,0,python_random,vn
python_random_vn,2,19,NonOverlappingTemplate,4,2,2,1.0,False,,False,  0   0   0   0   0   1   0   1   0   0     ----       2/2       NonOverlappingTemplate,0,0,0,0,0,1,0,1,0,0,python_random,vn
python_random_vn,2,20,NonOverlappingTemplate,5,2,2,1.0,False,,False,  0   0   0   0   0   1   0   0   0   1     ----       2/2       NonOverlappingTemplate,0,0,0,0,0,1,0,0,0,1,python_random,vn
python_random_vn,2,21,NonOverlappingTemplate,6,2,2,1.0,False,,False,  0   0   0   1   1   0   0   0   0   0     ----       2/2       NonOverlappingTemplate,0,0,0,1,1,0,0,0,0,0,python_random,vn
python_random_vn,2,22,NonOverlappingTemplate,7,2,2,1.0,False,,False,  2   0   0   0   0   0   0   0   0   0     ----       2/2       NonOverlappingTemplate,2,0,0,0,0,0,0,0,0,0,python_random,vn
python_random_vn,2,23,NonOverlappingTemplate,8,2,2,1.0,False,,False,  0   2   0   0   0   0   0   0   0   0     ----       2/2       NonOverlappingTemplate,0,2,0,0,0,0,0,0,0,0,python_random,vn
python_random_vn,2,24,NonOverlappingTemplate,9,2,2,1.0,False,,False,  0   0   0   0   1   0   1   0   0   0     ----       2/2       NonOverlappingTemplate,0,0,0,0,1,0,1,0,0,0,python_random,vn
python_random_vn,2,25,NonOverlappingTemplate,10,2,2,1.0,False,,False,  0   2   0   0   0   0   0   0   0   0     ----       2/2       NonOverlappingTemplate,0,2,0,0,0,0,0,0,0,0,python_random,vn
python_random_vn,2,26,NonOverlappingTemplate,11,2,2,1.0,False,,False,  0   0   0   0   1   1   0   0   0   0     ----       2/2       NonOverlappingTemplate,0,0,0,0,1,1,0,0,0,0,python_random,vn
python_random_vn,2,27,NonOverlappingTemplate,12,1,2,0.5,False,,False,  1   1   0   0   0   0   0   0   0   0     ----       1/2       NonOverlappingTemplate,1,1,0,0,0,0,0,0,0,0,python_random,vn
python_random_vn,2,28,NonOverlappingTemplate,13,1,2,0.5,False,,False,  1   0   0   0   1   0   0   0   0   0     ----       1/2       NonOverlappingTemplate,1,0,0,0,1,0,0,0,0,0,python_random,vn
python_random_vn,2,29,NonOverlappingTemplate,14,2,2,1.0,False,,False,  1   0   0   0   0   0   1   0   0   0     ----       2/2       NonOverlappingTemplate,1,0,0,0,0,0,1,0,0,0,python_random,vn
python_random_vn,2,30,NonOverlappingTemplate,15,2,2,1.0,False,,False,  0   1   1   0   0   0   0   0   0   0     ----       2/2       NonOverlappingTemplate,0,1,1,0,0,0,0,0,0,0,python_random,vn
python_random_vn,2,31,NonOverlappingTemplate,16,2,2,1.0,False,,False,  0   0   0   0   1   0   0   1   0   0     ----       2/2       NonOverlappingTemplate,0,0,0,0,1,0,0,1,0,0,python_random,vn
python_random_vn,2,32,NonOverlappingTemplate,17,2,2,1.0,False,,False,  0   0   1   0   0   0   0   0   0   1     ----       2/2       NonOverlappingTemplate,0,0,1,0,0,0,0,0,0,1,python_random,vn
python_random_vn,2,33,NonOverlappingTemplate,18,2,2,1.0,False,,False,  0   0   1   0   0   1   0   0   0   0     ----       2/2       NonOverlappingTemplate,0,0,1,0,0,1,0,0,0,0,python_random,vn
python_random_vn,2,34,NonOverlappingTemplate,19,2,2,1.0,False,,False,  0   0   0   1   0   0   1   0   0   0     ----       2/2       NonOverlappingTemplate,0,0,0,1,0,0,1,0,0,0,python_random,vn
python_random_vn,2,35,NonOverlappingTemplate,20,2,2,1.0,False,,False,  0   0   0   1   0   1   0   0   0   0     ----       2/2       NonOverlappingTemplate,0,0,0,1,0,1,0,0,0,0,python_random,vn
python_random_vn,2,36,NonOverlappingTemplate,21,2,2,1.0,False,,False,  0   0   0   0   1   0   0   1   0   0     ----       2/2       NonOverlappingTemplate,0,0,0,0,1,0,0,1,0,0,python_random,vn
python_random_vn,2,37,NonOverlappingTemplate,22,2,2,1.0,False,,False,  0   0   0   0   0   0   0   2   0   0     ----       2/2       NonOverlappingTemplate,0,0,0,0,0,0,0,2,0,0,python_random,vn
python_random_vn,2,38,NonOverlappingTemplate,23,2,2,1.0,False,,False,  1   1   0   0   0   0   0   0   0   0     ----       2/2       NonOverlappingTemplate,1,1,0,0,0,0,0,0,0,0,python_random,vn
python_random_vn,2,39,NonOverlappingTemplate,24,2,2,1.0,False,,False,  1   0   0   1   0   0   0   0   0   0     ----       2/2       NonOverlappingTemplate,1,0,0,1,0,0,0,0,0,0,python_random,vn
python_random_vn,2,40,NonOverlappingTemplate,25,2,2,1.0,False,,False,  0   0   0   1   0   0   0   1   0   0     ----       2/2       NonOverlappingTemplate,0,0,0,1,0,0,0,1,0,0,python_random,vn
python_random_vn,2,41,NonOverlappingTemplate,26,2,2,1.0,False,,False,  0   0   0   0   2   0   0   0   0   0     ----       2/2       NonOverlappingTemplate,0,0,0,0,2,0,0,0,0,0,python_random,vn
python_random_vn,2,42,NonOverlappingTemplate,27,2,2,1.0,False,,False,  0   0   1   0   1   0   0   0   0   0     ----       2/2       NonOverlappingTemplate,0,0,1,0,1,0,0,0,0,0,python_random,vn
python_random_vn,2,43,NonOverlappingTemplate,28,2,2,1.0,False,,False,  1   1   0   0   0   0   0   0   0   0     ----       2/2       NonOverlappingTemplate,1,1,0,0,0,0,0,0,0,0,python_random,vn
python_random_vn,2,44,NonOverlappingTemplate,29,2,2,1.0,False,,False,  0   0   0   0   1   0   0   0   0   1     ----       2/2       NonOverlappingTemplate,0,0,0,0,1,0,0,0,0,1,python_random,vn
python_random_vn,2,45,NonOverlappingTemplate,30,2,2,1.0,False,,False,  0   0   0   0   0   1   0   1   0   0     ----       2/2       NonOverlappingTemplate,0,0,0,0,0,1,0,1,0,0,python_random,vn
python_random_vn,2,46,NonOverlappingTemplate,31,2,2,1.0,False,,False,  0   0   0   0   0   0   0   2   0   0     ----       2/2       NonOverlappingTemplate,0,0,0,0,0,0,0,2,0,0,python_random,vn
python_random_vn,2,47,NonOverlappingTemplate,32,2,2,1.0,False,,False,  0   0   0   0   1   0   0   0   0   1     ----       2/2       NonOverlappingTemplate,0,0,0,0,1,0,0,0,0,1,python_random,vn
python_random_vn,2,48,NonOverlappingTemplate,33,2,2,1.0,False,,False,  0   0   0   0   0   0   0   2   0   0     ----       2/2       NonOverlappingTemplate,0,0,0,0,0,0,0,2,0,0,python_random,vn
python_random_vn,2,49,NonOverlappingTemplate,34,2,2,1.0,False,,False,  0   0   0   0   0   0   0   1   0   1     ----       2/2       NonOverlappingTemplate,0,0,0,0,0,0,0,1,0,1,python_random,vn
python_random_vn,2,50,NonOverlappingTemplate,35,2,2,1.0,False,,False,  1   1   0   0   0   0   0   0   0   0     ----       2/2       NonOverlappingTemplate,1,1,0,0,0,0,0,0,0,0,python_random,vn
python_random_vn,2,51,NonOverlappingTemplate,36,2,2,1.0,False,,False,  0   0   1   0   0   0   0   1   0   0     ----       2/2       NonOverlappingTemplate,0,0,1,0,0,0,0,1,0,0,python_random,vn
python_random_vn,2,52,NonOverlappingTemplate,37,2,2,1.0,False,,False,  0   0   0   0   1   0   1   0   0   0     ----       2/2       NonOverlappingTemplate,0,0,0,0,1,0,1,0,0,0,python_random,vn
python_random_vn,2,53,NonOverlappingTemplate,38,2,2,1.0,False,,False,  0   0   0   1   1   0   0   0   0   0     ----       2/2       NonOverlappingTemplate,0,0,0,1,1,0,0,0,0,0,python_random,vn
python_random_vn,2,54,NonOverlappingTemplate,39,2,2,1.0,False,,False,  0   0   1   0   0   1   0   0   0   0     ----       2/2       NonOverlappingTemplate,0,0,1,0,0,1,0,0,0,0,python_random,vn
python_random_vn,2,55,NonOverlappingTemplate,40,2,2,1.0,False,,False,  0   0   0   0   0   0   1   0   1   0     ----       2/2       NonOverlappingTemplate,0,0,0,0,0,0,1,0,1,0,python_random,vn
python_random_vn,2,56,NonOverlappingTemplate,41,2,2,1.0,False,,False,  0   0   0   0   1   0   0   0   1   0     ----       2/2       NonOverlappingTemplate,0,0,0,0,1,0,0,0,1,0,python_random,vn
python_random_vn,2,57,NonOverlappingTemplate,42,2,2,1.0,False,,False,  0   1   0   0   0   0   0   0   0   1     ----       2/2       NonOverlappingTemplate,0,1,0,0,0,0,0,0,0,1,python_random,vn
python_random_vn,2,58,NonOverlappingTemplate,43,2,2,1.0,False,,False,  0   0   0   0   1   0   0   0   0   1     ----       2/2       NonOverlappingTemplate,0,0,0,0,1,0,0,0,0,1,python_random,vn
python_random_vn,2,59,NonOverlappingTemplate,44,2,2,1.0,False,,False,  1   0   0   0   0   0   1   0   0   0     ----       2/2       NonOverlappingTemplate,1,0,0,0,0,0,1,0,0,0,python_random,vn
python_random_vn,2,60,NonOverlappingTemplate,45,2,2,1.0,False,,False,  0   0   0   0   1   0   0   1   0   0     ----       2/2       NonOverlappingTemplate,0,0,0,0,1,0,0,1,0,0,python_random,vn
python_random_vn,2,61,NonOverlappingTemplate,46,2,2,1.0,False,,False,  0   0   0   0   2   0   0   0   0   0     ----       2/2       NonOverlappingTemplate,0,0,0,0,2,0,0,0,0,0,python_random,vn
python_random_vn,2,62,NonOverlappingTemplate,47,2,2,1.0,False,,False,  0   0   1   0   0   0   0   1   0   0     ----       2/2       NonOverlappingTemplate,0,0,1,0,0,0,0,1,0,0,python_random,vn
python_random_vn,2,63,NonOverlappingTemplate,48,2,2,1.0,False,,False,  0   0   0   0   1   0   0   0   0   1     ----       2/2       NonOverlappingTemplate,0,0,0,0,1,0,0,0,0,1,python_random,vn
python_random_vn,2,64,NonOverlappingTemplate,49,2,2,1.0,False,,False,  1   1   0   0   0   0   0   0   0   0     ----       2/2       NonOverlappingTemplate,1,1,0,0,0,0,0,0,0,0,python_random,vn
python_random_vn,2,65,NonOverlappingTemplate,50,2,2,1.0,False,,False,  0   0   1   1   0   0   0   0   0   0     ----       2/2       NonOverlappingTemplate,0,0,1,1,0,0,0,0,0,0,python_random,vn
python_random_vn,2,66,NonOverlappingTemplate,51,2,2,1.0,False,,False,  0   0   0   0   0   0   1   0   0   1     ----       2/2       NonOverlappingTemplate,0,0,0,0,0,0,1,0,0,1,python_random,vn
python_random_vn,2,67,NonOverlappingTemplate,52,2,2,1.0,False,,False,  0   0   0   0   0   0   1   0   0   1     ----       2/2       NonOverlappingTemplate,0,0,0,0,0,0,1,0,0,1,python_random,vn
python_random_vn,2,68,NonOverlappingTemplate,53,2,2,1.0,False,,False,  1   0   0   0   0   0   0   1   0   0     ----       2/2       NonOverlappingTemplate,1,0,0,0,0,0,0,1,0,0,python_random,vn
python_random_vn,2,69,NonOverlappingTemplate,54,2,2,1.0,False,,False,  0   0   0   0   0   0   0   0   1   1     ----       2/2       NonOverlappingTemplate,0,0,0,0,0,0,0,0,1,1,python_random,vn
python_random_vn,2,70,NonOverlappingTemplate,55,2,2,1.0,False,,False,  0   0   1   0   1   0   0   0   0   0     ----       2/2       NonOverlappingTemplate,0,0,1,0,1,0,0,0,0,0,python_random,vn
python_random_vn,2,71,NonOverlappingTemplate,56,2,2,1.0,False,,False,  1   0   0   0   0   0   0   0   0   1     ----       2/2       NonOverlappingTemplate,1,0,0,0,0,0,0,0,0,1,python_random,vn
python_random_vn,2,72,NonOverlappingTemplate,57,2,2,1.0,False,,False,  0   0   0   2   0   0   0   0   0   0     ----       2/2       NonOverlappingTemplate,0,0,0,2,0,0,0,0,0,0,python_random,vn
python_random_vn,2,73,NonOverlappingTemplate,58,2,2,1.0,False,,False,  0   0   1   0   0   0   0   1   0   0     ----       2/2       NonOverlappingTemplate,0,0,1,0,0,0,0,1,0,0,python_random,vn
python_random_vn,2,74,NonOverlappingTemplate,59,2,2,1.0,False,,False,  1   0   0   0   0   0   1   0   0   0     ----       2/2       NonOverlappingTemplate,1,0,0,0,0,0,1,0,0,0,python_random,vn
python_random_vn,2,75,NonOverlappingTemplate,60,2,2,1.0,False,,False,  0   0   0   1   0   0   0   1   0   0     ----       2/2       NonOverlappingTemplate,0,0,0,1,0,0,0,1,0,0,python_random,vn
python_random_vn,2,76,NonOverlappingTemplate,61,2,2,1.0,False,,False,  0   0   0   0   0   1   0   0   0   1     ----       2/2       NonOverlappingTemplate,0,0,0,0,0,1,0,0,0,1,python_random,vn
python_random_vn,2,77,NonOverlappingTemplate,62,2,2,1.0,False,,False,  0   0   1   0   0   0   0   0   0   1     ----       2/2       NonOverlappingTemplate,0,0,1,0,0,0,0,0,0,1,python_random,vn
python_random_vn,2,78,NonOverlappingTemplate,63,2,2,1.0,False,,False,  0   0   0   0   0   0   1   1   0   0     ----       2/2       NonOverlappingTemplate,0,0,0,0,0,0,1,1,0,0,python_random,vn
python_random_vn,2,79,NonOverlappingTemplate,64,2,2,1.0,False,,False,  0   0   0   0   0   0   1   0   0   1     ----       2/2       NonOverlappingTemplate,0,0,0,0,0,0,1,0,0,1,python_random,vn
python_random_vn,2,80,NonOverlappingTemplate,65,2,2,1.0,False,,False,  0   0   0   0   0   1   1   0   0   0     ----       2/2       NonOverlappingTemplate,0,0,0,0,0,1,1,0,0,0,python_random,vn
python_random_vn,2,81,NonOverlappingTemplate,66,2,2,1.0,False,,False,  0   0   0   1   0   0   0   0   1   0     ----       2/2       NonOverlappingTemplate,0,0,0,1,0,0,0,0,1,0,python_random,vn
python_random_vn,2,82,NonOverlappingTemplate,67,2,2,1.0,False,,False,  0   0   0   1   0   0   0   0   1   0     ----       2/2       NonOverlappingTemplate,0,0,0,1,0,0,0,0,1,0,python_random,vn
python_random_vn,2,83,NonOverlappingTemplate,68,2,2,1.0,False,,False,  1   0   0   0   0   0   1   0   0   0     ----       2/2       NonOverlappingTemplate,1,0,0,0,0,0,1,0,0,0,python_random,vn
python_random_vn,2,84,NonOverlappingTemplate,69,2,2,1.0,False,,False,  0   0   2   0   0   0   0   0   0   0     ----       2/2       NonOverlappingTemplate,0,0,2,0,0,0,0,0,0,0,python_random,vn
python_random_vn,2,85,NonOverlappingTemplate,70,2,2,1.0,False,,False,  0   0   0   0   0   1   0   0   1   0     ----       2/2       NonOverlappingTemplate,0,0,0,0,0,1,0,0,1,0,python_random,vn
python_random_vn,2,86,NonOverlappingTemplate,71,2,2,1.0,False,,False,  0   0   0   0   1   1   0   0   0   0     ----       2/2       NonOverlappingTemplate,0,0,0,0,1,1,0,0,0,0,python_random,vn
python_random_vn,2,87,NonOverlappingTemplate,72,2,2,1.0,False,,False,  1   0   0   0   0   0   0   0   1   0     ----       2/2       NonOverlappingTemplate,1,0,0,0,0,0,0,0,1,0,python_random,vn
python_random_vn,2,88,NonOverlappingTemplate,73,2,2,1.0,False,,False,  0   0   0   0   0   0   0   0   2   0     ----       2/2       NonOverlappingTemplate,0,0,0,0,0,0,0,0,2,0,python_random,vn
python_random_vn,2,89,NonOverlappingTemplate,74,2,2,1.0,False,,False,  0   0   0   0   0   1   0   0   1   0     ----       2/2       NonOverlappingTemplate,0,0,0,0,0,1,0,0,1,0,python_random,vn
python_random_vn,2,90,NonOverlappingTemplate,75,2,2,1.0,False,,False,  0   0   1   0   0   0   0   0   0   1     ----       2/2       NonOverlappingTemplate,0,0,1,0,0,0,0,0,0,1,python_random,vn
python_random_vn,2,91,NonOverlappingTemplate,76,2,2,1.0,False,,False,  0   0   0   0   0   1   1   0   0   0     ----       2/2       NonOverlappingTemplate,0,0,0,0,0,1,1,0,0,0,python_random,vn
python_random_vn,2,92,NonOverlappingTemplate,77,2,2,1.0,False,,False,  1   0   0   0   0   0   1   0   0   0     ----       2/2       NonOverlappingTemplate,1,0,0,0,0,0,1,0,0,0,python_random,vn
python_random_vn,2,93,NonOverlappingTemplate,78,2,2,1.0,False,,False,  0   0   0   0   0   0   1   0   0   1     ----       2/2       NonOverlappingTemplate,0,0,0,0,0,0,1,0,0,1,python_random,vn
python_random_vn,2,94,NonOverlappingTemplate,79,2,2,1.0,False,,False,  0   0   0   1   0   0   0   1   0   0     ----       2/2       NonOverlappingTemplate,0,0,0,1,0,0,0,1,0,0,python_random,vn
python_random_vn,2,95,NonOverlappingTemplate,80,2,2,1.0,False,,False,  0   0   2   0   0   0   0   0   0   0     ----       2/2       NonOverlappingTemplate,0,0,2,0,0,0,0,0,0,0,python_random,vn
python_random_vn,2,96,NonOverlappingTemplate,81,2,2,1.0,False,,False,  0   0   2   0   0   0   0   0   0   0     ----       2/2       NonOverlappingTemplate,0,0,2,0,0,0,0,0,0,0,python_random,vn
python_random_vn,2,97,NonOverlappingTemplate,82,2,2,1.0,False,,False,  1   0   0   0   0   1   0   0   0   0     ----       2/2       NonOverlappingTemplate,1,0,0,0,0,1,0,0,0,0,python_random,vn
python_random_vn,2,98,NonOverlappingTemplate,83,2,2,1.0,False,,False,  0   0   0   1   0   0   0   1   0   0     ----       2/2       NonOverlappingTemplate,0,0,0,1,0,0,0,1,0,0,python_random,vn
python_random_vn,2,99,NonOverlappingTemplate,84,2,2,1.0,False,,False,  1   0   0   0   0   1   0   0   0   0     ----       2/2       NonOverlappingTemplate,1,0,0,0,0,1,0,0,0,0,python_random,vn
python_random_vn,2,100,NonOverlappingTemplate,85,2,2,1.0,False,,False,  1   0   0   0   0   0   0   0   0   1     ----       2/2       NonOverlappingTemplate,1,0,0,0,0,0,0,0,0,1,python_random,vn
python_random_vn,2,101,NonOverlappingTemplate,86,2,2,1.0,False,,False,  0   0   0   1   1   0   0   0   0   0     ----       2/2       NonOverlappingTemplate,0,0,0,1,1,0,0,0,0,0,python_random,vn
python_random_vn,2,102,NonOverlappingTemplate,87,2,2,1.0,False,,False,  0   1   0   0   1   0   0   0   0   0     ----       2/2       NonOverlappingTemplate,0,1,0,0,1,0,0,0,0,0,python_random,vn
python_random_vn,2,103,NonOverlappingTemplate,88,2,2,1.0,False,,False,  0   1   0   0   0   0   1   0   0   0     ----       2/2       NonOverlappingTemplate,0,1,0,0,0,0,1,0,0,0,python_random,vn
python_random_vn,2,104,NonOverlappingTemplate,89,2,2,1.0,False,,False,  0   0   0   0   0   1   1   0   0   0     ----       2/2       NonOverlappingTemplate,0,0,0,0,0,1,1,0,0,0,python_random,vn
python_random_vn,2,105,NonOverlappingTemplate,90,2,2,1.0,False,,False,  0   0   0   0   1   0   0   1   0   0     ----       2/2       NonOverlappingTemplate,0,0,0,0,1,0,0,1,0,0,python_random,vn
python_random_vn,2,106,NonOverlappingTemplate,91,2,2,1.0,False,,False,  0   0   0   0   1   0   0   1   0   0     ----       2/2       NonOverlappingTemplate,0,0,0,0,1,0,0,1,0,0,python_random,vn
python_random_vn,2,107,NonOverlappingTemplate,92,2,2,1.0,False,,False,  0   0   0   0   0   0   0   1   0   1     ----       2/2       NonOverlappingTemplate,0,0,0,0,0,0,0,1,0,1,python_random,vn
python_random_vn,2,108,NonOverlappingTemplate,93,2,2,1.0,False,,False,  0   1   0   0   0   1   0   0   0   0     ----       2/2       NonOverlappingTemplate,0,1,0,0,0,1,0,0,0,0,python_random,vn
python_random_vn,2,109,NonOverlappingTemplate,94,2,2,1.0,False,,False,  0   0   1   0   1   0   0   0   0   0     ----       2/2       NonOverlappingTemplate,0,0,1,0,1,0,0,0,0,0,python_random,vn
python_random_vn,2,110,NonOverlappingTemplate,95,2,2,1.0,False,,False,  0   1   0   0   0   0   0   1   0   0     ----       2/2       NonOverlappingTemplate,0,1,0,0,0,0,0,1,0,0,python_random,vn
python_random_vn,2,111,NonOverlappingTemplate,96,2,2,1.0,False,,False,  1   0   0   0   0   0   1   0   0   0     ----       2/2       NonOverlappingTemplate,1,0,0,0,0,0,1,0,0,0,python_random,vn
python_random_vn,2,112,NonOverlappingTemplate,97,2,2,1.0,False,,False,  0   1   0   0   1   0   0   0   0   0     ----       2/2       NonOverlappingTemplate,0,1,0,0,1,0,0,0,0,0,python_random,vn
python_random_vn,2,113,NonOverlappingTemplate,98,2,2,1.0,False,,False,  0   1   0   1   0   0   0   0   0   0     ----       2/2       NonOverlappingTemplate,0,1,0,1,0,0,0,0,0,0,python_random,vn
python_random_vn,2,114,NonOverlappingTemplate,99,2,2,1.0,False,,False,  0   0   0   0   0   1   1   0   0   0     ----       2/2       NonOverlappingTemplate,0,0,0,0,0,1,1,0,0,0,python_random,vn
python_random_vn,2,115,NonOverlappingTemplate,100,2,2,1.0,False,,False,  0   0   0   0   1   0   1   0   0   0     ----       2/2       NonOverlappingTemplate,0,0,0,0,1,0,1,0,0,0,python_random,vn
python_random_vn,2,116,NonOverlappingTemplate,101,2,2,1.0,False,,False,  0   0   0   0   0   2   0   0   0   0     ----       2/2       NonOverlappingTemplate,0,0,0,0,0,2,0,0,0,0,python_random,vn
python_random_vn,2,117,NonOverlappingTemplate,102,2,2,1.0,False,,False,  0   0   1   0   0   0   1   0   0   0     ----       2/2       NonOverlappingTemplate,0,0,1,0,0,0,1,0,0,0,python_random,vn
python_random_vn,2,118,NonOverlappingTemplate,103,2,2,1.0,False,,False,  0   1   0   1   0   0   0   0   0   0     ----       2/2       NonOverlappingTemplate,0,1,0,1,0,0,0,0,0,0,python_random,vn
python_random_vn,2,119,NonOverlappingTemplate,104,1,2,0.5,False,,False,  1   1   0   0   0   0   0   0   0   0     ----       1/2       NonOverlappingTemplate,1,1,0,0,0,0,0,0,0,0,python_random,vn
python_random_vn,2,120,NonOverlappingTemplate,105,2,2,1.0,False,,False,  1   0   0   0   1   0   0   0   0   0     ----       2/2       NonOverlappingTemplate,1,0,0,0,1,0,0,0,0,0,python_random,vn
python_random_vn,2,121,NonOverlappingTemplate,106,2,2,1.0,False,,False,  0   0   0   1   1   0   0   0   0   0     ----       2/2       NonOverlappingTemplate,0,0,0,1,1,0,0,0,0,0,python_random,vn
python_random_vn,2,122,NonOverlappingTemplate,107,2,2,1.0,False,,False,  0   0   0   1   0   0   0   0   0   1     ----       2/2       NonOverlappingTemplate,0,0,0,1,0,0,0,0,0,1,python_random,vn
python_random_vn,2,123,NonOverlappingTemplate,108,2,2,1.0,False,,False,  0   1   1   0   0   0   0   0   0   0     ----       2/2       NonOverlappingTemplate,0,1,1,0,0,0,0,0,0,0,python_random,vn
python_random_vn,2,124,NonOverlappingTemplate,109,2,2,1.0,False,,False,  0   0   0   0   0   0   0   0   0   2     ----       2/2       NonOverlappingTemplate,0,0,0,0,0,0,0,0,0,2,python_random,vn
python_random_vn,2,125,NonOverlappingTemplate,110,2,2,1.0,False,,False,  0   0   0   0   1   0   0   0   1   0     ----       2/2       NonOverlappingTemplate,0,0,0,0,1,0,0,0,1,0,python_random,vn
python_random_vn,2,126,NonOverlappingTemplate,111,2,2,1.0,False,,False,  0   0   0   0   1   0   1   0   0   0     ----       2/2       NonOverlappingTemplate,0,0,0,0,1,0,1,0,0,0,python_random,vn
python_random_vn,2,127,NonOverlappingTemplate,112,2,2,1.0,False,,False,  0   0   0   0   0   0   0   2   0   0     ----       2/2       NonOverlappingTemplate,0,0,0,0,0,0,0,2,0,0,python_random,vn
python_random_vn,2,128,NonOverlappingTemplate,113,2,2,1.0,False,,False,  0   0   0   0   0   1   0   1   0   0     ----       2/2       NonOverlappingTemplate,0,0,0,0,0,1,0,1,0,0,python_random,vn
python_random_vn,2,129,NonOverlappingTemplate,114,2,2,1.0,False,,False,  0   0   1   1   0   0   0   0   0   0     ----       2/2       NonOverlappingTemplate,0,0,1,1,0,0,0,0,0,0,python_random,vn
python_random_vn,2,130,NonOverlappingTemplate,115,2,2,1.0,False,,False,  0   1   0   0   0   0   0   1   0   0     ----       2/2       NonOverlappingTemplate,0,1,0,0,0,0,0,1,0,0,python_random,vn
python_random_vn,2,131,NonOverlappingTemplate,116,2,2,1.0,False,,False,  0   0   0   1   0   0   0   0   0   1     ----       2/2       NonOverlappingTemplate,0,0,0,1,0,0,0,0,0,1,python_random,vn
python_random_vn,2,132,NonOverlappingTemplate,117,2,2,1.0,False,,False,  0   2   0   0   0   0   0   0   0   0     ----       2/2       NonOverlappingTemplate,0,2,0,0,0,0,0,0,0,0,python_random,vn
python_random_vn,2,133,NonOverlappingTemplate,118,2,2,1.0,False,,False,  1   0   0   0   1   0   0   0   0   0     ----       2/2       NonOverlappingTemplate,1,0,0,0,1,0,0,0,0,0,python_random,vn
python_random_vn,2,134,NonOverlappingTemplate,119,2,2,1.0,False,,False,  0   0   0   0   0   0   2   0   0   0     ----       2/2       NonOverlappingTemplate,0,0,0,0,0,0,2,0,0,0,python_random,vn
python_random_vn,2,135,NonOverlappingTemplate,120,2,2,1.0,False,,False,  0   0   0   0   0   1   0   0   0   1     ----       2/2       NonOverlappingTemplate,0,0,0,0,0,1,0,0,0,1,python_random,vn
python_random_vn,2,136,NonOverlappingTemplate,121,2,2,1.0,False,,False,  0   0   0   2   0   0   0   0   0   0     ----       2/2       NonOverlappingTemplate,0,0,0,2,0,0,0,0,0,0,python_random,vn
python_random_vn,2,137,NonOverlappingTemplate,122,2,2,1.0,False,,False,  0   0   0   1   0   0   1   0   0   0     ----       2/2       NonOverlappingTemplate,0,0,0,1,0,0,1,0,0,0,python_random,vn
python_random_vn,2,138,NonOverlappingTemplate,123,2,2,1.0,False,,False,  1   0   0   0   0   0   0   0   0   1     ----       2/2       NonOverlappingTemplate,1,0,0,0,0,0,0,0,0,1,python_random,vn
python_random_vn,2,139,NonOverlappingTemplate,124,2,2,1.0,False,,False,  0   1   0   0   1   0   0   0   0   0     ----       2/2       NonOverlappingTemplate,0,1,0,0,1,0,0,0,0,0,python_random,vn
python_random_vn,2,140,NonOverlappingTemplate,125,2,2,1.0,False,,False,  0   1   0   0   0   0   0   1   0   0     ----       2/2       NonOverlappingTemplate,0,1,0,0,0,0,0,1,0,0,python_random,vn
python_random_vn,2,141,NonOverlappingTemplate,126,2,2,1.0,False,,False,  0   0   0   0   0   0   0   1   0   1     ----       2/2       NonOverlappingTemplate,0,0,0,0,0,0,0,1,0,1,python_random,vn
python_random_vn,2,142,NonOverlappingTemplate,127,2,2,1.0,False,,False,  0   0   0   0   0   1   0   1   0   0     ----       2/2       NonOverlappingTemplate,0,0,0,0,0,1,0,1,0,0,python_random,vn
python_random_vn,2,143,NonOverlappingTemplate,128,2,2,1.0,False,,False,  0   0   0   1   1   0   0   0   0   0     ----       2/2       NonOverlappingTemplate,0,0,0,1,1,0,0,0,0,0,python_random,vn
python_random_vn,2,144,NonOverlappingTemplate,129,1,2,0.5,False,,False,  1   0   0   0   1   0   0   0   0   0     ----       1/2       NonOverlappingTemplate,1,0,0,0,1,0,0,0,0,0,python_random,vn
python_random_vn,2,145,NonOverlappingTemplate,130,2,2,1.0,False,,False,  1   0   0   0   0   0   0   0   0   1     ----       2/2       NonOverlappingTemplate,1,0,0,0,0,0,0,0,0,1,python_random,vn
python_random_vn,2,146,NonOverlappingTemplate,131,2,2,1.0,False,,False,  0   0   0   0   0   0   0   0   0   2     ----       2/2       NonOverlappingTemplate,0,0,0,0,0,0,0,0,0,2,python_random,vn
python_random_vn,2,147,NonOverlappingTemplate,132,2,2,1.0,False,,False,  0   1   0   0   1   0   0   0   0   0     ----       2/2       NonOverlappingTemplate,0,1,0,0,1,0,0,0,0,0,python_random,vn
python_random_vn,2,148,NonOverlappingTemplate,133,2,2,1.0,False,,False,  0   1   0   0   0   0   0   0   0   1     ----       2/2       NonOverlappingTemplate,0,1,0,0,0,0,0,0,0,1,python_random,vn
python_random_vn,2,149,NonOverlappingTemplate,134,2,2,1.0,False,,False,  1   1   0   0   0   0   0   0   0   0     ----       2/2       NonOverlappingTemplate,1,1,0,0,0,0,0,0,0,0,python_random,vn
python_random_vn,2,150,NonOverlappingTemplate,135,2,2,1.0,False,,False,  0   0   1   0   0   0   0   0   0   1     ----       2/2       NonOverlappingTemplate,0,0,1,0,0,0,0,0,0,1,python_random,vn
python_random_vn,2,151,NonOverlappingTemplate,136,2,2,1.0,False,,False,  0   0   0   1   0   0   1   0   0   0     ----       2/2       NonOverlappingTemplate,0,0,0,1,0,0,1,0,0,0,python_random,vn
python_random_vn,2,152,NonOverlappingTemplate,137,2,2,1.0,False,,False,  0   0   0   0   0   1   1   0   0   0     ----       2/2       NonOverlappingTemplate,0,0,0,0,0,1,1,0,0,0,python_random,vn
python_random_vn,2,153,NonOverlappingTemplate,138,2,2,1.0,False,,False,  0   0   0   0   0   0   1   0   1   0     ----       2/2       NonOverlappingTemplate,0,0,0,0,0,0,1,0,1,0,python_random,vn
python_random_vn,2,154,NonOverlappingTemplate,139,2,2,1.0,False,,False,  1   0   0   0   0   0   1   0   0   0     ----       2/2       NonOverlappingTemplate,1,0,0,0,0,0,1,0,0,0,python_random,vn
python_random_vn,2,155,NonOverlappingTemplate,140,2,2,1.0,False,,False,  0   1   1   0   0   0   0   0   0   0     ----       2/2       NonOverlappingTemplate,0,1,1,0,0,0,0,0,0,0,python_random,vn
python_random_vn,2,156,NonOverlappingTemplate,141,2,2,1.0,False,,False,  0   0   0   0   1   0   0   1   0   0     ----       2/2       NonOverlappingTemplate,0,0,0,0,1,0,0,1,0,0,python_random,vn
python_random_vn,2,157,NonOverlappingTemplate,142,2,2,1.0,False,,False,  0   0   0   0   1   0   1   0   0   0     ----       2/2       NonOverlappingTemplate,0,0,0,0,1,0,1,0,0,0,python_random,vn
python_random_vn,2,158,NonOverlappingTemplate,143,2,2,1.0,False,,False,  0   0   0   0   0   0   0   0   0   2     ----       2/2       NonOverlappingTemplate,0,0,0,0,0,0,0,0,0,2,python_random,vn
python_random_vn,2,159,NonOverlappingTemplate,144,2,2,1.0,False,,False,  0   1   0   0   0   0   1   0   0   0     ----       2/2       NonOverlappingTemplate,0,1,0,0,0,0,1,0,0,0,python_random,vn
python_random_vn,2,160,NonOverlappingTemplate,145,2,2,1.0,False,,False,  0   1   1   0   0   0   0   0   0   0     ----       2/2       NonOverlappingTemplate,0,1,1,0,0,0,0,0,0,0,python_random,vn
python_random_vn,2,161,NonOverlappingTemplate,146,2,2,1.0,False,,False,  1   0   0   0   0   0   0   1   0   0     ----       2/2       NonOverlappingTemplate,1,0,0,0,0,0,0,1,0,0,python_random,vn
python_random_vn,2,162,NonOverlappingTemplate,147,2,2,1.0,False,,False,  0   0   1   0   0   0   0   1   0   0     ----       2/2       NonOverlappingTemplate,0,0,1,0,0,0,0,1,0,0,python_random,vn
python_random_vn,2,163,NonOverlappingTemplate,148,2,2,1.0,False,,False,  0   0   0   0   0   1   0   0   1   0     ----       2/2       NonOverlappingTemplate,0,0,0,0,0,1,0,0,1,0,python_random,vn
python_random_vn,2,164,OverlappingTemplate,1,2,2,1.0,False,,False,  1   0   0   0   1   0   0   0   0   0     ----       2/2       OverlappingTemplate,1,0,0,0,1,0,0,0,0,0,python_random,vn
python_random_vn,2,165,Universal,1,2,2,1.0,False,,False,  0   0   0   1   0   0   1   0   0   0     ----       2/2       Universal,0,0,0,1,0,0,1,0,0,0,python_random,vn
python_random_vn,2,166,ApproximateEntropy,1,2,2,1.0,False,,False,  0   0   0   1   0   0   0   1   0   0     ----       2/2       ApproximateEntropy,0,0,0,1,0,0,0,1,0,0,python_random,vn
python_random_vn,2,167,RandomExcursions,1,1,1,1.0,False,,False,  0   0   0   0   0   0   1   0   0   0     ----       1/1       RandomExcursions,0,0,0,0,0,0,1,0,0,0,python_random,vn
python_random_vn,2,168,RandomExcursions,2,1,1,1.0,False,,False,  0   0   1   0   0   0   0   0   0   0     ----       1/1       RandomExcursions,0,0,1,0,0,0,0,0,0,0,python_random,vn
python_random_vn,2,169,RandomExcursions,3,1,1,1.0,False,,False,  0   1   0   0   0   0   0   0   0   0     ----       1/1       RandomExcursions,0,1,0,0,0,0,0,0,0,0,python_random,vn
python_random_vn,2,170,RandomExcursions,4,1,1,1.0,False,,False,  1   0   0   0   0   0   0   0   0   0     ----       1/1       RandomExcursions,1,0,0,0,0,0,0,0,0,0,python_random,vn
python_random_vn,2,171,RandomExcursions,5,1,1,1.0,False,,False,  0   0   0   0   0   0   1   0   0   0     ----       1/1       RandomExcursions,0,0,0,0,0,0,1,0,0,0,python_random,vn
python_random_vn,2,172,RandomExcursions,6,1,1,1.0,False,,False,  0   0   0   1   0   0   0   0   0   0     ----       1/1       RandomExcursions,0,0,0,1,0,0,0,0,0,0,python_random,vn
python_random_vn,2,173,RandomExcursions,7,1,1,1.0,False,,False,  0   0   0   1   0   0   0   0   0   0     ----       1/1       RandomExcursions,0,0,0,1,0,0,0,0,0,0,python_random,vn
python_random_vn,2,174,RandomExcursions,8,1,1,1.0,False,,False,  0   0   0   1   0   0   0   0   0   0     ----       1/1       RandomExcursions,0,0,0,1,0,0,0,0,0,0,python_random,vn
python_random_vn,2,175,RandomExcursionsVariant,1,1,1,1.0,False,,False,  0   0   1   0   0   0   0   0   0   0     ----       1/1       RandomExcursionsVariant,0,0,1,0,0,0,0,0,0,0,python_random,vn
python_random_vn,2,176,RandomExcursionsVariant,2,1,1,1.0,False,,False,  0   0   1   0   0   0   0   0   0   0     ----       1/1       RandomExcursionsVariant,0,0,1,0,0,0,0,0,0,0,python_random,vn
python_random_vn,2,177,RandomExcursionsVariant,3,1,1,1.0,False,,False,  0   1   0   0   0   0   0   0   0   0     ----       1/1       RandomExcursionsVariant,0,1,0,0,0,0,0,0,0,0,python_random,vn
python_random_vn,2,178,RandomExcursionsVariant,4,1,1,1.0,False,,False,  0   1   0   0   0   0   0   0   0   0     ----       1/1       RandomExcursionsVariant,0,1,0,0,0,0,0,0,0,0,python_random,vn
python_random_vn,2,179,RandomExcursionsVariant,5,1,1,1.0,False,,False,  0   1   0   0   0   0   0   0   0   0     ----       1/1       RandomExcursionsVariant,0,1,0,0,0,0,0,0,0,0,python_random,vn
python_random_vn,2,180,RandomExcursionsVariant,6,1,1,1.0,False,,False,  0   1   0   0   0   0   0   0   0   0     ----       1/1       RandomExcursionsVariant,0,1,0,0,0,0,0,0,0,0,python_random,vn
python_random_vn,2,181,RandomExcursionsVariant,7,1,1,1.0,False,,False,  0   1   0   0   0   0   0   0   0   0     ----       1/1       RandomExcursionsVariant,0,1,0,0,0,0,0,0,0,0,python_random,vn
python_random_vn,2,182,RandomExcursionsVariant,8,1,1,1.0,False,,False,  1   0   0   0   0   0   0   0   0   0     ----       1/1       RandomExcursionsVariant,1,0,0,0,0,0,0,0,0,0,python_random,vn
python_random_vn,2,183,RandomExcursionsVariant,9,0,1,0.0,False,,False,  1   0   0   0   0   0   0   0   0   0     ----       0/1       RandomExcursionsVariant,1,0,0,0,0,0,0,0,0,0,python_random,vn
python_random_vn,2,184,RandomExcursionsVariant,10,1,1,1.0,False,,False,  0   1   0   0   0   0   0   0   0   0     ----       1/1       RandomExcursionsVariant,0,1,0,0,0,0,0,0,0,0,python_random,vn
python_random_vn,2,185,RandomExcursionsVariant,11,1,1,1.0,False,,False,  0   0   0   0   1   0   0   0   0   0     ----       1/1       RandomExcursionsVariant,0,0,0,0,1,0,0,0,0,0,python_random,vn
python_random_vn,2,186,RandomExcursionsVariant,12,1,1,1.0,False,,False,  0   0   0   0   0   0   1   0   0   0     ----       1/1       RandomExcursionsVariant,0,0,0,0,0,0,1,0,0,0,python_random,vn
python_random_vn,2,187,RandomExcursionsVariant,13,1,1,1.0,False,,False,  0   0   0   0   0   0   0   1   0   0     ----       1/1       RandomExcursionsVariant,0,0,0,0,0,0,0,1,0,0,python_random,vn
python_random_vn,2,188,RandomExcursionsVariant,14,1,1,1.0,False,,False,  0   0   0   0   0   0   0   1   0   0     ----       1/1       RandomExcursionsVariant,0,0,0,0,0,0,0,1,0,0,python_random,vn
python_random_vn,2,189,RandomExcursionsVariant,15,1,1,1.0,False,,False,  0   0   0   0   0   0   0   0   0   1     ----       1/1       RandomExcursionsVariant,0,0,0,0,0,0,0,0,0,1,python_random,vn
python_random_vn,2,190,RandomExcursionsVariant,16,1,1,1.0,False,,False,  0   0   0   0   0   0   1   0   0   0     ----       1/1       RandomExcursionsVariant,0,0,0,0,0,0,1,0,0,0,python_random,vn
python_random_vn,2,191,RandomExcursionsVariant,17,1,1,1.0,False,,False,  0   0   0   0   1   0   0   0   0   0     ----       1/1       RandomExcursionsVariant,0,0,0,0,1,0,0,0,0,0,python_random,vn
python_random_vn,2,192,RandomExcursionsVariant,18,1,1,1.0,False,,False,  0   0   0   0   1   0   0   0   0   0     ----       1/1       RandomExcursionsVariant,0,0,0,0,1,0,0,0,0,0,python_random,vn
python_random_vn,2,193,Serial,1,2,2,1.0,False,,False,  0   0   1   1   0   0   0   0   0   0     ----       2/2       Serial,0,0,1,1,0,0,0,0,0,0,python_random,vn
python_random_vn,2,194,Serial,2,2,2,1.0,False,,False,  1   1   0   0   0   0   0   0   0   0     ----       2/2       Serial,1,1,0,0,0,0,0,0,0,0,python_random,vn
python_random_vn,2,195,LinearComplexity,1,2,2,1.0,False,,False,  0   1   0   0   0   0   0   1   0   0     ----       2/2       LinearComplexity,0,1,0,0,0,0,0,1,0,0,python_random,vn
python_random_xor,8,8,Frequency,1,8,8,1.0,False,,False,  0   1   1   0   0   2   1   2   0   1     ----       8/8       Frequency,0,1,1,0,0,2,1,2,0,1,python_random,xor
python_random_xor,8,9,BlockFrequency,1,8,8,1.0,False,,False,  0   0   0   0   0   2   1   1   1   3     ----       8/8       BlockFrequency,0,0,0,0,0,2,1,1,1,3,python_random,xor
python_random_xor,8,10,CumulativeSums,1,8,8,1.0,False,,False,  0   1   1   0   3   0   0   0   1   2     ----       8/8       CumulativeSums,0,1,1,0,3,0,0,0,1,2,python_random,xor
python_random_xor,8,11,CumulativeSums,2,8,8,1.0,False,,False,  0   0   3   0   0   0   0   3   1   1     ----       8/8       CumulativeSums,0,0,3,0,0,0,0,3,1,1,python_random,xor
python_random_xor,8,12,Runs,1,8,8,1.0,False,,False,  1   1   0   1   1   1   0   1   1   1     ----       8/8       Runs,1,1,0,1,1,1,0,1,1,1,python_random,xor
python_random_xor,8,13,LongestRun,1,8,8,1.0,False,,False,  0   1   0   1   0   4   1   0   0   1     ----       8/8       LongestRun,0,1,0,1,0,4,1,0,0,1,python_random,xor
python_random_xor,8,14,Rank,1,8,8,1.0,False,,False,  0   0   2   0   0   2   0   2   1   1     ----       8/8       Rank,0,0,2,0,0,2,0,2,1,1,python_random,xor
python_random_xor,8,15,FFT,1,8,8,1.0,False,,False,  1   1   2   1   1   2   0   0   0   0     ----       8/8       FFT,1,1,2,1,1,2,0,0,0,0,python_random,xor
python_random_xor,8,16,NonOverlappingTemplate,1,7,8,0.875,False,,False,  2   0   1   1   0   1   1   0   1   1     ----       7/8       NonOverlappingTemplate,2,0,1,1,0,1,1,0,1,1,python_random,xor
python_random_xor,8,17,NonOverlappingTemplate,2,8,8,1.0,False,,False,  0   2   2   2   1   0   0   1   0   0     ----       8/8       NonOverlappingTemplate,0,2,2,2,1,0,0,1,0,0,python_random,xor
python_random_xor,8,18,NonOverlappingTemplate,3,7,8,0.875,False,,False,  1   1   1   0   0   2   1   0   2   0     ----       7/8       NonOverlappingTemplate,1,1,1,0,0,2,1,0,2,0,python_random,xor
python_random_xor,8,19,NonOverlappingTemplate,4,7,8,0.875,False,,False,  2   0   0   2   0   0   1   0   2   1     ----       7/8       NonOverlappingTemplate,2,0,0,2,0,0,1,0,2,1,python_random,xor
python_random_xor,8,20,NonOverlappingTemplate,5,8,8,1.0,False,,False,  0   0   0   1   1   1   1   1   2   1     ----       8/8       NonOverlappingTemplate,0,0,0,1,1,1,1,1,2,1,python_random,xor
python_random_xor,8,21,NonOverlappingTemplate,6,8,8,1.0,False,,False,  0   1   0   0   1   1   2   1   1   1     ----       8/8       NonOverlappingTemplate,0,1,0,0,1,1,2,1,1,1,python_random,xor
python_random_xor,8,22,NonOverlappingTemplate,7,8,8,1.0,False,,False,  0   1   2   2   2   0   0   0   1   0     ----       8/8       NonOverlappingTemplate,0,1,2,2,2,0,0,0,1,0,python_random,xor
python_random_xor,8,23,NonOverlappingTemplate,8,8,8,1.0,False,,False,  0   0   1   2   0   1   0   1   1   2     ----       8/8       NonOverlappingTemplate,0,0,1,2,0,1,0,1,1,2,python_random,xor
python_random_xor,8,24,NonOverlappingTemplate,9,8,8,1.0,False,,False,  1   1   2   0   0   1   1   1   0   1     ----       8/8       NonOverlappingTemplate,1,1,2,0,0,1,1,1,0,1,python_random,xor
python_random_xor,8,25,NonOverlappingTemplate,10,8,8,1.0,False,,False,  0   1   0   1   1   0   2   0   1   2     ----       8/8       NonOverlappingTemplate,0,1,0,1,1,0,2,0,1,2,python_random,xor
python_random_xor,8,26,NonOverlappingTemplate,11,7,8,0.875,False,,False,  1   0   0   1   1   1   0   2   0   2     ----       7/8       NonOverlappingTemplate,1,0,0,1,1,1,0,2,0,2,python_random,xor
python_random_xor,8,27,NonOverlappingTemplate,12,8,8,1.0,False,,False,  2   2   0   1   1   0   0   0   1   1     ----       8/8       NonOverlappingTemplate,2,2,0,1,1,0,0,0,1,1,python_random,xor
python_random_xor,8,28,NonOverlappingTemplate,13,8,8,1.0,False,,False,  1   2   1   1   0   1   0   0   1   1     ----       8/8       NonOverlappingTemplate,1,2,1,1,0,1,0,0,1,1,python_random,xor
python_random_xor,8,29,NonOverlappingTemplate,14,8,8,1.0,False,,False,  1   1   0   0   0   3   0   2   0   1     ----       8/8       NonOverlappingTemplate,1,1,0,0,0,3,0,2,0,1,python_random,xor
python_random_xor,8,30,NonOverlappingTemplate,15,8,8,1.0,False,,False,  1   2   0   2   0   1   1   1   0   0     ----       8/8       NonOverlappingTemplate,1,2,0,2,0,1,1,1,0,0,python_random,xor
python_random_xor,8,31,NonOverlappingTemplate,16,8,8,1.0,False,,False,  0   1   0   3   1   1   1   0   1   0     ----       8/8       NonOverlappingTemplate,0,1,0,3,1,1,1,0,1,0,python_random,xor
python_random_xor,8,32,NonOverlappingTemplate,17,8,8,1.0,False,,False,  3   0   0   1   1   1   0   0   0   2     ----       8/8       NonOverlappingTemplate,3,0,0,1,1,1,0,0,0,2,python_random,xor
python_random_xor,8,33,NonOverlappingTemplate,18,8,8,1.0,False,,False,  2   0   1   1   0   4   0   0   0   0     ----       8/8       NonOverlappingTemplate,2,0,1,1,0,4,0,0,0,0,python_random,xor
python_random_xor,8,34,NonOverlappingTemplate,19,8,8,1.0,False,,False,  1   2   1   0   1   1   1   0   0   1     ----       8/8       NonOverlappingTemplate,1,2,1,0,1,1,1,0,0,1,python_random,xor
python_random_xor,8,35,NonOverlappingTemplate,20,8,8,1.0,False,,False,  0   0   0   0   1   1   1   3   0   2     ----       8/8       NonOverlappingTemplate,0,0,0,0,1,1,1,3,0,2,python_random,xor
python_random_xor,8,36,NonOverlappingTemplate,21,8,8,1.0,False,,False,  0   1   0   1   2   2   0   2   0   0     ----       8/8       NonOverlappingTemplate,0,1,0,1,2,2,0,2,0,0,python_random,xor
python_random_xor,8,37,NonOverlappingTemplate,22,8,8,1.0,False,,False,  1   1   1   0   4   0   0   1   0   0     ----       8/8       NonOverlappingTemplate,1,1,1,0,4,0,0,1,0,0,python_random,xor
python_random_xor,8,38,NonOverlappingTemplate,23,8,8,1.0,False,,False,  1   0   2   0   0   2   0   2   1   0     ----       8/8       NonOverlappingTemplate,1,0,2,0,0,2,0,2,1,0,python_random,xor
python_random_xor,8,39,NonOverlappingTemplate,24,8,8,1.0,False,,False,  1   2   1   0   0   0   2   2   0   0     ----       8/8       NonOverlappingTemplate,1,2,1,0,0,0,2,2,0,0,python_random,xor
python_random_xor,8,40,NonOverlappingTemplate,25,8,8,1.0,False,,False,  3   1   0   0   1   0   1   1   0   1     ----       8/8       NonOverlappingTemplate,3,1,0,0,1,0,1,1,0,1,python_random,xor
python_random_xor,8,41,NonOverlappingTemplate,26,8,8,1.0,False,,False,  1   1   1   0   1   0   3   1   0   0     ----       8/8       NonOverlappingTemplate,1,1,1,0,1,0,3,1,0,0,python_random,xor
python_random_xor,8,42,NonOverlappingTemplate,27,8,8,1.0,False,,False,  0   0   1   0   4   0   1   1   1   0     ----       8/8       NonOverlappingTemplate,0,0,1,0,4,0,1,1,1,0,python_random,xor
python_random_xor,8,43,NonOverlappingTemplate,28,8,8,1.0,False,,False,  1   1   1   0   0   1   1   1   0   2     ----       8/8       NonOverlappingTemplate,1,1,1,0,0,1,1,1,0,2,python_random,xor
python_random_xor,8,44,NonOverlappingTemplate,29,8,8,1.0,False,,False,  0   0   2   2   0   1   0   1   1   1     ----       8/8       NonOverlappingTemplate,0,0,2,2,0,1,0,1,1,1,python_random,xor
python_random_xor,8,45,NonOverlappingTemplate,30,8,8,1.0,False,,False,  2   1   0   1   0   1   0   2   0   1     ----       8/8       NonOverlappingTemplate,2,1,0,1,0,1,0,2,0,1,python_random,xor
python_random_xor,8,46,NonOverlappingTemplate,31,8,8,1.0,False,,False,  0   0   2   2   2   0   0   1   0   1     ----       8/8       NonOverlappingTemplate,0,0,2,2,2,0,0,1,0,1,python_random,xor
python_random_xor,8,47,NonOverlappingTemplate,32,8,8,1.0,False,,False,  2   1   1   0   1   0   1   0   1   1     ----       8/8       NonOverlappingTemplate,2,1,1,0,1,0,1,0,1,1,python_random,xor
python_random_xor,8,48,NonOverlappingTemplate,33,8,8,1.0,False,,False,  0   1   0   2   1   1   2   0   1   0     ----       8/8       NonOverlappingTemplate,0,1,0,2,1,1,2,0,1,0,python_random,xor
python_random_xor,8,49,NonOverlappingTemplate,34,8,8,1.0,False,,False,  2   0   1   1   0   0   3   1   0   0     ----       8/8       NonOverlappingTemplate,2,0,1,1,0,0,3,1,0,0,python_random,xor
python_random_xor,8,50,NonOverlappingTemplate,35,8,8,1.0,False,,False,  0   0   1   0   0   5   0   0   1   1     ----       8/8       NonOverlappingTemplate,0,0,1,0,0,5,0,0,1,1,python_random,xor
python_random_xor,8,51,NonOverlappingTemplate,36,7,8,0.875,False,,False,  1   1   0   1   1   1   0   1   1   1     ----       7/8       NonOverlappingTemplate,1,1,0,1,1,1,0,1,1,1,python_random,xor
python_random_xor,8,52,NonOverlappingTemplate,37,8,8,1.0,False,,False,  0   0   1   1   0   1   0   1   1   3     ----       8/8       NonOverlappingTemplate,0,0,1,1,0,1,0,1,1,3,python_random,xor
python_random_xor,8,53,NonOverlappingTemplate,38,8,8,1.0,False,,False,  1   1   1   0   1   0   0   3   1   0     ----       8/8       NonOverlappingTemplate,1,1,1,0,1,0,0,3,1,0,python_random,xor
python_random_xor,8,54,NonOverlappingTemplate,39,7,8,0.875,False,,False,  1   1   1   1   1   0   1   1   1   0     ----       7/8       NonOverlappingTemplate,1,1,1,1,1,0,1,1,1,0,python_random,xor
python_random_xor,8,55,NonOverlappingTemplate,40,8,8,1.0,False,,False,  2   2   1   0   1   0   1   1   0   0     ----       8/8       NonOverlappingTemplate,2,2,1,0,1,0,1,1,0,0,python_random,xor
python_random_xor,8,56,NonOverlappingTemplate,41,8,8,1.0,False,,False,  1   0   1   2   1   1   1   0   1   0     ----       8/8       NonOverlappingTemplate,1,0,1,2,1,1,1,0,1,0,python_random,xor
python_random_xor,8,57,NonOverlappingTemplate,42,8,8,1.0,False,,False,  0   1   1   2   2   0   1   0   0   1     ----       8/8       NonOverlappingTemplate,0,1,1,2,2,0,1,0,0,1,python_random,xor
python_random_xor,8,58,NonOverlappingTemplate,43,8,8,1.0,False,,False,  3   3   0   0   0   1   0   0   1   0     ----       8/8       NonOverlappingTemplate,3,3,0,0,0,1,0,0,1,0,python_random,xor
python_random_xor,8,59,NonOverlappingTemplate,44,8,8,1.0,False,,False,  0   2   1   0   2   1   0   1   0   1     ----       8/8       NonOverlappingTemplate,0,2,1,0,2,1,0,1,0,1,python_random,xor
python_random_xor,8,60,NonOverlappingTemplate,45,8,8,1.0,False,,False,  2   1   0   1   0   2   1   0   0   1     ----       8/8       NonOverlappingTemplate,2,1,0,1,0,2,1,0,0,1,python_random,xor
python_random_xor,8,61,NonOverlappingTemplate,46,7,8,0.875,False,,False,  2   0   1   0   0   0   4   0   0   1     ----       7/8       NonOverlappingTemplate,2,0,1,0,0,0,4,0,0,1,python_random,xor
python_random_xor,8,62,NonOverlappingTemplate,47,7,8,0.875,False,,False,  2   0   3   0   0   0   1   0   1   1     ----       7/8       NonOverlappingTemplate,2,0,3,0,0,0,1,0,1,1,python_random,xor
python_random_xor,8,63,NonOverlappingTemplate,48,5,8,0.625,True,,False,  5   1   0   0   0   1   0   1   0   0     ----       5/8    *  NonOverlappingTemplate,5,1,0,0,0,1,0,1,0,0,python_random,xor
python_random_xor,8,64,NonOverlappingTemplate,49,8,8,1.0,False,,False,  1   0   0   2   0   1   0   2   1   1     ----       8/8       NonOverlappingTemplate,1,0,0,2,0,1,0,2,1,1,python_random,xor
python_random_xor,8,65,NonOverlappingTemplate,50,8,8,1.0,False,,False,  0   0   0   2   1   2   1   1   0   1     ----       8/8       NonOverlappingTemplate,0,0,0,2,1,2,1,1,0,1,python_random,xor
python_random_xor,8,66,NonOverlappingTemplate,51,8,8,1.0,False,,False,  2   0   2   2   0   1   0   0   1   0     ----       8/8       NonOverlappingTemplate,2,0,2,2,0,1,0,0,1,0,python_random,xor
python_random_xor,8,67,NonOverlappingTemplate,52,8,8,1.0,False,,False,  0   1   0   0   0   1   1   4   1   0     ----       8/8       NonOverlappingTemplate,0,1,0,0,0,1,1,4,1,0,python_random,xor
python_random_xor,8,68,NonOverlappingTemplate,53,8,8,1.0,False,,False,  1   1   0   1   2   0   0   1   0   2     ----       8/8       NonOverlappingTemplate,1,1,0,1,2,0,0,1,0,2,python_random,xor
python_random_xor,8,69,NonOverlappingTemplate,54,8,8,1.0,False,,False,  1   2   0   2   0   0   0   0   1   2     ----       8/8       NonOverlappingTemplate,1,2,0,2,0,0,0,0,1,2,python_random,xor
python_random_xor,8,70,NonOverlappingTemplate,55,8,8,1.0,False,,False,  1   1   0   3   1   0   0   1   1   0     ----       8/8       NonOverlappingTemplate,1,1,0,3,1,0,0,1,1,0,python_random,xor
python_random_xor,8,71,NonOverlappingTemplate,56,8,8,1.0,False,,False,  1   0   0   1   1   0   1   2   2   0     ----       8/8       NonOverlappingTemplate,1,0,0,1,1,0,1,2,2,0,python_random,xor
python_random_xor,8,72,NonOverlappingTemplate,57,7,8,0.875,False,,False,  3   0   1   1   1   0   0   0   1   1     ----       7/8       NonOverlappingTemplate,3,0,1,1,1,0,0,0,1,1,python_random,xor
python_random_xor,8,73,NonOverlappingTemplate,58,8,8,1.0,False,,False,  2   2   0   0   2   1   0   1   0   0     ----       8/8       NonOverlappingTemplate,2,2,0,0,2,1,0,1,0,0,python_random,xor
python_random_xor,8,74,NonOverlappingTemplate,59,8,8,1.0,False,,False,  1   1   2   0   3   0   0   0   1   0     ----       8/8       NonOverlappingTemplate,1,1,2,0,3,0,0,0,1,0,python_random,xor
python_random_xor,8,75,NonOverlappingTemplate,60,8,8,1.0,False,,False,  1   1   3   0   1   0   0   0   0   2     ----       8/8       NonOverlappingTemplate,1,1,3,0,1,0,0,0,0,2,python_random,xor
python_random_xor,8,76,NonOverlappingTemplate,61,7,8,0.875,False,,False,  1   0   1   0   1   2   1   0   1   1     ----       7/8       NonOverlappingTemplate,1,0,1,0,1,2,1,0,1,1,python_random,xor
python_random_xor,8,77,NonOverlappingTemplate,62,8,8,1.0,False,,False,  0   2   0   0   2   1   0   2   0   1     ----       8/8       NonOverlappingTemplate,0,2,0,0,2,1,0,2,0,1,python_random,xor
python_random_xor,8,78,NonOverlappingTemplate,63,8,8,1.0,False,,False,  0   2   2   0   0   1   0   1   1   1     ----       8/8       NonOverlappingTemplate,0,2,2,0,0,1,0,1,1,1,python_random,xor
python_random_xor,8,79,NonOverlappingTemplate,64,8,8,1.0,False,,False,  1   0   2   0   1   0   1   1   2   0     ----       8/8       NonOverlappingTemplate,1,0,2,0,1,0,1,1,2,0,python_random,xor
python_random_xor,8,80,NonOverlappingTemplate,65,8,8,1.0,False,,False,  0   0   0   2   0   2   0   0   3   1     ----       8/8       NonOverlappingTemplate,0,0,0,2,0,2,0,0,3,1,python_random,xor
python_random_xor,8,81,NonOverlappingTemplate,66,8,8,1.0,False,,False,  1   1   1   0   2   0   1   0   1   1     ----       8/8       NonOverlappingTemplate,1,1,1,0,2,0,1,0,1,1,python_random,xor
python_random_xor,8,82,NonOverlappingTemplate,67,8,8,1.0,False,,False,  1   0   0   0   2   1   1   0   0   3     ----       8/8       NonOverlappingTemplate,1,0,0,0,2,1,1,0,0,3,python_random,xor
python_random_xor,8,83,NonOverlappingTemplate,68,8,8,1.0,False,,False,  3   0   1   2   0   1   0   0   0   1     ----       8/8       NonOverlappingTemplate,3,0,1,2,0,1,0,0,0,1,python_random,xor
python_random_xor,8,84,NonOverlappingTemplate,69,8,8,1.0,False,,False,  2   1   0   1   0   0   1   1   1   1     ----       8/8       NonOverlappingTemplate,2,1,0,1,0,0,1,1,1,1,python_random,xor
python_random_xor,8,85,NonOverlappingTemplate,70,8,8,1.0,False,,False,  0   0   1   1   1   0   3   0   0   2     ----       8/8       NonOverlappingTemplate,0,0,1,1,1,0,3,0,0,2,python_random,xor
python_random_xor,8,86,NonOverlappingTemplate,71,8,8,1.0,False,,False,  2   0   0   1   0   2   2   0   0   1     ----       8/8       NonOverlappingTemplate,2,0,0,1,0,2,2,0,0,1,python_random,xor
python_random_xor,8,87,NonOverlappingTemplate,72,7,8,0.875,False,,False,  1   0   3   0   0   0   1   1   2   0     ----       7/8       NonOverlappingTemplate,1,0,3,0,0,0,1,1,2,0,python_random,xor
python_random_xor,8,88,NonOverlappingTemplate,73,8,8,1.0,False,,False,  0   1   0   1   1   1   0   1   1   2     ----       8/8       NonOverlappingTemplate,0,1,0,1,1,1,0,1,1,2,python_random,xor
python_random_xor,8,89,NonOverlappingTemplate,74,8,8,1.0,False,,False,  1   1   1   0   1   0   1   2   1   0     ----       8/8       NonOverlappingTemplate,1,1,1,0,1,0,1,2,1,0,python_random,xor
python_random_xor,8,90,NonOverlappingTemplate,75,7,8,0.875,False,,False,  2   0   1   1   0   1   1   0   1   1     ----       7/8       NonOverlappingTemplate,2,0,1,1,0,1,1,0,1,1,python_random,xor
python_random_xor,8,91,NonOverlappingTemplate,76,8,8,1.0,False,,False,  0   1   1   2   1   0   1   1   0   1     ----       8/8       NonOverlappingTemplate,0,1,1,2,1,0,1,1,0,1,python_random,xor
python_random_xor,8,92,NonOverlappingTemplate,77,8,8,1.0,False,,False,  1   1   1   1   0   0   0   2   1   1     ----       8/8       NonOverlappingTemplate,1,1,1,1,0,0,0,2,1,1,python_random,xor
python_random_xor,8,93,NonOverlappingTemplate,78,8,8,1.0,False,,False,  0   0   2   0   2   1   2   1   0   0     ----       8/8       NonOverlappingTemplate,0,0,2,0,2,1,2,1,0,0,python_random,xor
python_random_xor,8,94,NonOverlappingTemplate,79,8,8,1.0,False,,False,  0   1   0   0   1   1   1   1   1   2     ----       8/8       NonOverlappingTemplate,0,1,0,0,1,1,1,1,1,2,python_random,xor
python_random_xor,8,95,NonOverlappingTemplate,80,8,8,1.0,False,,False,  1   0   0   2   2   1   1   0   0   1     ----       8/8       NonOverlappingTemplate,1,0,0,2,2,1,1,0,0,1,python_random,xor
python_random_xor,8,96,NonOverlappingTemplate,81,7,8,0.875,False,,False,  1   1   2   2   0   1   0   1   0   0     ----       7/8       NonOverlappingTemplate,1,1,2,2,0,1,0,1,0,0,python_random,xor
python_random_xor,8,97,NonOverlappingTemplate,82,8,8,1.0,False,,False,  0   2   0   0   2   0   0   1   1   2     ----       8/8       NonOverlappingTemplate,0,2,0,0,2,0,0,1,1,2,python_random,xor
python_random_xor,8,98,NonOverlappingTemplate,83,8,8,1.0,False,,False,  0   1   0   0   2   1   2   1   0   1     ----       8/8       NonOverlappingTemplate,0,1,0,0,2,1,2,1,0,1,python_random,xor
python_random_xor,8,99,NonOverlappingTemplate,84,8,8,1.0,False,,False,  0   1   1   1   1   1   2   0   0   1     ----       8/8       NonOverlappingTemplate,0,1,1,1,1,1,2,0,0,1,python_random,xor
python_random_xor,8,100,NonOverlappingTemplate,85,8,8,1.0,False,,False,  0   1   2   2   0   0   1   1   1   0     ----       8/8       NonOverlappingTemplate,0,1,2,2,0,0,1,1,1,0,python_random,xor
python_random_xor,8,101,NonOverlappingTemplate,86,8,8,1.0,False,,False,  2   0   1   1   1   0   1   1   0   1     ----       8/8       NonOverlappingTemplate,2,0,1,1,1,0,1,1,0,1,python_random,xor
python_random_xor,8,102,NonOverlappingTemplate,87,8,8,1.0,False,,False,  0   2   0   0   2   0   1   3   0   0     ----       8/8       NonOverlappingTemplate,0,2,0,0,2,0,1,3,0,0,python_random,xor
python_random_xor,8,103,NonOverlappingTemplate,88,8,8,1.0,False,,False,  0   3   0   1   0   0   0   2   2   0     ----       8/8       NonOverlappingTemplate,0,3,0,1,0,0,0,2,2,0,python_random,xor
python_random_xor,8,104,NonOverlappingTemplate,89,8,8,1.0,False,,False,  1   0   3   0   0   2   1   0   1   0     ----       8/8       NonOverlappingTemplate,1,0,3,0,0,2,1,0,1,0,python_random,xor
python_random_xor,8,105,NonOverlappingTemplate,90,8,8,1.0,False,,False,  2   0   1   1   1   0   0   1   1   1     ----       8/8       NonOverlappingTemplate,2,0,1,1,1,0,0,1,1,1,python_random,xor
python_random_xor,8,106,NonOverlappingTemplate,91,8,8,1.0,False,,False,  0   0   0   0   2   3   0   2   0   1     ----       8/8       NonOverlappingTemplate,0,0,0,0,2,3,0,2,0,1,python_random,xor
python_random_xor,8,107,NonOverlappingTemplate,92,8,8,1.0,False,,False,  0   0   0   1   1   2   3   0   0   1     ----       8/8       NonOverlappingTemplate,0,0,0,1,1,2,3,0,0,1,python_random,xor
python_random_xor,8,108,NonOverlappingTemplate,93,8,8,1.0,False,,False,  1   1   0   1   0   1   3   1   0   0     ----       8/8       NonOverlappingTemplate,1,1,0,1,0,1,3,1,0,0,python_random,xor
python_random_xor,8,109,NonOverlappingTemplate,94,8,8,1.0,False,,False,  1   0   1   1   0   3   0   1   0   1     ----       8/8       NonOverlappingTemplate,1,0,1,1,0,3,0,1,0,1,python_random,xor
python_random_xor,8,110,NonOverlappingTemplate,95,8,8,1.0,False,,False,  0   1   0   0   1   1   2   0   3   0     ----       8/8       NonOverlappingTemplate,0,1,0,0,1,1,2,0,3,0,python_random,xor
python_random_xor,8,111,NonOverlappingTemplate,96,8,8,1.0,False,,False,  1   1   2   0   0   1   0   2   0   1     ----       8/8       NonOverlappingTemplate,1,1,2,0,0,1,0,2,0,1,python_random,xor
python_random_xor,8,112,NonOverlappingTemplate,97,8,8,1.0,False,,False,  2   0   0   2   0   0   0   2   1   1     ----       8/8       NonOverlappingTemplate,2,0,0,2,0,0,0,2,1,1,python_random,xor
python_random_xor,8,113,NonOverlappingTemplate,98,7,8,0.875,False,,False,  1   1   2   0   1   0   0   1   0   2     ----       7/8       NonOverlappingTemplate,1,1,2,0,1,0,0,1,0,2,python_random,xor
python_random_xor,8,114,NonOverlappingTemplate,99,8,8,1.0,False,,False,  1   1   0   0   2   1   1   1   1   0     ----       8/8       NonOverlappingTemplate,1,1,0,0,2,1,1,1,1,0,python_random,xor
python_random_xor,8,115,NonOverlappingTemplate,100,8,8,1.0,False,,False,  1   2   1   1   2   0   0   0   0   1     ----       8/8       NonOverlappingTemplate,1,2,1,1,2,0,0,0,0,1,python_random,xor
python_random_xor,8,116,NonOverlappingTemplate,101,8,8,1.0,False,,False,  0   1   1   0   0   2   0   1   0   3     ----       8/8       NonOverlappingTemplate,0,1,1,0,0,2,0,1,0,3,python_random,xor
python_random_xor,8,117,NonOverlappingTemplate,102,7,8,0.875,False,,False,  2   0   1   1   0   0   1   2   0   1     ----       7/8       NonOverlappingTemplate,2,0,1,1,0,0,1,2,0,1,python_random,xor
python_random_xor,8,118,NonOverlappingTemplate,103,8,8,1.0,False,,False,  0   2   2   0   0   2   0   0   1   1     ----       8/8       NonOverlappingTemplate,0,2,2,0,0,2,0,0,1,1,python_random,xor
python_random_xor,8,119,NonOverlappingTemplate,104,8,8,1.0,False,,False,  0   3   1   1   0   0   1   0   0   2     ----       8/8       NonOverlappingTemplate,0,3,1,1,0,0,1,0,0,2,python_random,xor
python_random_xor,8,120,NonOverlappingTemplate,105,7,8,0.875,False,,False,  1   1   1   0   0   0   2   3   0   0     ----       7/8       NonOverlappingTemplate,1,1,1,0,0,0,2,3,0,0,python_random,xor
python_random_xor,8,121,NonOverlappingTemplate,106,8,8,1.0,False,,False,  2   1   0   1   0   0   1   1   0   2     ----       8/8       NonOverlappingTemplate,2,1,0,1,0,0,1,1,0,2,python_random,xor
python_random_xor,8,122,NonOverlappingTemplate,107,8,8,1.0,False,,False,  2   1   0   2   1   1   0   0   1   0     ----       8/8       NonOverlappingTemplate,2,1,0,2,1,1,0,0,1,0,python_random,xor
python_random_xor,8,123,NonOverlappingTemplate,108,8,8,1.0,False,,False,  0   1   0   0   1   1   3   1   0   1     ----       8/8       NonOverlappingTemplate,0,1,0,0,1,1,3,1,0,1,python_random,xor
python_random_xor,8,124,NonOverlappingTemplate,109,6,8,0.75,True,,False,  2   1   1   1   2   0   1   0   0   0     ----       6/8    *  NonOverlappingTemplate,2,1,1,1,2,0,1,0,0,0,python_random,xor
python_random_xor,8,125,NonOverlappingTemplate,110,8,8,1.0,False,,False,  1   1   0   1   0   1   1   1   2   0     ----       8/8       NonOverlappingTemplate,1,1,0,1,0,1,1,1,2,0,python_random,xor
python_random_xor,8,126,NonOverlappingTemplate,111,8,8,1.0,False,,False,  1   0   1   1   2   1   1   1   0   0     ----       8/8       NonOverlappingTemplate,1,0,1,1,2,1,1,1,0,0,python_random,xor
python_random_xor,8,127,NonOverlappingTemplate,112,8,8,1.0,False,,False,  1   0   0   1   1   3   1   0   1   0     ----       8/8       NonOverlappingTemplate,1,0,0,1,1,3,1,0,1,0,python_random,xor
python_random_xor,8,128,NonOverlappingTemplate,113,8,8,1.0,False,,False,  1   0   1   3   1   0   0   1   1   0     ----       8/8       NonOverlappingTemplate,1,0,1,3,1,0,0,1,1,0,python_random,xor
python_random_xor,8,129,NonOverlappingTemplate,114,7,8,0.875,False,,False,  3   1   1   0   0   0   1   1   1   0     ----       7/8       NonOverlappingTemplate,3,1,1,0,0,0,1,1,1,0,python_random,xor
python_random_xor,8,130,NonOverlappingTemplate,115,8,8,1.0,False,,False,  1   1   1   1   1   0   0   1   0   2     ----       8/8       NonOverlappingTemplate,1,1,1,1,1,0,0,1,0,2,python_random,xor
python_random_xor,8,131,NonOverlappingTemplate,116,8,8,1.0,False,,False,  1   1   0   2   1   0   0   1   2   0     ----       8/8       NonOverlappingTemplate,1,1,0,2,1,0,0,1,2,0,python_random,xor
python_random_xor,8,132,NonOverlappingTemplate,117,8,8,1.0,False,,False,  0   0   0   3   1   1   0   3   0   0     ----       8/8       NonOverlappingTemplate,0,0,0,3,1,1,0,3,0,0,python_random,xor
python_random_xor,8,133,NonOverlappingTemplate,118,8,8,1.0,False,,False,  0   0   1   3   1   0   1   1   1   0     ----       8/8       NonOverlappingTemplate,0,0,1,3,1,0,1,1,1,0,python_random,xor
python_random_xor,8,134,NonOverlappingTemplate,119,8,8,1.0,False,,False,  0   2   0   1   0   1   0   2   1   1     ----       8/8       NonOverlappingTemplate,0,2,0,1,0,1,0,2,1,1,python_random,xor
python_random_xor,8,135,NonOverlappingTemplate,120,8,8,1.0,False,,False,  2   1   2   1   0   1   0   0   0   1     ----       8/8       NonOverlappingTemplate,2,1,2,1,0,1,0,0,0,1,python_random,xor
python_random_xor,8,136,NonOverlappingTemplate,121,8,8,1.0,False,,False,  1   0   0   2   1   0   2   0   0   2     ----       8/8       NonOverlappingTemplate,1,0,0,2,1,0,2,0,0,2,python_random,xor
python_random_xor,8,137,NonOverlappingTemplate,122,8,8,1.0,False,,False,  1   2   0   1   0   1   0   1   1   1     ----       8/8       NonOverlappingTemplate,1,2,0,1,0,1,0,1,1,1,python_random,xor
python_random_xor,8,138,NonOverlappingTemplate,123,8,8,1.0,False,,False,  1   0   1   1   3   0   0   1   1   0     ----       8/8       NonOverlappingTemplate,1,0,1,1,3,0,0,1,1,0,python_random,xor
python_random_xor,8,139,NonOverlappingTemplate,124,8,8,1.0,False,,False,  2   1   1   0   0   2   0   0   2   0     ----       8/8       NonOverlappingTemplate,2,1,1,0,0,2,0,0,2,0,python_random,xor
python_random_xor,8,140,NonOverlappingTemplate,125,8,8,1.0,False,,False,  2   0   0   2   1   0   1   1   0   1     ----       8/8       NonOverlappingTemplate,2,0,0,2,1,0,1,1,0,1,python_random,xor
python_random_xor,8,141,NonOverlappingTemplate,126,8,8,1.0,False,,False,  1   0   2   1   1   0   0   1   2   0     ----       8/8       NonOverlappingTemplate,1,0,2,1,1,0,0,1,2,0,python_random,xor
python_random_xor,8,142,NonOverlappingTemplate,127,8,8,1.0,False,,False,  2   1   0   1   0   0   2   1   1   0     ----       8/8       NonOverlappingTemplate,2,1,0,1,0,0,2,1,1,0,python_random,xor
python_random_xor,8,143,NonOverlappingTemplate,128,8,8,1.0,False,,False,  1   0   2   0   2   1   0   1   1   0     ----       8/8       NonOverlappingTemplate,1,0,2,0,2,1,0,1,1,0,python_random,xor
python_random_xor,8,144,NonOverlappingTemplate,129,8,8,1.0,False,,False,  2   0   0   1   1   1   1   0   2   0     ----       8/8       NonOverlappingTemplate,2,0,0,1,1,1,1,0,2,0,python_random,xor
python_random_xor,8,145,NonOverlappingTemplate,130,8,8,1.0,False,,False,  0   2   2   1   0   0   2   0   0   1     ----       8/8       NonOverlappingTemplate,0,2,2,1,0,0,2,0,0,1,python_random,xor
python_random_xor,8,146,NonOverlappingTemplate,131,7,8,0.875,False,,False,  1   0   1   1   0   2   0   3   0   0     ----       7/8       NonOverlappingTemplate,1,0,1,1,0,2,0,3,0,0,python_random,xor
python_random_xor,8,147,NonOverlappingTemplate,132,8,8,1.0,False,,False,  2   0   0   2   0   0   2   1   1   0     ----       8/8       NonOverlappingTemplate,2,0,0,2,0,0,2,1,1,0,python_random,xor
python_random_xor,8,148,NonOverlappingTemplate,133,8,8,1.0,False,,False,  1   0   1   1   1   1   1   1   1   0     ----       8/8       NonOverlappingTemplate,1,0,1,1,1,1,1,1,1,0,python_random,xor
python_random_xor,8,149,NonOverlappingTemplate,134,7,8,0.875,False,,False,  3   0   0   0   1   1   2   0   0   1     ----       7/8       NonOverlappingTemplate,3,0,0,0,1,1,2,0,0,1,python_random,xor
python_random_xor,8,150,NonOverlappingTemplate,135,8,8,1.0,False,,False,  4   1   0   0   0   1   1   0   1   0     ----       8/8       NonOverlappingTemplate,4,1,0,0,0,1,1,0,1,0,python_random,xor
python_random_xor,8,151,NonOverlappingTemplate,136,7,8,0.875,False,,False,  2   2   2   1   0   1   0   0   0   0     ----       7/8       NonOverlappingTemplate,2,2,2,1,0,1,0,0,0,0,python_random,xor
python_random_xor,8,152,NonOverlappingTemplate,137,8,8,1.0,False,,False,  0   0   2   1   0   0   1   0   2   2     ----       8/8       NonOverlappingTemplate,0,0,2,1,0,0,1,0,2,2,python_random,xor
python_random_xor,8,153,NonOverlappingTemplate,138,8,8,1.0,False,,False,  1   0   1   1   0   1   2   0   1   1     ----       8/8       NonOverlappingTemplate,1,0,1,1,0,1,2,0,1,1,python_random,xor
python_random_xor,8,154,NonOverlappingTemplate,139,8,8,1.0,False,,False,  1   0   0   1   1   1   0   1   1   2     ----       8/8       NonOverlappingTemplate,1,0,0,1,1,1,0,1,1,2,python_random,xor
python_random_xor,8,155,NonOverlappingTemplate,140,8,8,1.0,False,,False,  1   1   1   0   0   1   0   1   2   1     ----       8/8       NonOverlappingTemplate,1,1,1,0,0,1,0,1,2,1,python_random,xor
python_random_xor,8,156,NonOverlappingTemplate,141,8,8,1.0,False,,False,  0   0   2   1   0   1   2   1   0   1     ----       8/8       NonOverlappingTemplate,0,0,2,1,0,1,2,1,0,1,python_random,xor
python_random_xor,8,157,NonOverlappingTemplate,142,8,8,1.0,False,,False,  2   0   2   1   0   1   0   2   0   0     ----       8/8       NonOverlappingTemplate,2,0,2,1,0,1,0,2,0,0,python_random,xor
python_random_xor,8,158,NonOverlappingTemplate,143,8,8,1.0,False,,False,  2   1   0   0   0   0   2   0   2   1     ----       8/8       NonOverlappingTemplate,2,1,0,0,0,0,2,0,2,1,python_random,xor
python_random_xor,8,159,NonOverlappingTemplate,144,8,8,1.0,False,,False,  0   0   0   2   1   0   0   0   2   3     ----       8/8       NonOverlappingTemplate,0,0,0,2,1,0,0,0,2,3,python_random,xor
python_random_xor,8,160,NonOverlappingTemplate,145,8,8,1.0,False,,False,  0   0   0   1   1   1   0   3   2   0     ----       8/8       NonOverlappingTemplate,0,0,0,1,1,1,0,3,2,0,python_random,xor
python_random_xor,8,161,NonOverlappingTemplate,146,8,8,1.0,False,,False,  1   1   1   1   0   1   0   1   1   1     ----       8/8       NonOverlappingTemplate,1,1,1,1,0,1,0,1,1,1,python_random,xor
python_random_xor,8,162,NonOverlappingTemplate,147,8,8,1.0,False,,False,  1   0   3   0   0   0   1   2   1   0     ----       8/8       NonOverlappingTemplate,1,0,3,0,0,0,1,2,1,0,python_random,xor
python_random_xor,8,163,NonOverlappingTemplate,148,8,8,1.0,False,,False,  1   1   1   0   1   0   1   2   1   0     ----       8/8       NonOverlappingTemplate,1,1,1,0,1,0,1,2,1,0,python_random,xor
python_random_xor,8,164,OverlappingTemplate,1,8,8,1.0,False,,False,  0   1   0   1   3   0   1   0   1   1     ----       8/8       OverlappingTemplate,0,1,0,1,3,0,1,0,1,1,python_random,xor
python_random_xor,8,165,Universal,1,8,8,1.0,False,,False,  0   1   0   0   1   0   0   2   0   4     ----       8/8       Universal,0,1,0,0,1,0,0,2,0,4,python_random,xor
python_random_xor,8,166,ApproximateEntropy,1,8,8,1.0,False,,False,  0   0   0   0   2   1   0   2   2   1     ----       8/8       ApproximateEntropy,0,0,0,0,2,1,0,2,2,1,python_random,xor
python_random_xor,8,167,RandomExcursions,1,5,5,1.0,False,,False,  0   0   1   1   1   0   0   0   2   0     ----       5/5       RandomExcursions,0,0,1,1,1,0,0,0,2,0,python_random,xor
python_random_xor,8,168,RandomExcursions,2,5,5,1.0,False,,False,  0   1   2   0   0   2   0   0   0   0     ----       5/5       RandomExcursions,0,1,2,0,0,2,0,0,0,0,python_random,xor
python_random_xor,8,169,RandomExcursions,3,5,5,1.0,False,,False,  0   1   1   1   0   0   1   1   0   0     ----       5/5       RandomExcursions,0,1,1,1,0,0,1,1,0,0,python_random,xor
python_random_xor,8,170,RandomExcursions,4,5,5,1.0,False,,False,  1   0   1   0   1   1   1   0   0   0     ----       5/5       RandomExcursions,1,0,1,0,1,1,1,0,0,0,python_random,xor
python_random_xor,8,171,RandomExcursions,5,5,5,1.0,False,,False,  0   1   1   0   0   2   0   1   0   0     ----       5/5       RandomExcursions,0,1,1,0,0,2,0,1,0,0,python_random,xor
python_random_xor,8,172,RandomExcursions,6,5,5,1.0,False,,False,  1   0   1   0   0   1   0   0   0   2     ----       5/5       RandomExcursions,1,0,1,0,0,1,0,0,0,2,python_random,xor
python_random_xor,8,173,RandomExcursions,7,5,5,1.0,False,,False,  0   1   0   1   0   0   0   0   1   2     ----       5/5       RandomExcursions,0,1,0,1,0,0,0,0,1,2,python_random,xor
python_random_xor,8,174,RandomExcursions,8,5,5,1.0,False,,False,  0   0   1   0   2   0   1   0   0   1     ----       5/5       RandomExcursions,0,0,1,0,2,0,1,0,0,1,python_random,xor
python_random_xor,8,175,RandomExcursionsVariant,1,5,5,1.0,False,,False,  1   1   2   0   0   0   0   0   1   0     ----       5/5       RandomExcursionsVariant,1,1,2,0,0,0,0,0,1,0,python_random,xor
python_random_xor,8,176,RandomExcursionsVariant,2,5,5,1.0,False,,False,  1   2   1   0   0   0   0   1   0   0     ----       5/5       RandomExcursionsVariant,1,2,1,0,0,0,0,1,0,0,python_random,xor
python_random_xor,8,177,RandomExcursionsVariant,3,5,5,1.0,False,,False,  1   3   0   0   0   0   1   0   0   0     ----       5/5       RandomExcursionsVariant,1,3,0,0,0,0,1,0,0,0,python_random,xor
python_random_xor,8,178,RandomExcursionsVariant,4,5,5,1.0,False,,False,  3   0   0   1   1   0   0   0   0   0     ----       5/5       RandomExcursionsVariant,3,0,0,1,1,0,0,0,0,0,python_random,xor
python_random_xor,8,179,RandomExcursionsVariant,5,5,5,1.0,False,,False,  3   0   0   0   1   1   0   0   0   0     ----       5/5       RandomExcursionsVariant,3,0,0,0,1,1,0,0,0,0,python_random,xor
python_random_xor,8,180,RandomExcursionsVariant,6,5,5,1.0,False,,False,  2   1   0   0   1   1   0   0   0   0     ----       5/5       RandomExcursionsVariant,2,1,0,0,1,1,0,0,0,0,python_random,xor
python_random_xor,8,181,RandomExcursionsVariant,7,5,5,1.0,False,,False,  1   0   1   0   3   0   0   0   0   0     ----       5/5       RandomExcursionsVariant,1,0,1,0,3,0,0,0,0,0,python_random,xor
python_random_xor,8,182,RandomExcursionsVariant,8,5,5,1.0,False,,False,  1   0   1   1   1   0   0   0   1   0     ----       5/5       RandomExcursionsVariant,1,0,1,1,1,0,0,0,1,0,python_random,xor
python_random_xor,8,183,RandomExcursionsVariant,9,4,5,0.8,False,,False,  1   0   1   1   1   0   1   0   0   0     ----       4/5       RandomExcursionsVariant,1,0,1,1,1,0,1,0,0,0,python_random,xor
python_random_xor,8,184,RandomExcursionsVariant,10,5,5,1.0,False,,False,  1   1   0   0   1   0   0   1   1   0     ----       5/5       RandomExcursionsVariant,1,1,0,0,1,0,0,1,1,0,python_random,xor
python_random_xor,8,185,RandomExcursionsVariant,11,5,5,1.0,False,,False,  1   0   0   0   0   1   1   1   0   1     ----       5/5       RandomExcursionsVariant,1,0,0,0,0,1,1,1,0,1,python_random,xor
python_random_xor,8,186,RandomExcursionsVariant,12,5,5,1.0,False,,False,  1   0   0   1   0   2   0   0   1   0     ----       5/5       RandomExcursionsVariant,1,0,0,1,0,2,0,0,1,0,python_random,xor
python_random_xor,8,187,RandomExcursionsVariant,13,5,5,1.0,False,,False,  0   1   0   1   1   1   0   0   0   1     ----       5/5       RandomExcursionsVariant,0,1,0,1,1,1,0,0,0,1,python_random,xor
python_random_xor,8,188,RandomExcursionsVariant,14,5,5,1.0,False,,False,  0   1   1   0   1   0   0   0   1   1     ----       5/5       RandomExcursionsVariant,0,1,1,0,1,0,0,0,1,1,python_random,xor
python_random_xor,8,189,RandomExcursionsVariant,15,5,5,1.0,False,,False,  1   1   0   1   0   0   0   0   0   2     ----       5/5       RandomExcursionsVariant,1,1,0,1,0,0,0,0,0,2,python_random,xor
python_random_xor,8,190,RandomExcursionsVariant,16,5,5,1.0,False,,False,  1   1   0   1   0   0   1   0   1   0     ----       5/5       RandomExcursionsVariant,1,1,0,1,0,0,1,0,1,0,python_random,xor
python_random_xor,8,191,RandomExcursionsVariant,17,5,5,1.0,False,,False,  1   1   1   0   1   0   0   0   1   0     ----       5/5       RandomExcursionsVariant,1,1,1,0,1,0,0,0,1,0,python_random,xor
python_random_xor,8,192,RandomExcursionsVariant,18,5,5,1.0,False,,False,  0   2   2   0   0   0   1   0   0   0     ----       5/5       RandomExcursionsVariant,0,2,2,0,0,0,1,0,0,0,python_random,xor
python_random_xor,8,193,Serial,1,8,8,1.0,False,,False,  0   3   0   0   1   1   0   0   2   1     ----       8/8       Serial,0,3,0,0,1,1,0,0,2,1,python_random,xor
python_random_xor,8,194,Serial,2,8,8,1.0,False,,False,  0   2   1   1   2   0   0   2   0   0     ----       8/8       Serial,0,2,1,1,2,0,0,2,0,0,python_random,xor
python_random_xor,8,195,LinearComplexity,1,8,8,1.0,False,,False,  1   1   2   1   0   0   1   1   0   1     ----       8/8       LinearComplexity,1,1,2,1,0,0,1,1,0,1,python_random,xor
sdr_raw,8,8,Frequency,1,4,8,0.5,True,,False,  6   0   0   0   0   1   1   0   0   0     ----       4/8    *  Frequency,6,0,0,0,0,1,1,0,0,0,sdr,raw
sdr_raw,8,9,BlockFrequency,1,0,8,0.0,True,,False,  8   0   0   0   0   0   0   0   0   0     ----       0/8    *  BlockFrequency,8,0,0,0,0,0,0,0,0,0,sdr,raw
sdr_raw,8,10,CumulativeSums,1,3,8,0.375,True,,False,  7   1   0   0   0   0   0   0   0   0     ----       3/8    *  CumulativeSums,7,1,0,0,0,0,0,0,0,0,sdr,raw
sdr_raw,8,11,CumulativeSums,2,2,8,0.25,True,,False,  7   0   1   0   0   0   0   0   0   0     ----       2/8    *  CumulativeSums,7,0,1,0,0,0,0,0,0,0,sdr,raw
sdr_raw,8,12,Runs,1,4,8,0.5,True,,False,  4   1   0   0   1   0   0   2   0   0     ----       4/8    *  Runs,4,1,0,0,1,0,0,2,0,0,sdr,raw
sdr_raw,8,13,LongestRun,1,0,8,0.0,True,,False,  8   0   0   0   0   0   0   0   0   0     ----       0/8    *  LongestRun,8,0,0,0,0,0,0,0,0,0,sdr,raw
sdr_raw,8,14,Rank,1,7,8,0.875,False,,False,  4   1   0   0   2   1   0   0   0   0     ----       7/8       Rank,4,1,0,0,2,1,0,0,0,0,sdr,raw
sdr_raw,8,15,FFT,1,0,8,0.0,True,,False,  8   0   0   0   0   0   0   0   0   0     ----       0/8    *  FFT,8,0,0,0,0,0,0,0,0,0,sdr,raw
sdr_raw,8,16,NonOverlappingTemplate,1,0,8,0.0,True,,False,  8   0   0   0   0   0   0   0   0   0     ----       0/8    *  NonOverlappingTemplate,8,0,0,0,0,0,0,0,0,0,sdr,raw
sdr_raw,8,17,NonOverlappingTemplate,2,0,8,0.0,True,,False,  8   0   0   0   0   0   0   0   0   0     ----       0/8    *  NonOverlappingTemplate,8,0,0,0,0,0,0,0,0,0,sdr,raw
sdr_raw,8,18,NonOverlappingTemplate,3,0,8,0.0,True,,False,  8   0   0   0   0   0   0   0   0   0     ----       0/8    *  NonOverlappingTemplate,8,0,0,0,0,0,0,0,0,0,sdr,raw
sdr_raw,8,19,NonOverlappingTemplate,4,0,8,0.0,True,,False,  8   0   0   0   0   0   0   0   0   0     ----       0/8    *  NonOverlappingTemplate,8,0,0,0,0,0,0,0,0,0,sdr,raw
sdr_raw,8,20,NonOverlappingTemplate,5,0,8,0.0,True,,False,  8   0   0   0   0   0   0   0   0   0     ----       0/8    *  NonOverlappingTemplate,8,0,0,0,0,0,0,0,0,0,sdr,raw
sdr_raw,8,21,NonOverlappingTemplate,6,0,8,0.0,True,,False,  8   0   0   0   0   0   0   0   0   0     ----       0/8    *  NonOverlappingTemplate,8,0,0,0,0,0,0,0,0,0,sdr,raw
sdr_raw,8,22,NonOverlappingTemplate,7,0,8,0.0,True,,False,  8   0   0   0   0   0   0   0   0   0     ----       0/8    *  NonOverlappingTemplate,8,0,0,0,0,0,0,0,0,0,sdr,raw
sdr_raw,8,23,NonOverlappingTemplate,8,0,8,0.0,True,,False,  8   0   0   0   0   0   0   0   0   0     ----       0/8    *  NonOverlappingTemplate,8,0,0,0,0,0,0,0,0,0,sdr,raw
sdr_raw,8,24,NonOverlappingTemplate,9,0,8,0.0,True,,False,  8   0   0   0   0   0   0   0   0   0     ----       0/8    *  NonOverlappingTemplate,8,0,0,0,0,0,0,0,0,0,sdr,raw
sdr_raw,8,25,NonOverlappingTemplate,10,0,8,0.0,True,,False,  8   0   0   0   0   0   0   0   0   0     ----       0/8    *  NonOverlappingTemplate,8,0,0,0,0,0,0,0,0,0,sdr,raw
sdr_raw,8,26,NonOverlappingTemplate,11,0,8,0.0,True,,False,  8   0   0   0   0   0   0   0   0   0     ----       0/8    *  NonOverlappingTemplate,8,0,0,0,0,0,0,0,0,0,sdr,raw
sdr_raw,8,27,NonOverlappingTemplate,12,0,8,0.0,True,,False,  8   0   0   0   0   0   0   0   0   0     ----       0/8    *  NonOverlappingTemplate,8,0,0,0,0,0,0,0,0,0,sdr,raw
sdr_raw,8,28,NonOverlappingTemplate,13,0,8,0.0,True,,False,  8   0   0   0   0   0   0   0   0   0     ----       0/8    *  NonOverlappingTemplate,8,0,0,0,0,0,0,0,0,0,sdr,raw
sdr_raw,8,29,NonOverlappingTemplate,14,0,8,0.0,True,,False,  8   0   0   0   0   0   0   0   0   0     ----       0/8    *  NonOverlappingTemplate,8,0,0,0,0,0,0,0,0,0,sdr,raw
sdr_raw,8,30,NonOverlappingTemplate,15,0,8,0.0,True,,False,  8   0   0   0   0   0   0   0   0   0     ----       0/8    *  NonOverlappingTemplate,8,0,0,0,0,0,0,0,0,0,sdr,raw
sdr_raw,8,31,NonOverlappingTemplate,16,0,8,0.0,True,,False,  8   0   0   0   0   0   0   0   0   0     ----       0/8    *  NonOverlappingTemplate,8,0,0,0,0,0,0,0,0,0,sdr,raw
sdr_raw,8,32,NonOverlappingTemplate,17,0,8,0.0,True,,False,  8   0   0   0   0   0   0   0   0   0     ----       0/8    *  NonOverlappingTemplate,8,0,0,0,0,0,0,0,0,0,sdr,raw
sdr_raw,8,33,NonOverlappingTemplate,18,0,8,0.0,True,,False,  8   0   0   0   0   0   0   0   0   0     ----       0/8    *  NonOverlappingTemplate,8,0,0,0,0,0,0,0,0,0,sdr,raw
sdr_raw,8,34,NonOverlappingTemplate,19,0,8,0.0,True,,False,  8   0   0   0   0   0   0   0   0   0     ----       0/8    *  NonOverlappingTemplate,8,0,0,0,0,0,0,0,0,0,sdr,raw
sdr_raw,8,35,NonOverlappingTemplate,20,0,8,0.0,True,,False,  8   0   0   0   0   0   0   0   0   0     ----       0/8    *  NonOverlappingTemplate,8,0,0,0,0,0,0,0,0,0,sdr,raw
sdr_raw,8,36,NonOverlappingTemplate,21,0,8,0.0,True,,False,  8   0   0   0   0   0   0   0   0   0     ----       0/8    *  NonOverlappingTemplate,8,0,0,0,0,0,0,0,0,0,sdr,raw
sdr_raw,8,37,NonOverlappingTemplate,22,0,8,0.0,True,,False,  8   0   0   0   0   0   0   0   0   0     ----       0/8    *  NonOverlappingTemplate,8,0,0,0,0,0,0,0,0,0,sdr,raw
sdr_raw,8,38,NonOverlappingTemplate,23,0,8,0.0,True,,False,  8   0   0   0   0   0   0   0   0   0     ----       0/8    *  NonOverlappingTemplate,8,0,0,0,0,0,0,0,0,0,sdr,raw
sdr_raw,8,39,NonOverlappingTemplate,24,0,8,0.0,True,,False,  8   0   0   0   0   0   0   0   0   0     ----       0/8    *  NonOverlappingTemplate,8,0,0,0,0,0,0,0,0,0,sdr,raw
sdr_raw,8,40,NonOverlappingTemplate,25,0,8,0.0,True,,False,  8   0   0   0   0   0   0   0   0   0     ----       0/8    *  NonOverlappingTemplate,8,0,0,0,0,0,0,0,0,0,sdr,raw
sdr_raw,8,41,NonOverlappingTemplate,26,0,8,0.0,True,,False,  8   0   0   0   0   0   0   0   0   0     ----       0/8    *  NonOverlappingTemplate,8,0,0,0,0,0,0,0,0,0,sdr,raw
sdr_raw,8,42,NonOverlappingTemplate,27,0,8,0.0,True,,False,  8   0   0   0   0   0   0   0   0   0     ----       0/8    *  NonOverlappingTemplate,8,0,0,0,0,0,0,0,0,0,sdr,raw
sdr_raw,8,43,NonOverlappingTemplate,28,0,8,0.0,True,,False,  8   0   0   0   0   0   0   0   0   0     ----       0/8    *  NonOverlappingTemplate,8,0,0,0,0,0,0,0,0,0,sdr,raw
sdr_raw,8,44,NonOverlappingTemplate,29,0,8,0.0,True,,False,  8   0   0   0   0   0   0   0   0   0     ----       0/8    *  NonOverlappingTemplate,8,0,0,0,0,0,0,0,0,0,sdr,raw
sdr_raw,8,45,NonOverlappingTemplate,30,0,8,0.0,True,,False,  8   0   0   0   0   0   0   0   0   0     ----       0/8    *  NonOverlappingTemplate,8,0,0,0,0,0,0,0,0,0,sdr,raw
sdr_raw,8,46,NonOverlappingTemplate,31,0,8,0.0,True,,False,  8   0   0   0   0   0   0   0   0   0     ----       0/8    *  NonOverlappingTemplate,8,0,0,0,0,0,0,0,0,0,sdr,raw
sdr_raw,8,47,NonOverlappingTemplate,32,0,8,0.0,True,,False,  8   0   0   0   0   0   0   0   0   0     ----       0/8    *  NonOverlappingTemplate,8,0,0,0,0,0,0,0,0,0,sdr,raw
sdr_raw,8,48,NonOverlappingTemplate,33,0,8,0.0,True,,False,  8   0   0   0   0   0   0   0   0   0     ----       0/8    *  NonOverlappingTemplate,8,0,0,0,0,0,0,0,0,0,sdr,raw
sdr_raw,8,49,NonOverlappingTemplate,34,0,8,0.0,True,,False,  8   0   0   0   0   0   0   0   0   0     ----       0/8    *  NonOverlappingTemplate,8,0,0,0,0,0,0,0,0,0,sdr,raw
sdr_raw,8,50,NonOverlappingTemplate,35,0,8,0.0,True,,False,  8   0   0   0   0   0   0   0   0   0     ----       0/8    *  NonOverlappingTemplate,8,0,0,0,0,0,0,0,0,0,sdr,raw
sdr_raw,8,51,NonOverlappingTemplate,36,0,8,0.0,True,,False,  8   0   0   0   0   0   0   0   0   0     ----       0/8    *  NonOverlappingTemplate,8,0,0,0,0,0,0,0,0,0,sdr,raw
sdr_raw,8,52,NonOverlappingTemplate,37,0,8,0.0,True,,False,  8   0   0   0   0   0   0   0   0   0     ----       0/8    *  NonOverlappingTemplate,8,0,0,0,0,0,0,0,0,0,sdr,raw
sdr_raw,8,53,NonOverlappingTemplate,38,0,8,0.0,True,,False,  8   0   0   0   0   0   0   0   0   0     ----       0/8    *  NonOverlappingTemplate,8,0,0,0,0,0,0,0,0,0,sdr,raw
sdr_raw,8,54,NonOverlappingTemplate,39,0,8,0.0,True,,False,  8   0   0   0   0   0   0   0   0   0     ----       0/8    *  NonOverlappingTemplate,8,0,0,0,0,0,0,0,0,0,sdr,raw
sdr_raw,8,55,NonOverlappingTemplate,40,0,8,0.0,True,,False,  8   0   0   0   0   0   0   0   0   0     ----       0/8    *  NonOverlappingTemplate,8,0,0,0,0,0,0,0,0,0,sdr,raw
sdr_raw,8,56,NonOverlappingTemplate,41,0,8,0.0,True,,False,  8   0   0   0   0   0   0   0   0   0     ----       0/8    *  NonOverlappingTemplate,8,0,0,0,0,0,0,0,0,0,sdr,raw
sdr_raw,8,57,NonOverlappingTemplate,42,0,8,0.0,True,,False,  8   0   0   0   0   0   0   0   0   0     ----       0/8    *  NonOverlappingTemplate,8,0,0,0,0,0,0,0,0,0,sdr,raw
sdr_raw,8,58,NonOverlappingTemplate,43,0,8,0.0,True,,False,  8   0   0   0   0   0   0   0   0   0     ----       0/8    *  NonOverlappingTemplate,8,0,0,0,0,0,0,0,0,0,sdr,raw
sdr_raw,8,59,NonOverlappingTemplate,44,0,8,0.0,True,,False,  8   0   0   0   0   0   0   0   0   0     ----       0/8    *  NonOverlappingTemplate,8,0,0,0,0,0,0,0,0,0,sdr,raw
sdr_raw,8,60,NonOverlappingTemplate,45,0,8,0.0,True,,False,  8   0   0   0   0   0   0   0   0   0     ----       0/8    *  NonOverlappingTemplate,8,0,0,0,0,0,0,0,0,0,sdr,raw
sdr_raw,8,61,NonOverlappingTemplate,46,0,8,0.0,True,,False,  8   0   0   0   0   0   0   0   0   0     ----       0/8    *  NonOverlappingTemplate,8,0,0,0,0,0,0,0,0,0,sdr,raw
sdr_raw,8,62,NonOverlappingTemplate,47,0,8,0.0,True,,False,  8   0   0   0   0   0   0   0   0   0     ----       0/8    *  NonOverlappingTemplate,8,0,0,0,0,0,0,0,0,0,sdr,raw
sdr_raw,8,63,NonOverlappingTemplate,48,0,8,0.0,True,,False,  8   0   0   0   0   0   0   0   0   0     ----       0/8    *  NonOverlappingTemplate,8,0,0,0,0,0,0,0,0,0,sdr,raw
sdr_raw,8,64,NonOverlappingTemplate,49,0,8,0.0,True,,False,  8   0   0   0   0   0   0   0   0   0     ----       0/8    *  NonOverlappingTemplate,8,0,0,0,0,0,0,0,0,0,sdr,raw
sdr_raw,8,65,NonOverlappingTemplate,50,0,8,0.0,True,,False,  8   0   0   0   0   0   0   0   0   0     ----       0/8    *  NonOverlappingTemplate,8,0,0,0,0,0,0,0,0,0,sdr,raw
sdr_raw,8,66,NonOverlappingTemplate,51,0,8,0.0,True,,False,  8   0   0   0   0   0   0   0   0   0     ----       0/8    *  NonOverlappingTemplate,8,0,0,0,0,0,0,0,0,0,sdr,raw
sdr_raw,8,67,NonOverlappingTemplate,52,0,8,0.0,True,,False,  8   0   0   0   0   0   0   0   0   0     ----       0/8    *  NonOverlappingTemplate,8,0,0,0,0,0,0,0,0,0,sdr,raw
sdr_raw,8,68,NonOverlappingTemplate,53,0,8,0.0,True,,False,  8   0   0   0   0   0   0   0   0   0     ----       0/8    *  NonOverlappingTemplate,8,0,0,0,0,0,0,0,0,0,sdr,raw
sdr_raw,8,69,NonOverlappingTemplate,54,0,8,0.0,True,,False,  8   0   0   0   0   0   0   0   0   0     ----       0/8    *  NonOverlappingTemplate,8,0,0,0,0,0,0,0,0,0,sdr,raw
sdr_raw,8,70,NonOverlappingTemplate,55,0,8,0.0,True,,False,  8   0   0   0   0   0   0   0   0   0     ----       0/8    *  NonOverlappingTemplate,8,0,0,0,0,0,0,0,0,0,sdr,raw
sdr_raw,8,71,NonOverlappingTemplate,56,0,8,0.0,True,,False,  8   0   0   0   0   0   0   0   0   0     ----       0/8    *  NonOverlappingTemplate,8,0,0,0,0,0,0,0,0,0,sdr,raw
sdr_raw,8,72,NonOverlappingTemplate,57,0,8,0.0,True,,False,  8   0   0   0   0   0   0   0   0   0     ----       0/8    *  NonOverlappingTemplate,8,0,0,0,0,0,0,0,0,0,sdr,raw
sdr_raw,8,73,NonOverlappingTemplate,58,0,8,0.0,True,,False,  8   0   0   0   0   0   0   0   0   0     ----       0/8    *  NonOverlappingTemplate,8,0,0,0,0,0,0,0,0,0,sdr,raw
sdr_raw,8,74,NonOverlappingTemplate,59,0,8,0.0,True,,False,  8   0   0   0   0   0   0   0   0   0     ----       0/8    *  NonOverlappingTemplate,8,0,0,0,0,0,0,0,0,0,sdr,raw
sdr_raw,8,75,NonOverlappingTemplate,60,0,8,0.0,True,,False,  8   0   0   0   0   0   0   0   0   0     ----       0/8    *  NonOverlappingTemplate,8,0,0,0,0,0,0,0,0,0,sdr,raw
sdr_raw,8,76,NonOverlappingTemplate,61,0,8,0.0,True,,False,  8   0   0   0   0   0   0   0   0   0     ----       0/8    *  NonOverlappingTemplate,8,0,0,0,0,0,0,0,0,0,sdr,raw
sdr_raw,8,77,NonOverlappingTemplate,62,0,8,0.0,True,,False,  8   0   0   0   0   0   0   0   0   0     ----       0/8    *  NonOverlappingTemplate,8,0,0,0,0,0,0,0,0,0,sdr,raw
sdr_raw,8,78,NonOverlappingTemplate,63,0,8,0.0,True,,False,  8   0   0   0   0   0   0   0   0   0     ----       0/8    *  NonOverlappingTemplate,8,0,0,0,0,0,0,0,0,0,sdr,raw
sdr_raw,8,79,NonOverlappingTemplate,64,0,8,0.0,True,,False,  8   0   0   0   0   0   0   0   0   0     ----       0/8    *  NonOverlappingTemplate,8,0,0,0,0,0,0,0,0,0,sdr,raw
sdr_raw,8,80,NonOverlappingTemplate,65,0,8,0.0,True,,False,  8   0   0   0   0   0   0   0   0   0     ----       0/8    *  NonOverlappingTemplate,8,0,0,0,0,0,0,0,0,0,sdr,raw
sdr_raw,8,81,NonOverlappingTemplate,66,0,8,0.0,True,,False,  8   0   0   0   0   0   0   0   0   0     ----       0/8    *  NonOverlappingTemplate,8,0,0,0,0,0,0,0,0,0,sdr,raw
sdr_raw,8,82,NonOverlappingTemplate,67,0,8,0.0,True,,False,  8   0   0   0   0   0   0   0   0   0     ----       0/8    *  NonOverlappingTemplate,8,0,0,0,0,0,0,0,0,0,sdr,raw
sdr_raw,8,83,NonOverlappingTemplate,68,0,8,0.0,True,,False,  8   0   0   0   0   0   0   0   0   0     ----       0/8    *  NonOverlappingTemplate,8,0,0,0,0,0,0,0,0,0,sdr,raw
sdr_raw,8,84,NonOverlappingTemplate,69,0,8,0.0,True,,False,  8   0   0   0   0   0   0   0   0   0     ----       0/8    *  NonOverlappingTemplate,8,0,0,0,0,0,0,0,0,0,sdr,raw
sdr_raw,8,85,NonOverlappingTemplate,70,0,8,0.0,True,,False,  8   0   0   0   0   0   0   0   0   0     ----       0/8    *  NonOverlappingTemplate,8,0,0,0,0,0,0,0,0,0,sdr,raw
sdr_raw,8,86,NonOverlappingTemplate,71,0,8,0.0,True,,False,  8   0   0   0   0   0   0   0   0   0     ----       0/8    *  NonOverlappingTemplate,8,0,0,0,0,0,0,0,0,0,sdr,raw
sdr_raw,8,87,NonOverlappingTemplate,72,0,8,0.0,True,,False,  8   0   0   0   0   0   0   0   0   0     ----       0/8    *  NonOverlappingTemplate,8,0,0,0,0,0,0,0,0,0,sdr,raw
sdr_raw,8,88,NonOverlappingTemplate,73,0,8,0.0,True,,False,  8   0   0   0   0   0   0   0   0   0     ----       0/8    *  NonOverlappingTemplate,8,0,0,0,0,0,0,0,0,0,sdr,raw
sdr_raw,8,89,NonOverlappingTemplate,74,0,8,0.0,True,,False,  8   0   0   0   0   0   0   0   0   0     ----       0/8    *  NonOverlappingTemplate,8,0,0,0,0,0,0,0,0,0,sdr,raw
sdr_raw,8,90,NonOverlappingTemplate,75,0,8,0.0,True,,False,  8   0   0   0   0   0   0   0   0   0     ----       0/8    *  NonOverlappingTemplate,8,0,0,0,0,0,0,0,0,0,sdr,raw
sdr_raw,8,91,NonOverlappingTemplate,76,0,8,0.0,True,,False,  8   0   0   0   0   0   0   0   0   0     ----       0/8    *  NonOverlappingTemplate,8,0,0,0,0,0,0,0,0,0,sdr,raw
sdr_raw,8,92,NonOverlappingTemplate,77,0,8,0.0,True,,False,  8   0   0   0   0   0   0   0   0   0     ----       0/8    *  NonOverlappingTemplate,8,0,0,0,0,0,0,0,0,0,sdr,raw
sdr_raw,8,93,NonOverlappingTemplate,78,0,8,0.0,True,,False,  8   0   0   0   0   0   0   0   0   0     ----       0/8    *  NonOverlappingTemplate,8,0,0,0,0,0,0,0,0,0,sdr,raw
sdr_raw,8,94,NonOverlappingTemplate,79,0,8,0.0,True,,False,  8   0   0   0   0   0   0   0   0   0     ----       0/8    *  NonOverlappingTemplate,8,0,0,0,0,0,0,0,0,0,sdr,raw
sdr_raw,8,95,NonOverlappingTemplate,80,0,8,0.0,True,,False,  8   0   0   0   0   0   0   0   0   0     ----       0/8    *  NonOverlappingTemplate,8,0,0,0,0,0,0,0,0,0,sdr,raw
sdr_raw,8,96,NonOverlappingTemplate,81,0,8,0.0,True,,False,  8   0   0   0   0   0   0   0   0   0     ----       0/8    *  NonOverlappingTemplate,8,0,0,0,0,0,0,0,0,0,sdr,raw
sdr_raw,8,97,NonOverlappingTemplate,82,0,8,0.0,True,,False,  8   0   0   0   0   0   0   0   0   0     ----       0/8    *  NonOverlappingTemplate,8,0,0,0,0,0,0,0,0,0,sdr,raw
sdr_raw,8,98,NonOverlappingTemplate,83,0,8,0.0,True,,False,  8   0   0   0   0   0   0   0   0   0     ----       0/8    *  NonOverlappingTemplate,8,0,0,0,0,0,0,0,0,0,sdr,raw
sdr_raw,8,99,NonOverlappingTemplate,84,0,8,0.0,True,,False,  8   0   0   0   0   0   0   0   0   0     ----       0/8    *  NonOverlappingTemplate,8,0,0,0,0,0,0,0,0,0,sdr,raw
sdr_raw,8,100,NonOverlappingTemplate,85,0,8,0.0,True,,False,  8   0   0   0   0   0   0   0   0   0     ----       0/8    *  NonOverlappingTemplate,8,0,0,0,0,0,0,0,0,0,sdr,raw
sdr_raw,8,101,NonOverlappingTemplate,86,0,8,0.0,True,,False,  8   0   0   0   0   0   0   0   0   0     ----       0/8    *  NonOverlappingTemplate,8,0,0,0,0,0,0,0,0,0,sdr,raw
sdr_raw,8,102,NonOverlappingTemplate,87,0,8,0.0,True,,False,  8   0   0   0   0   0   0   0   0   0     ----       0/8    *  NonOverlappingTemplate,8,0,0,0,0,0,0,0,0,0,sdr,raw
sdr_raw,8,103,NonOverlappingTemplate,88,0,8,0.0,True,,False,  8   0   0   0   0   0   0   0   0   0     ----       0/8    *  NonOverlappingTemplate,8,0,0,0,0,0,0,0,0,0,sdr,raw
sdr_raw,8,104,NonOverlappingTemplate,89,0,8,0.0,True,,False,  8   0   0   0   0   0   0   0   0   0     ----       0/8    *  NonOverlappingTemplate,8,0,0,0,0,0,0,0,0,0,sdr,raw
sdr_raw,8,105,NonOverlappingTemplate,90,0,8,0.0,True,,False,  8   0   0   0   0   0   0   0   0   0     ----       0/8    *  NonOverlappingTemplate,8,0,0,0,0,0,0,0,0,0,sdr,raw
sdr_raw,8,106,NonOverlappingTemplate,91,0,8,0.0,True,,False,  8   0   0   0   0   0   0   0   0   0     ----       0/8    *  NonOverlappingTemplate,8,0,0,0,0,0,0,0,0,0,sdr,raw
sdr_raw,8,107,NonOverlappingTemplate,92,0,8,0.0,True,,False,  8   0   0   0   0   0   0   0   0   0     ----       0/8    *  NonOverlappingTemplate,8,0,0,0,0,0,0,0,0,0,sdr,raw
sdr_raw,8,108,NonOverlappingTemplate,93,0,8,0.0,True,,False,  8   0   0   0   0   0   0   0   0   0     ----       0/8    *  NonOverlappingTemplate,8,0,0,0,0,0,0,0,0,0,sdr,raw
sdr_raw,8,109,NonOverlappingTemplate,94,0,8,0.0,True,,False,  8   0   0   0   0   0   0   0   0   0     ----       0/8    *  NonOverlappingTemplate,8,0,0,0,0,0,0,0,0,0,sdr,raw
sdr_raw,8,110,NonOverlappingTemplate,95,0,8,0.0,True,,False,  8   0   0   0   0   0   0   0   0   0     ----       0/8    *  NonOverlappingTemplate,8,0,0,0,0,0,0,0,0,0,sdr,raw
sdr_raw,8,111,NonOverlappingTemplate,96,0,8,0.0,True,,False,  8   0   0   0   0   0   0   0   0   0     ----       0/8    *  NonOverlappingTemplate,8,0,0,0,0,0,0,0,0,0,sdr,raw
sdr_raw,8,112,NonOverlappingTemplate,97,0,8,0.0,True,,False,  8   0   0   0   0   0   0   0   0   0     ----       0/8    *  NonOverlappingTemplate,8,0,0,0,0,0,0,0,0,0,sdr,raw
sdr_raw,8,113,NonOverlappingTemplate,98,0,8,0.0,True,,False,  8   0   0   0   0   0   0   0   0   0     ----       0/8    *  NonOverlappingTemplate,8,0,0,0,0,0,0,0,0,0,sdr,raw
sdr_raw,8,114,NonOverlappingTemplate,99,0,8,0.0,True,,False,  8   0   0   0   0   0   0   0   0   0     ----       0/8    *  NonOverlappingTemplate,8,0,0,0,0,0,0,0,0,0,sdr,raw
sdr_raw,8,115,NonOverlappingTemplate,100,0,8,0.0,True,,False,  8   0   0   0   0   0   0   0   0   0     ----       0/8    *  NonOverlappingTemplate,8,0,0,0,0,0,0,0,0,0,sdr,raw
sdr_raw,8,116,NonOverlappingTemplate,101,0,8,0.0,True,,False,  8   0   0   0   0   0   0   0   0   0     ----       0/8    *  NonOverlappingTemplate,8,0,0,0,0,0,0,0,0,0,sdr,raw
sdr_raw,8,117,NonOverlappingTemplate,102,0,8,0.0,True,,False,  8   0   0   0   0   0   0   0   0   0     ----       0/8    *  NonOverlappingTemplate,8,0,0,0,0,0,0,0,0,0,sdr,raw
sdr_raw,8,118,NonOverlappingTemplate,103,0,8,0.0,True,,False,  8   0   0   0   0   0   0   0   0   0     ----       0/8    *  NonOverlappingTemplate,8,0,0,0,0,0,0,0,0,0,sdr,raw
sdr_raw,8,119,NonOverlappingTemplate,104,0,8,0.0,True,,False,  8   0   0   0   0   0   0   0   0   0     ----       0/8    *  NonOverlappingTemplate,8,0,0,0,0,0,0,0,0,0,sdr,raw
sdr_raw,8,120,NonOverlappingTemplate,105,0,8,0.0,True,,False,  8   0   0   0   0   0   0   0   0   0     ----       0/8    *  NonOverlappingTemplate,8,0,0,0,0,0,0,0,0,0,sdr,raw
sdr_raw,8,121,NonOverlappingTemplate,106,0,8,0.0,True,,False,  8   0   0   0   0   0   0   0   0   0     ----       0/8    *  NonOverlappingTemplate,8,0,0,0,0,0,0,0,0,0,sdr,raw
sdr_raw,8,122,NonOverlappingTemplate,107,0,8,0.0,True,,False,  8   0   0   0   0   0   0   0   0   0     ----       0/8    *  NonOverlappingTemplate,8,0,0,0,0,0,0,0,0,0,sdr,raw
sdr_raw,8,123,NonOverlappingTemplate,108,0,8,0.0,True,,False,  8   0   0   0   0   0   0   0   0   0     ----       0/8    *  NonOverlappingTemplate,8,0,0,0,0,0,0,0,0,0,sdr,raw
sdr_raw,8,124,NonOverlappingTemplate,109,0,8,0.0,True,,False,  8   0   0   0   0   0   0   0   0   0     ----       0/8    *  NonOverlappingTemplate,8,0,0,0,0,0,0,0,0,0,sdr,raw
sdr_raw,8,125,NonOverlappingTemplate,110,0,8,0.0,True,,False,  8   0   0   0   0   0   0   0   0   0     ----       0/8    *  NonOverlappingTemplate,8,0,0,0,0,0,0,0,0,0,sdr,raw
sdr_raw,8,126,NonOverlappingTemplate,111,0,8,0.0,True,,False,  8   0   0   0   0   0   0   0   0   0     ----       0/8    *  NonOverlappingTemplate,8,0,0,0,0,0,0,0,0,0,sdr,raw
sdr_raw,8,127,NonOverlappingTemplate,112,0,8,0.0,True,,False,  8   0   0   0   0   0   0   0   0   0     ----       0/8    *  NonOverlappingTemplate,8,0,0,0,0,0,0,0,0,0,sdr,raw
sdr_raw,8,128,NonOverlappingTemplate,113,0,8,0.0,True,,False,  8   0   0   0   0   0   0   0   0   0     ----       0/8    *  NonOverlappingTemplate,8,0,0,0,0,0,0,0,0,0,sdr,raw
sdr_raw,8,129,NonOverlappingTemplate,114,0,8,0.0,True,,False,  8   0   0   0   0   0   0   0   0   0     ----       0/8    *  NonOverlappingTemplate,8,0,0,0,0,0,0,0,0,0,sdr,raw
sdr_raw,8,130,NonOverlappingTemplate,115,0,8,0.0,True,,False,  8   0   0   0   0   0   0   0   0   0     ----       0/8    *  NonOverlappingTemplate,8,0,0,0,0,0,0,0,0,0,sdr,raw
sdr_raw,8,131,NonOverlappingTemplate,116,0,8,0.0,True,,False,  8   0   0   0   0   0   0   0   0   0     ----       0/8    *  NonOverlappingTemplate,8,0,0,0,0,0,0,0,0,0,sdr,raw
sdr_raw,8,132,NonOverlappingTemplate,117,0,8,0.0,True,,False,  8   0   0   0   0   0   0   0   0   0     ----       0/8    *  NonOverlappingTemplate,8,0,0,0,0,0,0,0,0,0,sdr,raw
sdr_raw,8,133,NonOverlappingTemplate,118,0,8,0.0,True,,False,  8   0   0   0   0   0   0   0   0   0     ----       0/8    *  NonOverlappingTemplate,8,0,0,0,0,0,0,0,0,0,sdr,raw
sdr_raw,8,134,NonOverlappingTemplate,119,0,8,0.0,True,,False,  8   0   0   0   0   0   0   0   0   0     ----       0/8    *  NonOverlappingTemplate,8,0,0,0,0,0,0,0,0,0,sdr,raw
sdr_raw,8,135,NonOverlappingTemplate,120,0,8,0.0,True,,False,  8   0   0   0   0   0   0   0   0   0     ----       0/8    *  NonOverlappingTemplate,8,0,0,0,0,0,0,0,0,0,sdr,raw
sdr_raw,8,136,NonOverlappingTemplate,121,0,8,0.0,True,,False,  8   0   0   0   0   0   0   0   0   0     ----       0/8    *  NonOverlappingTemplate,8,0,0,0,0,0,0,0,0,0,sdr,raw
sdr_raw,8,137,NonOverlappingTemplate,122,0,8,0.0,True,,False,  8   0   0   0   0   0   0   0   0   0     ----       0/8    *  NonOverlappingTemplate,8,0,0,0,0,0,0,0,0,0,sdr,raw
sdr_raw,8,138,NonOverlappingTemplate,123,0,8,0.0,True,,False,  8   0   0   0   0   0   0   0   0   0     ----       0/8    *  NonOverlappingTemplate,8,0,0,0,0,0,0,0,0,0,sdr,raw
sdr_raw,8,139,NonOverlappingTemplate,124,0,8,0.0,True,,False,  8   0   0   0   0   0   0   0   0   0     ----       0/8    *  NonOverlappingTemplate,8,0,0,0,0,0,0,0,0,0,sdr,raw
sdr_raw,8,140,NonOverlappingTemplate,125,0,8,0.0,True,,False,  8   0   0   0   0   0   0   0   0   0     ----       0/8    *  NonOverlappingTemplate,8,0,0,0,0,0,0,0,0,0,sdr,raw
sdr_raw,8,141,NonOverlappingTemplate,126,0,8,0.0,True,,False,  8   0   0   0   0   0   0   0   0   0     ----       0/8    *  NonOverlappingTemplate,8,0,0,0,0,0,0,0,0,0,sdr,raw
sdr_raw,8,142,NonOverlappingTemplate,127,0,8,0.0,True,,False,  8   0   0   0   0   0   0   0   0   0     ----       0/8    *  NonOverlappingTemplate,8,0,0,0,0,0,0,0,0,0,sdr,raw
sdr_raw,8,143,NonOverlappingTemplate,128,0,8,0.0,True,,False,  8   0   0   0   0   0   0   0   0   0     ----       0/8    *  NonOverlappingTemplate,8,0,0,0,0,0,0,0,0,0,sdr,raw
sdr_raw,8,144,NonOverlappingTemplate,129,0,8,0.0,True,,False,  8   0   0   0   0   0   0   0   0   0     ----       0/8    *  NonOverlappingTemplate,8,0,0,0,0,0,0,0,0,0,sdr,raw
sdr_raw,8,145,NonOverlappingTemplate,130,0,8,0.0,True,,False,  8   0   0   0   0   0   0   0   0   0     ----       0/8    *  NonOverlappingTemplate,8,0,0,0,0,0,0,0,0,0,sdr,raw
sdr_raw,8,146,NonOverlappingTemplate,131,0,8,0.0,True,,False,  8   0   0   0   0   0   0   0   0   0     ----       0/8    *  NonOverlappingTemplate,8,0,0,0,0,0,0,0,0,0,sdr,raw
sdr_raw,8,147,NonOverlappingTemplate,132,0,8,0.0,True,,False,  8   0   0   0   0   0   0   0   0   0     ----       0/8    *  NonOverlappingTemplate,8,0,0,0,0,0,0,0,0,0,sdr,raw
sdr_raw,8,148,NonOverlappingTemplate,133,0,8,0.0,True,,False,  8   0   0   0   0   0   0   0   0   0     ----       0/8    *  NonOverlappingTemplate,8,0,0,0,0,0,0,0,0,0,sdr,raw
sdr_raw,8,149,NonOverlappingTemplate,134,0,8,0.0,True,,False,  8   0   0   0   0   0   0   0   0   0     ----       0/8    *  NonOverlappingTemplate,8,0,0,0,0,0,0,0,0,0,sdr,raw
sdr_raw,8,150,NonOverlappingTemplate,135,0,8,0.0,True,,False,  8   0   0   0   0   0   0   0   0   0     ----       0/8    *  NonOverlappingTemplate,8,0,0,0,0,0,0,0,0,0,sdr,raw
sdr_raw,8,151,NonOverlappingTemplate,136,0,8,0.0,True,,False,  8   0   0   0   0   0   0   0   0   0     ----       0/8    *  NonOverlappingTemplate,8,0,0,0,0,0,0,0,0,0,sdr,raw
sdr_raw,8,152,NonOverlappingTemplate,137,0,8,0.0,True,,False,  8   0   0   0   0   0   0   0   0   0     ----       0/8    *  NonOverlappingTemplate,8,0,0,0,0,0,0,0,0,0,sdr,raw
sdr_raw,8,153,NonOverlappingTemplate,138,0,8,0.0,True,,False,  8   0   0   0   0   0   0   0   0   0     ----       0/8    *  NonOverlappingTemplate,8,0,0,0,0,0,0,0,0,0,sdr,raw
sdr_raw,8,154,NonOverlappingTemplate,139,0,8,0.0,True,,False,  8   0   0   0   0   0   0   0   0   0     ----       0/8    *  NonOverlappingTemplate,8,0,0,0,0,0,0,0,0,0,sdr,raw
sdr_raw,8,155,NonOverlappingTemplate,140,0,8,0.0,True,,False,  8   0   0   0   0   0   0   0   0   0     ----       0/8    *  NonOverlappingTemplate,8,0,0,0,0,0,0,0,0,0,sdr,raw
sdr_raw,8,156,NonOverlappingTemplate,141,0,8,0.0,True,,False,  8   0   0   0   0   0   0   0   0   0     ----       0/8    *  NonOverlappingTemplate,8,0,0,0,0,0,0,0,0,0,sdr,raw
sdr_raw,8,157,NonOverlappingTemplate,142,0,8,0.0,True,,False,  8   0   0   0   0   0   0   0   0   0     ----       0/8    *  NonOverlappingTemplate,8,0,0,0,0,0,0,0,0,0,sdr,raw
sdr_raw,8,158,NonOverlappingTemplate,143,1,8,0.125,True,,False,  8   0   0   0   0   0   0   0   0   0     ----       1/8    *  NonOverlappingTemplate,8,0,0,0,0,0,0,0,0,0,sdr,raw
sdr_raw,8,159,NonOverlappingTemplate,144,0,8,0.0,True,,False,  8   0   0   0   0   0   0   0   0   0     ----       0/8    *  NonOverlappingTemplate,8,0,0,0,0,0,0,0,0,0,sdr,raw
sdr_raw,8,160,NonOverlappingTemplate,145,0,8,0.0,True,,False,  8   0   0   0   0   0   0   0   0   0     ----       0/8    *  NonOverlappingTemplate,8,0,0,0,0,0,0,0,0,0,sdr,raw
sdr_raw,8,161,NonOverlappingTemplate,146,0,8,0.0,True,,False,  8   0   0   0   0   0   0   0   0   0     ----       0/8    *  NonOverlappingTemplate,8,0,0,0,0,0,0,0,0,0,sdr,raw
sdr_raw,8,162,NonOverlappingTemplate,147,0,8,0.0,True,,False,  8   0   0   0   0   0   0   0   0   0     ----       0/8    *  NonOverlappingTemplate,8,0,0,0,0,0,0,0,0,0,sdr,raw
sdr_raw,8,163,NonOverlappingTemplate,148,0,8,0.0,True,,False,  8   0   0   0   0   0   0   0   0   0     ----       0/8    *  NonOverlappingTemplate,8,0,0,0,0,0,0,0,0,0,sdr,raw
sdr_raw,8,164,OverlappingTemplate,1,0,8,0.0,True,,False,  8   0   0   0   0   0   0   0   0   0     ----       0/8    *  OverlappingTemplate,8,0,0,0,0,0,0,0,0,0,sdr,raw
sdr_raw,8,165,Universal,1,0,8,0.0,True,,False,  8   0   0   0   0   0   0   0   0   0     ----       0/8    *  Universal,8,0,0,0,0,0,0,0,0,0,sdr,raw
sdr_raw,8,166,ApproximateEntropy,1,0,8,0.0,True,,False,  8   0   0   0   0   0   0   0   0   0     ----       0/8    *  ApproximateEntropy,8,0,0,0,0,0,0,0,0,0,sdr,raw
sdr_raw,8,170,RandomExcursions,1,0,1,0.0,False,,False,  1   0   0   0   0   0   0   0   0   0     ----       0/1       RandomExcursions,1,0,0,0,0,0,0,0,0,0,sdr,raw
sdr_raw,8,171,RandomExcursions,2,0,1,0.0,False,,False,  1   0   0   0   0   0   0   0   0   0     ----       0/1       RandomExcursions,1,0,0,0,0,0,0,0,0,0,sdr,raw
sdr_raw,8,175,RandomExcursionsVariant,1,1,1,1.0,False,,False,  0   0   0   0   0   1   0   0   0   0     ----       1/1       RandomExcursionsVariant,0,0,0,0,0,1,0,0,0,0,sdr,raw
sdr_raw,8,176,RandomExcursionsVariant,2,1,1,1.0,False,,False,  0   0   0   0   0   0   1   0   0   0     ----       1/1       RandomExcursionsVariant,0,0,0,0,0,0,1,0,0,0,sdr,raw
sdr_raw,8,177,RandomExcursionsVariant,3,1,1,1.0,False,,False,  0   0   0   0   0   0   1   0   0   0     ----       1/1       RandomExcursionsVariant,0,0,0,0,0,0,1,0,0,0,sdr,raw
sdr_raw,8,178,RandomExcursionsVariant,4,1,1,1.0,False,,False,  0   0   0   1   0   0   0   0   0   0     ----       1/1       RandomExcursionsVariant,0,0,0,1,0,0,0,0,0,0,sdr,raw
sdr_raw,8,179,RandomExcursionsVariant,5,1,1,1.0,False,,False,  0   0   0   0   1   0   0   0   0   0     ----       1/1       RandomExcursionsVariant,0,0,0,0,1,0,0,0,0,0,sdr,raw
sdr_raw,8,180,RandomExcursionsVariant,6,1,1,1.0,False,,False,  0   0   0   0   0   0   1   0   0   0     ----       1/1       RandomExcursionsVariant,0,0,0,0,0,0,1,0,0,0,sdr,raw
sdr_raw,8,181,RandomExcursionsVariant,7,1,1,1.0,False,,False,  0   0   0   0   1   0   0   0   0   0     ----       1/1       RandomExcursionsVariant,0,0,0,0,1,0,0,0,0,0,sdr,raw
sdr_raw,8,182,RandomExcursionsVariant,8,1,1,1.0,False,,False,  0   0   0   0   1   0   0   0   0   0     ----       1/1       RandomExcursionsVariant,0,0,0,0,1,0,0,0,0,0,sdr,raw
sdr_raw,8,183,RandomExcursionsVariant,9,1,1,1.0,False,,False,  0   0   0   0   1   0   0   0   0   0     ----       1/1       RandomExcursionsVariant,0,0,0,0,1,0,0,0,0,0,sdr,raw
sdr_raw,8,184,RandomExcursionsVariant,10,1,1,1.0,False,,False,  0   0   0   0   0   0   0   0   1   0     ----       1/1       RandomExcursionsVariant,0,0,0,0,0,0,0,0,1,0,sdr,raw
sdr_raw,8,185,RandomExcursionsVariant,11,1,1,1.0,False,,False,  0   0   0   0   1   0   0   0   0   0     ----       1/1       RandomExcursionsVariant,0,0,0,0,1,0,0,0,0,0,sdr,raw
sdr_raw,8,186,RandomExcursionsVariant,12,1,1,1.0,False,,False,  0   0   0   1   0   0   0   0   0   0     ----       1/1       RandomExcursionsVariant,0,0,0,1,0,0,0,0,0,0,sdr,raw
sdr_raw,8,187,RandomExcursionsVariant,13,1,1,1.0,False,,False,  0   0   1   0   0   0   0   0   0   0     ----       1/1       RandomExcursionsVariant,0,0,1,0,0,0,0,0,0,0,sdr,raw
sdr_raw,8,188,RandomExcursionsVariant,14,1,1,1.0,False,,False,  0   0   1   0   0   0   0   0   0   0     ----       1/1       RandomExcursionsVariant,0,0,1,0,0,0,0,0,0,0,sdr,raw
sdr_raw,8,189,RandomExcursionsVariant,15,1,1,1.0,False,,False,  0   0   1   0   0   0   0   0   0   0     ----       1/1       RandomExcursionsVariant,0,0,1,0,0,0,0,0,0,0,sdr,raw
sdr_raw,8,190,RandomExcursionsVariant,16,1,1,1.0,False,,False,  0   0   1   0   0   0   0   0   0   0     ----       1/1       RandomExcursionsVariant,0,0,1,0,0,0,0,0,0,0,sdr,raw
sdr_raw,8,191,RandomExcursionsVariant,17,1,1,1.0,False,,False,  0   0   1   0   0   0   0   0   0   0     ----       1/1       RandomExcursionsVariant,0,0,1,0,0,0,0,0,0,0,sdr,raw
sdr_raw,8,192,RandomExcursionsVariant,18,1,1,1.0,False,,False,  0   0   0   0   0   1   0   0   0   0     ----       1/1       RandomExcursionsVariant,0,0,0,0,0,1,0,0,0,0,sdr,raw
sdr_raw,8,193,Serial,1,0,8,0.0,True,,False,  8   0   0   0   0   0   0   0   0   0     ----       0/8    *  Serial,8,0,0,0,0,0,0,0,0,0,sdr,raw
sdr_raw,8,194,Serial,2,0,8,0.0,True,,False,  8   0   0   0   0   0   0   0   0   0     ----       0/8    *  Serial,8,0,0,0,0,0,0,0,0,0,sdr,raw
sdr_raw,8,195,LinearComplexity,1,8,8,1.0,False,,False,  0   0   1   2   0   0   1   3   1   0     ----       8/8       LinearComplexity,0,0,1,2,0,0,1,3,1,0,sdr,raw
sdr_vn,2,8,Frequency,1,0,2,0.0,True,,False,  2   0   0   0   0   0   0   0   0   0     ----       0/2    *  Frequency,2,0,0,0,0,0,0,0,0,0,sdr,vn
sdr_vn,2,9,BlockFrequency,1,0,2,0.0,True,,False,  2   0   0   0   0   0   0   0   0   0     ----       0/2    *  BlockFrequency,2,0,0,0,0,0,0,0,0,0,sdr,vn
sdr_vn,2,10,CumulativeSums,1,0,2,0.0,True,,False,  2   0   0   0   0   0   0   0   0   0     ----       0/2    *  CumulativeSums,2,0,0,0,0,0,0,0,0,0,sdr,vn
sdr_vn,2,11,CumulativeSums,2,0,2,0.0,True,,False,  2   0   0   0   0   0   0   0   0   0     ----       0/2    *  CumulativeSums,2,0,0,0,0,0,0,0,0,0,sdr,vn
sdr_vn,2,12,Runs,1,0,2,0.0,True,,False,  2   0   0   0   0   0   0   0   0   0     ----       0/2    *  Runs,2,0,0,0,0,0,0,0,0,0,sdr,vn
sdr_vn,2,13,LongestRun,1,0,2,0.0,True,,False,  2   0   0   0   0   0   0   0   0   0     ----       0/2    *  LongestRun,2,0,0,0,0,0,0,0,0,0,sdr,vn
sdr_vn,2,14,Rank,1,0,2,0.0,True,,False,  2   0   0   0   0   0   0   0   0   0     ----       0/2    *  Rank,2,0,0,0,0,0,0,0,0,0,sdr,vn
sdr_vn,2,15,FFT,1,0,2,0.0,True,,False,  2   0   0   0   0   0   0   0   0   0     ----       0/2    *  FFT,2,0,0,0,0,0,0,0,0,0,sdr,vn
sdr_vn,2,16,NonOverlappingTemplate,1,0,2,0.0,True,,False,  2   0   0   0   0   0   0   0   0   0     ----       0/2    *  NonOverlappingTemplate,2,0,0,0,0,0,0,0,0,0,sdr,vn
sdr_vn,2,17,NonOverlappingTemplate,2,0,2,0.0,True,,False,  2   0   0   0   0   0   0   0   0   0     ----       0/2    *  NonOverlappingTemplate,2,0,0,0,0,0,0,0,0,0,sdr,vn
sdr_vn,2,18,NonOverlappingTemplate,3,0,2,0.0,True,,False,  2   0   0   0   0   0   0   0   0   0     ----       0/2    *  NonOverlappingTemplate,2,0,0,0,0,0,0,0,0,0,sdr,vn
sdr_vn,2,19,NonOverlappingTemplate,4,0,2,0.0,True,,False,  2   0   0   0   0   0   0   0   0   0     ----       0/2    *  NonOverlappingTemplate,2,0,0,0,0,0,0,0,0,0,sdr,vn
sdr_vn,2,20,NonOverlappingTemplate,5,0,2,0.0,True,,False,  2   0   0   0   0   0   0   0   0   0     ----       0/2    *  NonOverlappingTemplate,2,0,0,0,0,0,0,0,0,0,sdr,vn
sdr_vn,2,21,NonOverlappingTemplate,6,0,2,0.0,True,,False,  2   0   0   0   0   0   0   0   0   0     ----       0/2    *  NonOverlappingTemplate,2,0,0,0,0,0,0,0,0,0,sdr,vn
sdr_vn,2,22,NonOverlappingTemplate,7,0,2,0.0,True,,False,  2   0   0   0   0   0   0   0   0   0     ----       0/2    *  NonOverlappingTemplate,2,0,0,0,0,0,0,0,0,0,sdr,vn
sdr_vn,2,23,NonOverlappingTemplate,8,0,2,0.0,True,,False,  2   0   0   0   0   0   0   0   0   0     ----       0/2    *  NonOverlappingTemplate,2,0,0,0,0,0,0,0,0,0,sdr,vn
sdr_vn,2,24,NonOverlappingTemplate,9,0,2,0.0,True,,False,  2   0   0   0   0   0   0   0   0   0     ----       0/2    *  NonOverlappingTemplate,2,0,0,0,0,0,0,0,0,0,sdr,vn
sdr_vn,2,25,NonOverlappingTemplate,10,0,2,0.0,True,,False,  2   0   0   0   0   0   0   0   0   0     ----       0/2    *  NonOverlappingTemplate,2,0,0,0,0,0,0,0,0,0,sdr,vn
sdr_vn,2,26,NonOverlappingTemplate,11,0,2,0.0,True,,False,  2   0   0   0   0   0   0   0   0   0     ----       0/2    *  NonOverlappingTemplate,2,0,0,0,0,0,0,0,0,0,sdr,vn
sdr_vn,2,27,NonOverlappingTemplate,12,1,2,0.5,False,,False,  1   1   0   0   0   0   0   0   0   0     ----       1/2       NonOverlappingTemplate,1,1,0,0,0,0,0,0,0,0,sdr,vn
sdr_vn,2,28,NonOverlappingTemplate,13,0,2,0.0,True,,False,  2   0   0   0   0   0   0   0   0   0     ----       0/2    *  NonOverlappingTemplate,2,0,0,0,0,0,0,0,0,0,sdr,vn
sdr_vn,2,29,NonOverlappingTemplate,14,0,2,0.0,True,,False,  2   0   0   0   0   0   0   0   0   0     ----       0/2    *  NonOverlappingTemplate,2,0,0,0,0,0,0,0,0,0,sdr,vn
sdr_vn,2,30,NonOverlappingTemplate,15,0,2,0.0,True,,False,  2   0   0   0   0   0   0   0   0   0     ----       0/2    *  NonOverlappingTemplate,2,0,0,0,0,0,0,0,0,0,sdr,vn
sdr_vn,2,31,NonOverlappingTemplate,16,0,2,0.0,True,,False,  2   0   0   0   0   0   0   0   0   0     ----       0/2    *  NonOverlappingTemplate,2,0,0,0,0,0,0,0,0,0,sdr,vn
sdr_vn,2,32,NonOverlappingTemplate,17,0,2,0.0,True,,False,  2   0   0   0   0   0   0   0   0   0     ----       0/2    *  NonOverlappingTemplate,2,0,0,0,0,0,0,0,0,0,sdr,vn
sdr_vn,2,33,NonOverlappingTemplate,18,0,2,0.0,True,,False,  2   0   0   0   0   0   0   0   0   0     ----       0/2    *  NonOverlappingTemplate,2,0,0,0,0,0,0,0,0,0,sdr,vn
sdr_vn,2,34,NonOverlappingTemplate,19,0,2,0.0,True,,False,  2   0   0   0   0   0   0   0   0   0     ----       0/2    *  NonOverlappingTemplate,2,0,0,0,0,0,0,0,0,0,sdr,vn
sdr_vn,2,35,NonOverlappingTemplate,20,0,2,0.0,True,,False,  2   0   0   0   0   0   0   0   0   0     ----       0/2    *  NonOverlappingTemplate,2,0,0,0,0,0,0,0,0,0,sdr,vn
sdr_vn,2,36,NonOverlappingTemplate,21,0,2,0.0,True,,False,  2   0   0   0   0   0   0   0   0   0     ----       0/2    *  NonOverlappingTemplate,2,0,0,0,0,0,0,0,0,0,sdr,vn
sdr_vn,2,37,NonOverlappingTemplate,22,0,2,0.0,True,,False,  2   0   0   0   0   0   0   0   0   0     ----       0/2    *  NonOverlappingTemplate,2,0,0,0,0,0,0,0,0,0,sdr,vn
sdr_vn,2,38,NonOverlappingTemplate,23,1,2,0.5,False,,False,  2   0   0   0   0   0   0   0   0   0     ----       1/2       NonOverlappingTemplate,2,0,0,0,0,0,0,0,0,0,sdr,vn
sdr_vn,2,39,NonOverlappingTemplate,24,0,2,0.0,True,,False,  2   0   0   0   0   0   0   0   0   0     ----       0/2    *  NonOverlappingTemplate,2,0,0,0,0,0,0,0,0,0,sdr,vn
sdr_vn,2,40,NonOverlappingTemplate,25,0,2,0.0,True,,False,  2   0   0   0   0   0   0   0   0   0     ----       0/2    *  NonOverlappingTemplate,2,0,0,0,0,0,0,0,0,0,sdr,vn
sdr_vn,2,41,NonOverlappingTemplate,26,0,2,0.0,True,,False,  2   0   0   0   0   0   0   0   0   0     ----       0/2    *  NonOverlappingTemplate,2,0,0,0,0,0,0,0,0,0,sdr,vn
sdr_vn,2,42,NonOverlappingTemplate,27,0,2,0.0,True,,False,  2   0   0   0   0   0   0   0   0   0     ----       0/2    *  NonOverlappingTemplate,2,0,0,0,0,0,0,0,0,0,sdr,vn
sdr_vn,2,43,NonOverlappingTemplate,28,0,2,0.0,True,,False,  2   0   0   0   0   0   0   0   0   0     ----       0/2    *  NonOverlappingTemplate,2,0,0,0,0,0,0,0,0,0,sdr,vn
sdr_vn,2,44,NonOverlappingTemplate,29,0,2,0.0,True,,False,  2   0   0   0   0   0   0   0   0   0     ----       0/2    *  NonOverlappingTemplate,2,0,0,0,0,0,0,0,0,0,sdr,vn
sdr_vn,2,45,NonOverlappingTemplate,30,0,2,0.0,True,,False,  2   0   0   0   0   0   0   0   0   0     ----       0/2    *  NonOverlappingTemplate,2,0,0,0,0,0,0,0,0,0,sdr,vn
sdr_vn,2,46,NonOverlappingTemplate,31,0,2,0.0,True,,False,  2   0   0   0   0   0   0   0   0   0     ----       0/2    *  NonOverlappingTemplate,2,0,0,0,0,0,0,0,0,0,sdr,vn
sdr_vn,2,47,NonOverlappingTemplate,32,0,2,0.0,True,,False,  2   0   0   0   0   0   0   0   0   0     ----       0/2    *  NonOverlappingTemplate,2,0,0,0,0,0,0,0,0,0,sdr,vn
sdr_vn,2,48,NonOverlappingTemplate,33,0,2,0.0,True,,False,  2   0   0   0   0   0   0   0   0   0     ----       0/2    *  NonOverlappingTemplate,2,0,0,0,0,0,0,0,0,0,sdr,vn
sdr_vn,2,49,NonOverlappingTemplate,34,0,2,0.0,True,,False,  2   0   0   0   0   0   0   0   0   0     ----       0/2    *  NonOverlappingTemplate,2,0,0,0,0,0,0,0,0,0,sdr,vn
sdr_vn,2,50,NonOverlappingTemplate,35,0,2,0.0,True,,False,  2   0   0   0   0   0   0   0   0   0     ----       0/2    *  NonOverlappingTemplate,2,0,0,0,0,0,0,0,0,0,sdr,vn
sdr_vn,2,51,NonOverlappingTemplate,36,0,2,0.0,True,,False,  2   0   0   0   0   0   0   0   0   0     ----       0/2    *  NonOverlappingTemplate,2,0,0,0,0,0,0,0,0,0,sdr,vn
sdr_vn,2,52,NonOverlappingTemplate,37,0,2,0.0,True,,False,  2   0   0   0   0   0   0   0   0   0     ----       0/2    *  NonOverlappingTemplate,2,0,0,0,0,0,0,0,0,0,sdr,vn
sdr_vn,2,53,NonOverlappingTemplate,38,0,2,0.0,True,,False,  2   0   0   0   0   0   0   0   0   0     ----       0/2    *  NonOverlappingTemplate,2,0,0,0,0,0,0,0,0,0,sdr,vn
sdr_vn,2,54,NonOverlappingTemplate,39,0,2,0.0,True,,False,  2   0   0   0   0   0   0   0   0   0     ----       0/2    *  NonOverlappingTemplate,2,0,0,0,0,0,0,0,0,0,sdr,vn
sdr_vn,2,55,NonOverlappingTemplate,40,0,2,0.0,True,,False,  2   0   0   0   0   0   0   0   0   0     ----       0/2    *  NonOverlappingTemplate,2,0,0,0,0,0,0,0,0,0,sdr,vn
sdr_vn,2,56,NonOverlappingTemplate,41,0,2,0.0,True,,False,  2   0   0   0   0   0   0   0   0   0     ----       0/2    *  NonOverlappingTemplate,2,0,0,0,0,0,0,0,0,0,sdr,vn
sdr_vn,2,57,NonOverlappingTemplate,42,1,2,0.5,False,,False,  2   0   0   0   0   0   0   0   0   0     ----       1/2       NonOverlappingTemplate,2,0,0,0,0,0,0,0,0,0,sdr,vn
sdr_vn,2,58,NonOverlappingTemplate,43,0,2,0.0,True,,False,  2   0   0   0   0   0   0   0   0   0     ----       0/2    *  NonOverlappingTemplate,2,0,0,0,0,0,0,0,0,0,sdr,vn
sdr_vn,2,59,NonOverlappingTemplate,44,0,2,0.0,True,,False,  2   0   0   0   0   0   0   0   0   0     ----       0/2    *  NonOverlappingTemplate,2,0,0,0,0,0,0,0,0,0,sdr,vn
sdr_vn,2,60,NonOverlappingTemplate,45,0,2,0.0,True,,False,  2   0   0   0   0   0   0   0   0   0     ----       0/2    *  NonOverlappingTemplate,2,0,0,0,0,0,0,0,0,0,sdr,vn
sdr_vn,2,61,NonOverlappingTemplate,46,0,2,0.0,True,,False,  2   0   0   0   0   0   0   0   0   0     ----       0/2    *  NonOverlappingTemplate,2,0,0,0,0,0,0,0,0,0,sdr,vn
sdr_vn,2,62,NonOverlappingTemplate,47,0,2,0.0,True,,False,  2   0   0   0   0   0   0   0   0   0     ----       0/2    *  NonOverlappingTemplate,2,0,0,0,0,0,0,0,0,0,sdr,vn
sdr_vn,2,63,NonOverlappingTemplate,48,0,2,0.0,True,,False,  2   0   0   0   0   0   0   0   0   0     ----       0/2    *  NonOverlappingTemplate,2,0,0,0,0,0,0,0,0,0,sdr,vn
sdr_vn,2,64,NonOverlappingTemplate,49,0,2,0.0,True,,False,  2   0   0   0   0   0   0   0   0   0     ----       0/2    *  NonOverlappingTemplate,2,0,0,0,0,0,0,0,0,0,sdr,vn
sdr_vn,2,65,NonOverlappingTemplate,50,0,2,0.0,True,,False,  2   0   0   0   0   0   0   0   0   0     ----       0/2    *  NonOverlappingTemplate,2,0,0,0,0,0,0,0,0,0,sdr,vn
sdr_vn,2,66,NonOverlappingTemplate,51,0,2,0.0,True,,False,  2   0   0   0   0   0   0   0   0   0     ----       0/2    *  NonOverlappingTemplate,2,0,0,0,0,0,0,0,0,0,sdr,vn
sdr_vn,2,67,NonOverlappingTemplate,52,0,2,0.0,True,,False,  2   0   0   0   0   0   0   0   0   0     ----       0/2    *  NonOverlappingTemplate,2,0,0,0,0,0,0,0,0,0,sdr,vn
sdr_vn,2,68,NonOverlappingTemplate,53,0,2,0.0,True,,False,  2   0   0   0   0   0   0   0   0   0     ----       0/2    *  NonOverlappingTemplate,2,0,0,0,0,0,0,0,0,0,sdr,vn
sdr_vn,2,69,NonOverlappingTemplate,54,0,2,0.0,True,,False,  2   0   0   0   0   0   0   0   0   0     ----       0/2    *  NonOverlappingTemplate,2,0,0,0,0,0,0,0,0,0,sdr,vn
sdr_vn,2,70,NonOverlappingTemplate,55,0,2,0.0,True,,False,  2   0   0   0   0   0   0   0   0   0     ----       0/2    *  NonOverlappingTemplate,2,0,0,0,0,0,0,0,0,0,sdr,vn
sdr_vn,2,71,NonOverlappingTemplate,56,0,2,0.0,True,,False,  2   0   0   0   0   0   0   0   0   0     ----       0/2    *  NonOverlappingTemplate,2,0,0,0,0,0,0,0,0,0,sdr,vn
sdr_vn,2,72,NonOverlappingTemplate,57,0,2,0.0,True,,False,  2   0   0   0   0   0   0   0   0   0     ----       0/2    *  NonOverlappingTemplate,2,0,0,0,0,0,0,0,0,0,sdr,vn
sdr_vn,2,73,NonOverlappingTemplate,58,0,2,0.0,True,,False,  2   0   0   0   0   0   0   0   0   0     ----       0/2    *  NonOverlappingTemplate,2,0,0,0,0,0,0,0,0,0,sdr,vn
sdr_vn,2,74,NonOverlappingTemplate,59,0,2,0.0,True,,False,  2   0   0   0   0   0   0   0   0   0     ----       0/2    *  NonOverlappingTemplate,2,0,0,0,0,0,0,0,0,0,sdr,vn
sdr_vn,2,75,NonOverlappingTemplate,60,0,2,0.0,True,,False,  2   0   0   0   0   0   0   0   0   0     ----       0/2    *  NonOverlappingTemplate,2,0,0,0,0,0,0,0,0,0,sdr,vn
sdr_vn,2,76,NonOverlappingTemplate,61,0,2,0.0,True,,False,  2   0   0   0   0   0   0   0   0   0     ----       0/2    *  NonOverlappingTemplate,2,0,0,0,0,0,0,0,0,0,sdr,vn
sdr_vn,2,77,NonOverlappingTemplate,62,0,2,0.0,True,,False,  2   0   0   0   0   0   0   0   0   0     ----       0/2    *  NonOverlappingTemplate,2,0,0,0,0,0,0,0,0,0,sdr,vn
sdr_vn,2,78,NonOverlappingTemplate,63,0,2,0.0,True,,False,  2   0   0   0   0   0   0   0   0   0     ----       0/2    *  NonOverlappingTemplate,2,0,0,0,0,0,0,0,0,0,sdr,vn
sdr_vn,2,79,NonOverlappingTemplate,64,0,2,0.0,True,,False,  2   0   0   0   0   0   0   0   0   0     ----       0/2    *  NonOverlappingTemplate,2,0,0,0,0,0,0,0,0,0,sdr,vn
sdr_vn,2,80,NonOverlappingTemplate,65,0,2,0.0,True,,False,  2   0   0   0   0   0   0   0   0   0     ----       0/2    *  NonOverlappingTemplate,2,0,0,0,0,0,0,0,0,0,sdr,vn
sdr_vn,2,81,NonOverlappingTemplate,66,0,2,0.0,True,,False,  2   0   0   0   0   0   0   0   0   0     ----       0/2    *  NonOverlappingTemplate,2,0,0,0,0,0,0,0,0,0,sdr,vn
sdr_vn,2,82,NonOverlappingTemplate,67,0,2,0.0,True,,False,  2   0   0   0   0   0   0   0   0   0     ----       0/2    *  NonOverlappingTemplate,2,0,0,0,0,0,0,0,0,0,sdr,vn
sdr_vn,2,83,NonOverlappingTemplate,68,0,2,0.0,True,,False,  2   0   0   0   0   0   0   0   0   0     ----       0/2    *  NonOverlappingTemplate,2,0,0,0,0,0,0,0,0,0,sdr,vn
sdr_vn,2,84,NonOverlappingTemplate,69,0,2,0.0,True,,False,  2   0   0   0   0   0   0   0   0   0     ----       0/2    *  NonOverlappingTemplate,2,0,0,0,0,0,0,0,0,0,sdr,vn
sdr_vn,2,85,NonOverlappingTemplate,70,0,2,0.0,True,,False,  2   0   0   0   0   0   0   0   0   0     ----       0/2    *  NonOverlappingTemplate,2,0,0,0,0,0,0,0,0,0,sdr,vn
sdr_vn,2,86,NonOverlappingTemplate,71,0,2,0.0,True,,False,  2   0   0   0   0   0   0   0   0   0     ----       0/2    *  NonOverlappingTemplate,2,0,0,0,0,0,0,0,0,0,sdr,vn
sdr_vn,2,87,NonOverlappingTemplate,72,0,2,0.0,True,,False,  2   0   0   0   0   0   0   0   0   0     ----       0/2    *  NonOverlappingTemplate,2,0,0,0,0,0,0,0,0,0,sdr,vn
sdr_vn,2,88,NonOverlappingTemplate,73,0,2,0.0,True,,False,  2   0   0   0   0   0   0   0   0   0     ----       0/2    *  NonOverlappingTemplate,2,0,0,0,0,0,0,0,0,0,sdr,vn
sdr_vn,2,89,NonOverlappingTemplate,74,0,2,0.0,True,,False,  2   0   0   0   0   0   0   0   0   0     ----       0/2    *  NonOverlappingTemplate,2,0,0,0,0,0,0,0,0,0,sdr,vn
sdr_vn,2,90,NonOverlappingTemplate,75,0,2,0.0,True,,False,  2   0   0   0   0   0   0   0   0   0     ----       0/2    *  NonOverlappingTemplate,2,0,0,0,0,0,0,0,0,0,sdr,vn
sdr_vn,2,91,NonOverlappingTemplate,76,0,2,0.0,True,,False,  2   0   0   0   0   0   0   0   0   0     ----       0/2    *  NonOverlappingTemplate,2,0,0,0,0,0,0,0,0,0,sdr,vn
sdr_vn,2,92,NonOverlappingTemplate,77,0,2,0.0,True,,False,  2   0   0   0   0   0   0   0   0   0     ----       0/2    *  NonOverlappingTemplate,2,0,0,0,0,0,0,0,0,0,sdr,vn
sdr_vn,2,93,NonOverlappingTemplate,78,0,2,0.0,True,,False,  2   0   0   0   0   0   0   0   0   0     ----       0/2    *  NonOverlappingTemplate,2,0,0,0,0,0,0,0,0,0,sdr,vn
sdr_vn,2,94,NonOverlappingTemplate,79,0,2,0.0,True,,False,  2   0   0   0   0   0   0   0   0   0     ----       0/2    *  NonOverlappingTemplate,2,0,0,0,0,0,0,0,0,0,sdr,vn
sdr_vn,2,95,NonOverlappingTemplate,80,0,2,0.0,True,,False,  2   0   0   0   0   0   0   0   0   0     ----       0/2    *  NonOverlappingTemplate,2,0,0,0,0,0,0,0,0,0,sdr,vn
sdr_vn,2,96,NonOverlappingTemplate,81,0,2,0.0,True,,False,  2   0   0   0   0   0   0   0   0   0     ----       0/2    *  NonOverlappingTemplate,2,0,0,0,0,0,0,0,0,0,sdr,vn
sdr_vn,2,97,NonOverlappingTemplate,82,0,2,0.0,True,,False,  2   0   0   0   0   0   0   0   0   0     ----       0/2    *  NonOverlappingTemplate,2,0,0,0,0,0,0,0,0,0,sdr,vn
sdr_vn,2,98,NonOverlappingTemplate,83,0,2,0.0,True,,False,  2   0   0   0   0   0   0   0   0   0     ----       0/2    *  NonOverlappingTemplate,2,0,0,0,0,0,0,0,0,0,sdr,vn
sdr_vn,2,99,NonOverlappingTemplate,84,0,2,0.0,True,,False,  2   0   0   0   0   0   0   0   0   0     ----       0/2    *  NonOverlappingTemplate,2,0,0,0,0,0,0,0,0,0,sdr,vn
sdr_vn,2,100,NonOverlappingTemplate,85,0,2,0.0,True,,False,  2   0   0   0   0   0   0   0   0   0     ----       0/2    *  NonOverlappingTemplate,2,0,0,0,0,0,0,0,0,0,sdr,vn
sdr_vn,2,101,NonOverlappingTemplate,86,0,2,0.0,True,,False,  2   0   0   0   0   0   0   0   0   0     ----       0/2    *  NonOverlappingTemplate,2,0,0,0,0,0,0,0,0,0,sdr,vn
sdr_vn,2,102,NonOverlappingTemplate,87,0,2,0.0,True,,False,  2   0   0   0   0   0   0   0   0   0     ----       0/2    *  NonOverlappingTemplate,2,0,0,0,0,0,0,0,0,0,sdr,vn
sdr_vn,2,103,NonOverlappingTemplate,88,0,2,0.0,True,,False,  2   0   0   0   0   0   0   0   0   0     ----       0/2    *  NonOverlappingTemplate,2,0,0,0,0,0,0,0,0,0,sdr,vn
sdr_vn,2,104,NonOverlappingTemplate,89,0,2,0.0,True,,False,  2   0   0   0   0   0   0   0   0   0     ----       0/2    *  NonOverlappingTemplate,2,0,0,0,0,0,0,0,0,0,sdr,vn
sdr_vn,2,105,NonOverlappingTemplate,90,0,2,0.0,True,,False,  2   0   0   0   0   0   0   0   0   0     ----       0/2    *  NonOverlappingTemplate,2,0,0,0,0,0,0,0,0,0,sdr,vn
sdr_vn,2,106,NonOverlappingTemplate,91,0,2,0.0,True,,False,  2   0   0   0   0   0   0   0   0   0     ----       0/2    *  NonOverlappingTemplate,2,0,0,0,0,0,0,0,0,0,sdr,vn
sdr_vn,2,107,NonOverlappingTemplate,92,0,2,0.0,True,,False,  2   0   0   0   0   0   0   0   0   0     ----       0/2    *  NonOverlappingTemplate,2,0,0,0,0,0,0,0,0,0,sdr,vn
sdr_vn,2,108,NonOverlappingTemplate,93,0,2,0.0,True,,False,  2   0   0   0   0   0   0   0   0   0     ----       0/2    *  NonOverlappingTemplate,2,0,0,0,0,0,0,0,0,0,sdr,vn
sdr_vn,2,109,NonOverlappingTemplate,94,0,2,0.0,True,,False,  2   0   0   0   0   0   0   0   0   0     ----       0/2    *  NonOverlappingTemplate,2,0,0,0,0,0,0,0,0,0,sdr,vn
sdr_vn,2,110,NonOverlappingTemplate,95,0,2,0.0,True,,False,  2   0   0   0   0   0   0   0   0   0     ----       0/2    *  NonOverlappingTemplate,2,0,0,0,0,0,0,0,0,0,sdr,vn
sdr_vn,2,111,NonOverlappingTemplate,96,0,2,0.0,True,,False,  2   0   0   0   0   0   0   0   0   0     ----       0/2    *  NonOverlappingTemplate,2,0,0,0,0,0,0,0,0,0,sdr,vn
sdr_vn,2,112,NonOverlappingTemplate,97,0,2,0.0,True,,False,  2   0   0   0   0   0   0   0   0   0     ----       0/2    *  NonOverlappingTemplate,2,0,0,0,0,0,0,0,0,0,sdr,vn
sdr_vn,2,113,NonOverlappingTemplate,98,0,2,0.0,True,,False,  2   0   0   0   0   0   0   0   0   0     ----       0/2    *  NonOverlappingTemplate,2,0,0,0,0,0,0,0,0,0,sdr,vn
sdr_vn,2,114,NonOverlappingTemplate,99,0,2,0.0,True,,False,  2   0   0   0   0   0   0   0   0   0     ----       0/2    *  NonOverlappingTemplate,2,0,0,0,0,0,0,0,0,0,sdr,vn
sdr_vn,2,115,NonOverlappingTemplate,100,0,2,0.0,True,,False,  2   0   0   0   0   0   0   0   0   0     ----       0/2    *  NonOverlappingTemplate,2,0,0,0,0,0,0,0,0,0,sdr,vn
sdr_vn,2,116,NonOverlappingTemplate,101,0,2,0.0,True,,False,  2   0   0   0   0   0   0   0   0   0     ----       0/2    *  NonOverlappingTemplate,2,0,0,0,0,0,0,0,0,0,sdr,vn
sdr_vn,2,117,NonOverlappingTemplate,102,0,2,0.0,True,,False,  2   0   0   0   0   0   0   0   0   0     ----       0/2    *  NonOverlappingTemplate,2,0,0,0,0,0,0,0,0,0,sdr,vn
sdr_vn,2,118,NonOverlappingTemplate,103,0,2,0.0,True,,False,  2   0   0   0   0   0   0   0   0   0     ----       0/2    *  NonOverlappingTemplate,2,0,0,0,0,0,0,0,0,0,sdr,vn
sdr_vn,2,119,NonOverlappingTemplate,104,0,2,0.0,True,,False,  2   0   0   0   0   0   0   0   0   0     ----       0/2    *  NonOverlappingTemplate,2,0,0,0,0,0,0,0,0,0,sdr,vn
sdr_vn,2,120,NonOverlappingTemplate,105,0,2,0.0,True,,False,  2   0   0   0   0   0   0   0   0   0     ----       0/2    *  NonOverlappingTemplate,2,0,0,0,0,0,0,0,0,0,sdr,vn
sdr_vn,2,121,NonOverlappingTemplate,106,0,2,0.0,True,,False,  2   0   0   0   0   0   0   0   0   0     ----       0/2    *  NonOverlappingTemplate,2,0,0,0,0,0,0,0,0,0,sdr,vn
sdr_vn,2,122,NonOverlappingTemplate,107,0,2,0.0,True,,False,  2   0   0   0   0   0   0   0   0   0     ----       0/2    *  NonOverlappingTemplate,2,0,0,0,0,0,0,0,0,0,sdr,vn
sdr_vn,2,123,NonOverlappingTemplate,108,0,2,0.0,True,,False,  2   0   0   0   0   0   0   0   0   0     ----       0/2    *  NonOverlappingTemplate,2,0,0,0,0,0,0,0,0,0,sdr,vn
sdr_vn,2,124,NonOverlappingTemplate,109,0,2,0.0,True,,False,  2   0   0   0   0   0   0   0   0   0     ----       0/2    *  NonOverlappingTemplate,2,0,0,0,0,0,0,0,0,0,sdr,vn
sdr_vn,2,125,NonOverlappingTemplate,110,0,2,0.0,True,,False,  2   0   0   0   0   0   0   0   0   0     ----       0/2    *  NonOverlappingTemplate,2,0,0,0,0,0,0,0,0,0,sdr,vn
sdr_vn,2,126,NonOverlappingTemplate,111,0,2,0.0,True,,False,  2   0   0   0   0   0   0   0   0   0     ----       0/2    *  NonOverlappingTemplate,2,0,0,0,0,0,0,0,0,0,sdr,vn
sdr_vn,2,127,NonOverlappingTemplate,112,0,2,0.0,True,,False,  2   0   0   0   0   0   0   0   0   0     ----       0/2    *  NonOverlappingTemplate,2,0,0,0,0,0,0,0,0,0,sdr,vn
sdr_vn,2,128,NonOverlappingTemplate,113,0,2,0.0,True,,False,  2   0   0   0   0   0   0   0   0   0     ----       0/2    *  NonOverlappingTemplate,2,0,0,0,0,0,0,0,0,0,sdr,vn
sdr_vn,2,129,NonOverlappingTemplate,114,0,2,0.0,True,,False,  2   0   0   0   0   0   0   0   0   0     ----       0/2    *  NonOverlappingTemplate,2,0,0,0,0,0,0,0,0,0,sdr,vn
sdr_vn,2,130,NonOverlappingTemplate,115,0,2,0.0,True,,False,  2   0   0   0   0   0   0   0   0   0     ----       0/2    *  NonOverlappingTemplate,2,0,0,0,0,0,0,0,0,0,sdr,vn
sdr_vn,2,131,NonOverlappingTemplate,116,0,2,0.0,True,,False,  2   0   0   0   0   0   0   0   0   0     ----       0/2    *  NonOverlappingTemplate,2,0,0,0,0,0,0,0,0,0,sdr,vn
sdr_vn,2,132,NonOverlappingTemplate,117,0,2,0.0,True,,False,  2   0   0   0   0   0   0   0   0   0     ----       0/2    *  NonOverlappingTemplate,2,0,0,0,0,0,0,0,0,0,sdr,vn
sdr_vn,2,133,NonOverlappingTemplate,118,0,2,0.0,True,,False,  2   0   0   0   0   0   0   0   0   0     ----       0/2    *  NonOverlappingTemplate,2,0,0,0,0,0,0,0,0,0,sdr,vn
sdr_vn,2,134,NonOverlappingTemplate,119,0,2,0.0,True,,False,  2   0   0   0   0   0   0   0   0   0     ----       0/2    *  NonOverlappingTemplate,2,0,0,0,0,0,0,0,0,0,sdr,vn
sdr_vn,2,135,NonOverlappingTemplate,120,0,2,0.0,True,,False,  2   0   0   0   0   0   0   0   0   0     ----       0/2    *  NonOverlappingTemplate,2,0,0,0,0,0,0,0,0,0,sdr,vn
sdr_vn,2,136,NonOverlappingTemplate,121,0,2,0.0,True,,False,  2   0   0   0   0   0   0   0   0   0     ----       0/2    *  NonOverlappingTemplate,2,0,0,0,0,0,0,0,0,0,sdr,vn
sdr_vn,2,137,NonOverlappingTemplate,122,0,2,0.0,True,,False,  2   0   0   0   0   0   0   0   0   0     ----       0/2    *  NonOverlappingTemplate,2,0,0,0,0,0,0,0,0,0,sdr,vn
sdr_vn,2,138,NonOverlappingTemplate,123,0,2,0.0,True,,False,  2   0   0   0   0   0   0   0   0   0     ----       0/2    *  NonOverlappingTemplate,2,0,0,0,0,0,0,0,0,0,sdr,vn
sdr_vn,2,139,NonOverlappingTemplate,124,0,2,0.0,True,,False,  2   0   0   0   0   0   0   0   0   0     ----       0/2    *  NonOverlappingTemplate,2,0,0,0,0,0,0,0,0,0,sdr,vn
sdr_vn,2,140,NonOverlappingTemplate,125,0,2,0.0,True,,False,  2   0   0   0   0   0   0   0   0   0     ----       0/2    *  NonOverlappingTemplate,2,0,0,0,0,0,0,0,0,0,sdr,vn
sdr_vn,2,141,NonOverlappingTemplate,126,1,2,0.5,False,,False,  2   0   0   0   0   0   0   0   0   0     ----       1/2       NonOverlappingTemplate,2,0,0,0,0,0,0,0,0,0,sdr,vn
sdr_vn,2,142,NonOverlappingTemplate,127,0,2,0.0,True,,False,  2   0   0   0   0   0   0   0   0   0     ----       0/2    *  NonOverlappingTemplate,2,0,0,0,0,0,0,0,0,0,sdr,vn
sdr_vn,2,143,NonOverlappingTemplate,128,0,2,0.0,True,,False,  2   0   0   0   0   0   0   0   0   0     ----       0/2    *  NonOverlappingTemplate,2,0,0,0,0,0,0,0,0,0,sdr,vn
sdr_vn,2,144,NonOverlappingTemplate,129,0,2,0.0,True,,False,  2   0   0   0   0   0   0   0   0   0     ----       0/2    *  NonOverlappingTemplate,2,0,0,0,0,0,0,0,0,0,sdr,vn
sdr_vn,2,145,NonOverlappingTemplate,130,0,2,0.0,True,,False,  2   0   0   0   0   0   0   0   0   0     ----       0/2    *  NonOverlappingTemplate,2,0,0,0,0,0,0,0,0,0,sdr,vn
sdr_vn,2,146,NonOverlappingTemplate,131,0,2,0.0,True,,False,  2   0   0   0   0   0   0   0   0   0     ----       0/2    *  NonOverlappingTemplate,2,0,0,0,0,0,0,0,0,0,sdr,vn
sdr_vn,2,147,NonOverlappingTemplate,132,0,2,0.0,True,,False,  2   0   0   0   0   0   0   0   0   0     ----       0/2    *  NonOverlappingTemplate,2,0,0,0,0,0,0,0,0,0,sdr,vn
sdr_vn,2,148,NonOverlappingTemplate,133,0,2,0.0,True,,False,  2   0   0   0   0   0   0   0   0   0     ----       0/2    *  NonOverlappingTemplate,2,0,0,0,0,0,0,0,0,0,sdr,vn
sdr_vn,2,149,NonOverlappingTemplate,134,0,2,0.0,True,,False,  2   0   0   0   0   0   0   0   0   0     ----       0/2    *  NonOverlappingTemplate,2,0,0,0,0,0,0,0,0,0,sdr,vn
sdr_vn,2,150,NonOverlappingTemplate,135,0,2,0.0,True,,False,  2   0   0   0   0   0   0   0   0   0     ----       0/2    *  NonOverlappingTemplate,2,0,0,0,0,0,0,0,0,0,sdr,vn
sdr_vn,2,151,NonOverlappingTemplate,136,0,2,0.0,True,,False,  2   0   0   0   0   0   0   0   0   0     ----       0/2    *  NonOverlappingTemplate,2,0,0,0,0,0,0,0,0,0,sdr,vn
sdr_vn,2,152,NonOverlappingTemplate,137,1,2,0.5,False,,False,  2   0   0   0   0   0   0   0   0   0     ----       1/2       NonOverlappingTemplate,2,0,0,0,0,0,0,0,0,0,sdr,vn
sdr_vn,2,153,NonOverlappingTemplate,138,0,2,0.0,True,,False,  2   0   0   0   0   0   0   0   0   0     ----       0/2    *  NonOverlappingTemplate,2,0,0,0,0,0,0,0,0,0,sdr,vn
sdr_vn,2,154,NonOverlappingTemplate,139,0,2,0.0,True,,False,  2   0   0   0   0   0   0   0   0   0     ----       0/2    *  NonOverlappingTemplate,2,0,0,0,0,0,0,0,0,0,sdr,vn
sdr_vn,2,155,NonOverlappingTemplate,140,0,2,0.0,True,,False,  2   0   0   0   0   0   0   0   0   0     ----       0/2    *  NonOverlappingTemplate,2,0,0,0,0,0,0,0,0,0,sdr,vn
sdr_vn,2,156,NonOverlappingTemplate,141,0,2,0.0,True,,False,  2   0   0   0   0   0   0   0   0   0     ----       0/2    *  NonOverlappingTemplate,2,0,0,0,0,0,0,0,0,0,sdr,vn
sdr_vn,2,157,NonOverlappingTemplate,142,0,2,0.0,True,,False,  2   0   0   0   0   0   0   0   0   0     ----       0/2    *  NonOverlappingTemplate,2,0,0,0,0,0,0,0,0,0,sdr,vn
sdr_vn,2,158,NonOverlappingTemplate,143,0,2,0.0,True,,False,  2   0   0   0   0   0   0   0   0   0     ----       0/2    *  NonOverlappingTemplate,2,0,0,0,0,0,0,0,0,0,sdr,vn
sdr_vn,2,159,NonOverlappingTemplate,144,0,2,0.0,True,,False,  2   0   0   0   0   0   0   0   0   0     ----       0/2    *  NonOverlappingTemplate,2,0,0,0,0,0,0,0,0,0,sdr,vn
sdr_vn,2,160,NonOverlappingTemplate,145,0,2,0.0,True,,False,  2   0   0   0   0   0   0   0   0   0     ----       0/2    *  NonOverlappingTemplate,2,0,0,0,0,0,0,0,0,0,sdr,vn
sdr_vn,2,161,NonOverlappingTemplate,146,0,2,0.0,True,,False,  2   0   0   0   0   0   0   0   0   0     ----       0/2    *  NonOverlappingTemplate,2,0,0,0,0,0,0,0,0,0,sdr,vn
sdr_vn,2,162,NonOverlappingTemplate,147,0,2,0.0,True,,False,  2   0   0   0   0   0   0   0   0   0     ----       0/2    *  NonOverlappingTemplate,2,0,0,0,0,0,0,0,0,0,sdr,vn
sdr_vn,2,163,NonOverlappingTemplate,148,0,2,0.0,True,,False,  2   0   0   0   0   0   0   0   0   0     ----       0/2    *  NonOverlappingTemplate,2,0,0,0,0,0,0,0,0,0,sdr,vn
sdr_vn,2,164,OverlappingTemplate,1,0,2,0.0,True,,False,  2   0   0   0   0   0   0   0   0   0     ----       0/2    *  OverlappingTemplate,2,0,0,0,0,0,0,0,0,0,sdr,vn
sdr_vn,2,165,Universal,1,0,2,0.0,True,,False,  2   0   0   0   0   0   0   0   0   0     ----       0/2    *  Universal,2,0,0,0,0,0,0,0,0,0,sdr,vn
sdr_vn,2,166,ApproximateEntropy,1,0,2,0.0,True,,False,  2   0   0   0   0   0   0   0   0   0     ----       0/2    *  ApproximateEntropy,2,0,0,0,0,0,0,0,0,0,sdr,vn
sdr_vn,2,193,Serial,1,0,2,0.0,True,,False,  2   0   0   0   0   0   0   0   0   0     ----       0/2    *  Serial,2,0,0,0,0,0,0,0,0,0,sdr,vn
sdr_vn,2,194,Serial,2,0,2,0.0,True,,False,  2   0   0   0   0   0   0   0   0   0     ----       0/2    *  Serial,2,0,0,0,0,0,0,0,0,0,sdr,vn
sdr_vn,2,195,LinearComplexity,1,2,2,1.0,False,,False,  0   0   0   0   0   0   0   1   1   0     ----       2/2       LinearComplexity,0,0,0,0,0,0,0,1,1,0,sdr,vn
sdr_xor,8,8,Frequency,1,4,8,0.5,True,,False,  4   1   0   0   1   0   0   2   0   0     ----       4/8    *  Frequency,4,1,0,0,1,0,0,2,0,0,sdr,xor
sdr_xor,8,9,BlockFrequency,1,0,8,0.0,True,,False,  8   0   0   0   0   0   0   0   0   0     ----       0/8    *  BlockFrequency,8,0,0,0,0,0,0,0,0,0,sdr,xor
sdr_xor,8,10,CumulativeSums,1,4,8,0.5,True,,False,  5   2   0   1   0   0   0   0   0   0     ----       4/8    *  CumulativeSums,5,2,0,1,0,0,0,0,0,0,sdr,xor
sdr_xor,8,11,CumulativeSums,2,4,8,0.5,True,,False,  5   1   0   2   0   0   0   0   0   0     ----       4/8    *  CumulativeSums,5,1,0,2,0,0,0,0,0,0,sdr,xor
sdr_xor,8,12,Runs,1,0,8,0.0,True,,False,  8   0   0   0   0   0   0   0   0   0     ----       0/8    *  Runs,8,0,0,0,0,0,0,0,0,0,sdr,xor
sdr_xor,8,13,LongestRun,1,0,8,0.0,True,,False,  8   0   0   0   0   0   0   0   0   0     ----       0/8    *  LongestRun,8,0,0,0,0,0,0,0,0,0,sdr,xor
sdr_xor,8,14,Rank,1,8,8,1.0,False,,False,  6   0   1   0   0   0   1   0   0   0     ----       8/8       Rank,6,0,1,0,0,0,1,0,0,0,sdr,xor
sdr_xor,8,15,FFT,1,0,8,0.0,True,,False,  8   0   0   0   0   0   0   0   0   0     ----       0/8    *  FFT,8,0,0,0,0,0,0,0,0,0,sdr,xor
sdr_xor,8,16,NonOverlappingTemplate,1,0,8,0.0,True,,False,  8   0   0   0   0   0   0   0   0   0     ----       0/8    *  NonOverlappingTemplate,8,0,0,0,0,0,0,0,0,0,sdr,xor
sdr_xor,8,17,NonOverlappingTemplate,2,0,8,0.0,True,,False,  8   0   0   0   0   0   0   0   0   0     ----       0/8    *  NonOverlappingTemplate,8,0,0,0,0,0,0,0,0,0,sdr,xor
sdr_xor,8,18,NonOverlappingTemplate,3,8,8,1.0,False,,False,  2   0   2   0   1   1   1   1   0   0     ----       8/8       NonOverlappingTemplate,2,0,2,0,1,1,1,1,0,0,sdr,xor
sdr_xor,8,19,NonOverlappingTemplate,4,0,8,0.0,True,,False,  8   0   0   0   0   0   0   0   0   0     ----       0/8    *  NonOverlappingTemplate,8,0,0,0,0,0,0,0,0,0,sdr,xor
sdr_xor,8,20,NonOverlappingTemplate,5,0,8,0.0,True,,False,  8   0   0   0   0   0   0   0   0   0     ----       0/8    *  NonOverlappingTemplate,8,0,0,0,0,0,0,0,0,0,sdr,xor
sdr_xor,8,21,NonOverlappingTemplate,6,0,8,0.0,True,,False,  8   0   0   0   0   0   0   0   0   0     ----       0/8    *  NonOverlappingTemplate,8,0,0,0,0,0,0,0,0,0,sdr,xor
sdr_xor,8,22,NonOverlappingTemplate,7,8,8,1.0,False,,False,  1   2   1   1   1   0   0   1   1   0     ----       8/8       NonOverlappingTemplate,1,2,1,1,1,0,0,1,1,0,sdr,xor
sdr_xor,8,23,NonOverlappingTemplate,8,0,8,0.0,True,,False,  8   0   0   0   0   0   0   0   0   0     ----       0/8    *  NonOverlappingTemplate,8,0,0,0,0,0,0,0,0,0,sdr,xor
sdr_xor,8,24,NonOverlappingTemplate,9,0,8,0.0,True,,False,  8   0   0   0   0   0   0   0   0   0     ----       0/8    *  NonOverlappingTemplate,8,0,0,0,0,0,0,0,0,0,sdr,xor
sdr_xor,8,25,NonOverlappingTemplate,10,0,8,0.0,True,,False,  8   0   0   0   0   0   0   0   0   0     ----       0/8    *  NonOverlappingTemplate,8,0,0,0,0,0,0,0,0,0,sdr,xor
sdr_xor,8,26,NonOverlappingTemplate,11,0,8,0.0,True,,False,  8   0   0   0   0   0   0   0   0   0     ----       0/8    *  NonOverlappingTemplate,8,0,0,0,0,0,0,0,0,0,sdr,xor
sdr_xor,8,27,NonOverlappingTemplate,12,0,8,0.0,True,,False,  8   0   0   0   0   0   0   0   0   0     ----       0/8    *  NonOverlappingTemplate,8,0,0,0,0,0,0,0,0,0,sdr,xor
sdr_xor,8,28,NonOverlappingTemplate,13,0,8,0.0,True,,False,  8   0   0   0   0   0   0   0   0   0     ----       0/8    *  NonOverlappingTemplate,8,0,0,0,0,0,0,0,0,0,sdr,xor
sdr_xor,8,29,NonOverlappingTemplate,14,0,8,0.0,True,,False,  8   0   0   0   0   0   0   0   0   0     ----       0/8    *  NonOverlappingTemplate,8,0,0,0,0,0,0,0,0,0,sdr,xor
sdr_xor,8,30,NonOverlappingTemplate,15,0,8,0.0,True,,False,  8   0   0   0   0   0   0   0   0   0     ----       0/8    *  NonOverlappingTemplate,8,0,0,0,0,0,0,0,0,0,sdr,xor
sdr_xor,8,31,NonOverlappingTemplate,16,0,8,0.0,True,,False,  8   0   0   0   0   0   0   0   0   0     ----       0/8    *  NonOverlappingTemplate,8,0,0,0,0,0,0,0,0,0,sdr,xor
sdr_xor,8,32,NonOverlappingTemplate,17,0,8,0.0,True,,False,  8   0   0   0   0   0   0   0   0   0     ----       0/8    *  NonOverlappingTemplate,8,0,0,0,0,0,0,0,0,0,sdr,xor
sdr_xor,8,33,NonOverlappingTemplate,18,0,8,0.0,True,,False,  8   0   0   0   0   0   0   0   0   0     ----       0/8    *  NonOverlappingTemplate,8,0,0,0,0,0,0,0,0,0,sdr,xor
sdr_xor,8,34,NonOverlappingTemplate,19,0,8,0.0,True,,False,  8   0   0   0   0   0   0   0   0   0     ----       0/8    *  NonOverlappingTemplate,8,0,0,0,0,0,0,0,0,0,sdr,xor
sdr_xor,8,35,NonOverlappingTemplate,20,0,8,0.0,True,,False,  8   0   0   0   0   0   0   0   0   0     ----       0/8    *  NonOverlappingTemplate,8,0,0,0,0,0,0,0,0,0,sdr,xor
sdr_xor,8,36,NonOverlappingTemplate,21,0,8,0.0,True,,False,  8   0   0   0   0   0   0   0   0   0     ----       0/8    *  NonOverlappingTemplate,8,0,0,0,0,0,0,0,0,0,sdr,xor
sdr_xor,8,37,NonOverlappingTemplate,22,0,8,0.0,True,,False,  8   0   0   0   0   0   0   0   0   0     ----       0/8    *  NonOverlappingTemplate,8,0,0,0,0,0,0,0,0,0,sdr,xor
sdr_xor,8,38,NonOverlappingTemplate,23,0,8,0.0,True,,False,  8   0   0   0   0   0   0   0   0   0     ----       0/8    *  NonOverlappingTemplate,8,0,0,0,0,0,0,0,0,0,sdr,xor
sdr_xor,8,39,NonOverlappingTemplate,24,0,8,0.0,True,,False,  8   0   0   0   0   0   0   0   0   0     ----       0/8    *  NonOverlappingTemplate,8,0,0,0,0,0,0,0,0,0,sdr,xor
sdr_xor,8,40,NonOverlappingTemplate,25,0,8,0.0,True,,False,  8   0   0   0   0   0   0   0   0   0     ----       0/8    *  NonOverlappingTemplate,8,0,0,0,0,0,0,0,0,0,sdr,xor
sdr_xor,8,41,NonOverlappingTemplate,26,0,8,0.0,True,,False,  8   0   0   0   0   0   0   0   0   0     ----       0/8    *  NonOverlappingTemplate,8,0,0,0,0,0,0,0,0,0,sdr,xor
sdr_xor,8,42,NonOverlappingTemplate,27,0,8,0.0,True,,False,  8   0   0   0   0   0   0   0   0   0     ----       0/8    *  NonOverlappingTemplate,8,0,0,0,0,0,0,0,0,0,sdr,xor
sdr_xor,8,43,NonOverlappingTemplate,28,0,8,0.0,True,,False,  8   0   0   0   0   0   0   0   0   0     ----       0/8    *  NonOverlappingTemplate,8,0,0,0,0,0,0,0,0,0,sdr,xor
sdr_xor,8,44,NonOverlappingTemplate,29,0,8,0.0,True,,False,  8   0   0   0   0   0   0   0   0   0     ----       0/8    *  NonOverlappingTemplate,8,0,0,0,0,0,0,0,0,0,sdr,xor
sdr_xor,8,45,NonOverlappingTemplate,30,0,8,0.0,True,,False,  8   0   0   0   0   0   0   0   0   0     ----       0/8    *  NonOverlappingTemplate,8,0,0,0,0,0,0,0,0,0,sdr,xor
sdr_xor,8,46,NonOverlappingTemplate,31,0,8,0.0,True,,False,  8   0   0   0   0   0   0   0   0   0     ----       0/8    *  NonOverlappingTemplate,8,0,0,0,0,0,0,0,0,0,sdr,xor
sdr_xor,8,47,NonOverlappingTemplate,32,0,8,0.0,True,,False,  8   0   0   0   0   0   0   0   0   0     ----       0/8    *  NonOverlappingTemplate,8,0,0,0,0,0,0,0,0,0,sdr,xor
sdr_xor,8,48,NonOverlappingTemplate,33,0,8,0.0,True,,False,  8   0   0   0   0   0   0   0   0   0     ----       0/8    *  NonOverlappingTemplate,8,0,0,0,0,0,0,0,0,0,sdr,xor
sdr_xor,8,49,NonOverlappingTemplate,34,0,8,0.0,True,,False,  8   0   0   0   0   0   0   0   0   0     ----       0/8    *  NonOverlappingTemplate,8,0,0,0,0,0,0,0,0,0,sdr,xor
sdr_xor,8,50,NonOverlappingTemplate,35,0,8,0.0,True,,False,  8   0   0   0   0   0   0   0   0   0     ----       0/8    *  NonOverlappingTemplate,8,0,0,0,0,0,0,0,0,0,sdr,xor
sdr_xor,8,51,NonOverlappingTemplate,36,0,8,0.0,True,,False,  8   0   0   0   0   0   0   0   0   0     ----       0/8    *  NonOverlappingTemplate,8,0,0,0,0,0,0,0,0,0,sdr,xor
sdr_xor,8,52,NonOverlappingTemplate,37,0,8,0.0,True,,False,  8   0   0   0   0   0   0   0   0   0     ----       0/8    *  NonOverlappingTemplate,8,0,0,0,0,0,0,0,0,0,sdr,xor
sdr_xor,8,53,NonOverlappingTemplate,38,0,8,0.0,True,,False,  8   0   0   0   0   0   0   0   0   0     ----       0/8    *  NonOverlappingTemplate,8,0,0,0,0,0,0,0,0,0,sdr,xor
sdr_xor,8,54,NonOverlappingTemplate,39,0,8,0.0,True,,False,  8   0   0   0   0   0   0   0   0   0     ----       0/8    *  NonOverlappingTemplate,8,0,0,0,0,0,0,0,0,0,sdr,xor
sdr_xor,8,55,NonOverlappingTemplate,40,0,8,0.0,True,,False,  8   0   0   0   0   0   0   0   0   0     ----       0/8    *  NonOverlappingTemplate,8,0,0,0,0,0,0,0,0,0,sdr,xor
sdr_xor,8,56,NonOverlappingTemplate,41,0,8,0.0,True,,False,  8   0   0   0   0   0   0   0   0   0     ----       0/8    *  NonOverlappingTemplate,8,0,0,0,0,0,0,0,0,0,sdr,xor
sdr_xor,8,57,NonOverlappingTemplate,42,0,8,0.0,True,,False,  8   0   0   0   0   0   0   0   0   0     ----       0/8    *  NonOverlappingTemplate,8,0,0,0,0,0,0,0,0,0,sdr,xor
sdr_xor,8,58,NonOverlappingTemplate,43,0,8,0.0,True,,False,  8   0   0   0   0   0   0   0   0   0     ----       0/8    *  NonOverlappingTemplate,8,0,0,0,0,0,0,0,0,0,sdr,xor
sdr_xor,8,59,NonOverlappingTemplate,44,0,8,0.0,True,,False,  8   0   0   0   0   0   0   0   0   0     ----       0/8    *  NonOverlappingTemplate,8,0,0,0,0,0,0,0,0,0,sdr,xor
sdr_xor,8,60,NonOverlappingTemplate,45,0,8,0.0,True,,False,  8   0   0   0   0   0   0   0   0   0     ----       0/8    *  NonOverlappingTemplate,8,0,0,0,0,0,0,0,0,0,sdr,xor
sdr_xor,8,61,NonOverlappingTemplate,46,0,8,0.0,True,,False,  8   0   0   0   0   0   0   0   0   0     ----       0/8    *  NonOverlappingTemplate,8,0,0,0,0,0,0,0,0,0,sdr,xor
sdr_xor,8,62,NonOverlappingTemplate,47,0,8,0.0,True,,False,  8   0   0   0   0   0   0   0   0   0     ----       0/8    *  NonOverlappingTemplate,8,0,0,0,0,0,0,0,0,0,sdr,xor
sdr_xor,8,63,NonOverlappingTemplate,48,0,8,0.0,True,,False,  8   0   0   0   0   0   0   0   0   0     ----       0/8    *  NonOverlappingTemplate,8,0,0,0,0,0,0,0,0,0,sdr,xor
sdr_xor,8,64,NonOverlappingTemplate,49,0,8,0.0,True,,False,  8   0   0   0   0   0   0   0   0   0     ----       0/8    *  NonOverlappingTemplate,8,0,0,0,0,0,0,0,0,0,sdr,xor
sdr_xor,8,65,NonOverlappingTemplate,50,0,8,0.0,True,,False,  8   0   0   0   0   0   0   0   0   0     ----       0/8    *  NonOverlappingTemplate,8,0,0,0,0,0,0,0,0,0,sdr,xor
sdr_xor,8,66,NonOverlappingTemplate,51,0,8,0.0,True,,False,  8   0   0   0   0   0   0   0   0   0     ----       0/8    *  NonOverlappingTemplate,8,0,0,0,0,0,0,0,0,0,sdr,xor
sdr_xor,8,67,NonOverlappingTemplate,52,0,8,0.0,True,,False,  8   0   0   0   0   0   0   0   0   0     ----       0/8    *  NonOverlappingTemplate,8,0,0,0,0,0,0,0,0,0,sdr,xor
sdr_xor,8,68,NonOverlappingTemplate,53,0,8,0.0,True,,False,  8   0   0   0   0   0   0   0   0   0     ----       0/8    *  NonOverlappingTemplate,8,0,0,0,0,0,0,0,0,0,sdr,xor
sdr_xor,8,69,NonOverlappingTemplate,54,0,8,0.0,True,,False,  8   0   0   0   0   0   0   0   0   0     ----       0/8    *  NonOverlappingTemplate,8,0,0,0,0,0,0,0,0,0,sdr,xor
sdr_xor,8,70,NonOverlappingTemplate,55,0,8,0.0,True,,False,  8   0   0   0   0   0   0   0   0   0     ----       0/8    *  NonOverlappingTemplate,8,0,0,0,0,0,0,0,0,0,sdr,xor
sdr_xor,8,71,NonOverlappingTemplate,56,0,8,0.0,True,,False,  8   0   0   0   0   0   0   0   0   0     ----       0/8    *  NonOverlappingTemplate,8,0,0,0,0,0,0,0,0,0,sdr,xor
sdr_xor,8,72,NonOverlappingTemplate,57,0,8,0.0,True,,False,  8   0   0   0   0   0   0   0   0   0     ----       0/8    *  NonOverlappingTemplate,8,0,0,0,0,0,0,0,0,0,sdr,xor
sdr_xor,8,73,NonOverlappingTemplate,58,0,8,0.0,True,,False,  8   0   0   0   0   0   0   0   0   0     ----       0/8    *  NonOverlappingTemplate,8,0,0,0,0,0,0,0,0,0,sdr,xor
sdr_xor,8,74,NonOverlappingTemplate,59,0,8,0.0,True,,False,  8   0   0   0   0   0   0   0   0   0     ----       0/8    *  NonOverlappingTemplate,8,0,0,0,0,0,0,0,0,0,sdr,xor
sdr_xor,8,75,NonOverlappingTemplate,60,8,8,1.0,False,,False,  1   2   0   2   1   0   0   0   0   2     ----       8/8       NonOverlappingTemplate,1,2,0,2,1,0,0,0,0,2,sdr,xor
sdr_xor,8,76,NonOverlappingTemplate,61,0,8,0.0,True,,False,  8   0   0   0   0   0   0   0   0   0     ----       0/8    *  NonOverlappingTemplate,8,0,0,0,0,0,0,0,0,0,sdr,xor
sdr_xor,8,77,NonOverlappingTemplate,62,0,8,0.0,True,,False,  8   0   0   0   0   0   0   0   0   0     ----       0/8    *  NonOverlappingTemplate,8,0,0,0,0,0,0,0,0,0,sdr,xor
sdr_xor,8,78,NonOverlappingTemplate,63,0,8,0.0,True,,False,  8   0   0   0   0   0   0   0   0   0     ----       0/8    *  NonOverlappingTemplate,8,0,0,0,0,0,0,0,0,0,sdr,xor
sdr_xor,8,79,NonOverlappingTemplate,64,0,8,0.0,True,,False,  8   0   0   0   0   0   0   0   0   0     ----       0/8    *  NonOverlappingTemplate,8,0,0,0,0,0,0,0,0,0,sdr,xor
sdr_xor,8,80,NonOverlappingTemplate,65,0,8,0.0,True,,False,  8   0   0   0   0   0   0   0   0   0     ----       0/8    *  NonOverlappingTemplate,8,0,0,0,0,0,0,0,0,0,sdr,xor
sdr_xor,8,81,NonOverlappingTemplate,66,0,8,0.0,True,,False,  8   0   0   0   0   0   0   0   0   0     ----       0/8    *  NonOverlappingTemplate,8,0,0,0,0,0,0,0,0,0,sdr,xor
sdr_xor,8,82,NonOverlappingTemplate,67,0,8,0.0,True,,False,  8   0   0   0   0   0   0   0   0   0     ----       0/8    *  NonOverlappingTemplate,8,0,0,0,0,0,0,0,0,0,sdr,xor
sdr_xor,8,83,NonOverlappingTemplate,68,8,8,1.0,False,,False,  1   2   0   1   1   1   1   1   0   0     ----       8/8       NonOverlappingTemplate,1,2,0,1,1,1,1,1,0,0,sdr,xor
sdr_xor,8,84,NonOverlappingTemplate,69,0,8,0.0,True,,False,  8   0   0   0   0   0   0   0   0   0     ----       0/8    *  NonOverlappingTemplate,8,0,0,0,0,0,0,0,0,0,sdr,xor
sdr_xor,8,85,NonOverlappingTemplate,70,0,8,0.0,True,,False,  8   0   0   0   0   0   0   0   0   0     ----       0/8    *  NonOverlappingTemplate,8,0,0,0,0,0,0,0,0,0,sdr,xor
sdr_xor,8,86,NonOverlappingTemplate,71,0,8,0.0,True,,False,  8   0   0   0   0   0   0   0   0   0     ----       0/8    *  NonOverlappingTemplate,8,0,0,0,0,0,0,0,0,0,sdr,xor
sdr_xor,8,87,NonOverlappingTemplate,72,0,8,0.0,True,,False,  8   0   0   0   0   0   0   0   0   0     ----       0/8    *  NonOverlappingTemplate,8,0,0,0,0,0,0,0,0,0,sdr,xor
sdr_xor,8,88,NonOverlappingTemplate,73,0,8,0.0,True,,False,  8   0   0   0   0   0   0   0   0   0     ----       0/8    *  NonOverlappingTemplate,8,0,0,0,0,0,0,0,0,0,sdr,xor
sdr_xor,8,89,NonOverlappingTemplate,74,0,8,0.0,True,,False,  8   0   0   0   0   0   0   0   0   0     ----       0/8    *  NonOverlappingTemplate,8,0,0,0,0,0,0,0,0,0,sdr,xor
sdr_xor,8,90,NonOverlappingTemplate,75,0,8,0.0,True,,False,  8   0   0   0   0   0   0   0   0   0     ----       0/8    *  NonOverlappingTemplate,8,0,0,0,0,0,0,0,0,0,sdr,xor
sdr_xor,8,91,NonOverlappingTemplate,76,0,8,0.0,True,,False,  8   0   0   0   0   0   0   0   0   0     ----       0/8    *  NonOverlappingTemplate,8,0,0,0,0,0,0,0,0,0,sdr,xor
sdr_xor,8,92,NonOverlappingTemplate,77,0,8,0.0,True,,False,  8   0   0   0   0   0   0   0   0   0     ----       0/8    *  NonOverlappingTemplate,8,0,0,0,0,0,0,0,0,0,sdr,xor
sdr_xor,8,93,NonOverlappingTemplate,78,0,8,0.0,True,,False,  8   0   0   0   0   0   0   0   0   0     ----       0/8    *  NonOverlappingTemplate,8,0,0,0,0,0,0,0,0,0,sdr,xor
sdr_xor,8,94,NonOverlappingTemplate,79,0,8,0.0,True,,False,  8   0   0   0   0   0   0   0   0   0     ----       0/8    *  NonOverlappingTemplate,8,0,0,0,0,0,0,0,0,0,sdr,xor
sdr_xor,8,95,NonOverlappingTemplate,80,0,8,0.0,True,,False,  8   0   0   0   0   0   0   0   0   0     ----       0/8    *  NonOverlappingTemplate,8,0,0,0,0,0,0,0,0,0,sdr,xor
sdr_xor,8,96,NonOverlappingTemplate,81,7,8,0.875,False,,False,  3   1   0   0   0   0   2   0   0   2     ----       7/8       NonOverlappingTemplate,3,1,0,0,0,0,2,0,0,2,sdr,xor
sdr_xor,8,97,NonOverlappingTemplate,82,0,8,0.0,True,,False,  8   0   0   0   0   0   0   0   0   0     ----       0/8    *  NonOverlappingTemplate,8,0,0,0,0,0,0,0,0,0,sdr,xor
sdr_xor,8,98,NonOverlappingTemplate,83,0,8,0.0,True,,False,  8   0   0   0   0   0   0   0   0   0     ----       0/8    *  NonOverlappingTemplate,8,0,0,0,0,0,0,0,0,0,sdr,xor
sdr_xor,8,99,NonOverlappingTemplate,84,0,8,0.0,True,,False,  8   0   0   0   0   0   0   0   0   0     ----       0/8    *  NonOverlappingTemplate,8,0,0,0,0,0,0,0,0,0,sdr,xor
sdr_xor,8,100,NonOverlappingTemplate,85,0,8,0.0,True,,False,  8   0   0   0   0   0   0   0   0   0     ----       0/8    *  NonOverlappingTemplate,8,0,0,0,0,0,0,0,0,0,sdr,xor
sdr_xor,8,101,NonOverlappingTemplate,86,0,8,0.0,True,,False,  8   0   0   0   0   0   0   0   0   0     ----       0/8    *  NonOverlappingTemplate,8,0,0,0,0,0,0,0,0,0,sdr,xor
sdr_xor,8,102,NonOverlappingTemplate,87,0,8,0.0,True,,False,  8   0   0   0   0   0   0   0   0   0     ----       0/8    *  NonOverlappingTemplate,8,0,0,0,0,0,0,0,0,0,sdr,xor
sdr_xor,8,103,NonOverlappingTemplate,88,0,8,0.0,True,,False,  8   0   0   0   0   0   0   0   0   0     ----       0/8    *  NonOverlappingTemplate,8,0,0,0,0,0,0,0,0,0,sdr,xor
sdr_xor,8,104,NonOverlappingTemplate,89,7,8,0.875,False,,False,  3   0   2   1   0   1   0   1   0   0     ----       7/8       NonOverlappingTemplate,3,0,2,1,0,1,0,1,0,0,sdr,xor
sdr_xor,8,105,NonOverlappingTemplate,90,0,8,0.0,True,,False,  8   0   0   0   0   0   0   0   0   0     ----       0/8    *  NonOverlappingTemplate,8,0,0,0,0,0,0,0,0,0,sdr,xor
sdr_xor,8,106,NonOverlappingTemplate,91,0,8,0.0,True,,False,  8   0   0   0   0   0   0   0   0   0     ----       0/8    *  NonOverlappingTemplate,8,0,0,0,0,0,0,0,0,0,sdr,xor
sdr_xor,8,107,NonOverlappingTemplate,92,0,8,0.0,True,,False,  8   0   0   0   0   0   0   0   0   0     ----       0/8    *  NonOverlappingTemplate,8,0,0,0,0,0,0,0,0,0,sdr,xor
sdr_xor,8,108,NonOverlappingTemplate,93,0,8,0.0,True,,False,  8   0   0   0   0   0   0   0   0   0     ----       0/8    *  NonOverlappingTemplate,8,0,0,0,0,0,0,0,0,0,sdr,xor
sdr_xor,8,109,NonOverlappingTemplate,94,0,8,0.0,True,,False,  8   0   0   0   0   0   0   0   0   0     ----       0/8    *  NonOverlappingTemplate,8,0,0,0,0,0,0,0,0,0,sdr,xor
sdr_xor,8,110,NonOverlappingTemplate,95,0,8,0.0,True,,False,  8   0   0   0   0   0   0   0   0   0     ----       0/8    *  NonOverlappingTemplate,8,0,0,0,0,0,0,0,0,0,sdr,xor
sdr_xor,8,111,NonOverlappingTemplate,96,0,8,0.0,True,,False,  8   0   0   0   0   0   0   0   0   0     ----       0/8    *  NonOverlappingTemplate,8,0,0,0,0,0,0,0,0,0,sdr,xor
sdr_xor,8,112,NonOverlappingTemplate,97,0,8,0.0,True,,False,  8   0   0   0   0   0   0   0   0   0     ----       0/8    *  NonOverlappingTemplate,8,0,0,0,0,0,0,0,0,0,sdr,xor
sdr_xor,8,113,NonOverlappingTemplate,98,0,8,0.0,True,,False,  8   0   0   0   0   0   0   0   0   0     ----       0/8    *  NonOverlappingTemplate,8,0,0,0,0,0,0,0,0,0,sdr,xor
sdr_xor,8,114,NonOverlappingTemplate,99,0,8,0.0,True,,False,  8   0   0   0   0   0   0   0   0   0     ----       0/8    *  NonOverlappingTemplate,8,0,0,0,0,0,0,0,0,0,sdr,xor
sdr_xor,8,115,NonOverlappingTemplate,100,0,8,0.0,True,,False,  8   0   0   0   0   0   0   0   0   0     ----       0/8    *  NonOverlappingTemplate,8,0,0,0,0,0,0,0,0,0,sdr,xor
sdr_xor,8,116,NonOverlappingTemplate,101,0,8,0.0,True,,False,  8   0   0   0   0   0   0   0   0   0     ----       0/8    *  NonOverlappingTemplate,8,0,0,0,0,0,0,0,0,0,sdr,xor
sdr_xor,8,117,NonOverlappingTemplate,102,0,8,0.0,True,,False,  8   0   0   0   0   0   0   0   0   0     ----       0/8    *  NonOverlappingTemplate,8,0,0,0,0,0,0,0,0,0,sdr,xor
sdr_xor,8,118,NonOverlappingTemplate,103,0,8,0.0,True,,False,  8   0   0   0   0   0   0   0   0   0     ----       0/8    *  NonOverlappingTemplate,8,0,0,0,0,0,0,0,0,0,sdr,xor
sdr_xor,8,119,NonOverlappingTemplate,104,0,8,0.0,True,,False,  8   0   0   0   0   0   0   0   0   0     ----       0/8    *  NonOverlappingTemplate,8,0,0,0,0,0,0,0,0,0,sdr,xor
sdr_xor,8,120,NonOverlappingTemplate,105,0,8,0.0,True,,False,  8   0   0   0   0   0   0   0   0   0     ----       0/8    *  NonOverlappingTemplate,8,0,0,0,0,0,0,0,0,0,sdr,xor
sdr_xor,8,121,NonOverlappingTemplate,106,0,8,0.0,True,,False,  8   0   0   0   0   0   0   0   0   0     ----       0/8    *  NonOverlappingTemplate,8,0,0,0,0,0,0,0,0,0,sdr,xor
sdr_xor,8,122,NonOverlappingTemplate,107,0,8,0.0,True,,False,  8   0   0   0   0   0   0   0   0   0     ----       0/8    *  NonOverlappingTemplate,8,0,0,0,0,0,0,0,0,0,sdr,xor
sdr_xor,8,123,NonOverlappingTemplate,108,0,8,0.0,True,,False,  8   0   0   0   0   0   0   0   0   0     ----       0/8    *  NonOverlappingTemplate,8,0,0,0,0,0,0,0,0,0,sdr,xor
sdr_xor,8,124,NonOverlappingTemplate,109,0,8,0.0,True,,False,  8   0   0   0   0   0   0   0   0   0     ----       0/8    *  NonOverlappingTemplate,8,0,0,0,0,0,0,0,0,0,sdr,xor
sdr_xor,8,125,NonOverlappingTemplate,110,0,8,0.0,True,,False,  8   0   0   0   0   0   0   0   0   0     ----       0/8    *  NonOverlappingTemplate,8,0,0,0,0,0,0,0,0,0,sdr,xor
sdr_xor,8,126,NonOverlappingTemplate,111,0,8,0.0,True,,False,  8   0   0   0   0   0   0   0   0   0     ----       0/8    *  NonOverlappingTemplate,8,0,0,0,0,0,0,0,0,0,sdr,xor
sdr_xor,8,127,NonOverlappingTemplate,112,0,8,0.0,True,,False,  8   0   0   0   0   0   0   0   0   0     ----       0/8    *  NonOverlappingTemplate,8,0,0,0,0,0,0,0,0,0,sdr,xor
sdr_xor,8,128,NonOverlappingTemplate,113,0,8,0.0,True,,False,  8   0   0   0   0   0   0   0   0   0     ----       0/8    *  NonOverlappingTemplate,8,0,0,0,0,0,0,0,0,0,sdr,xor
sdr_xor,8,129,NonOverlappingTemplate,114,0,8,0.0,True,,False,  8   0   0   0   0   0   0   0   0   0     ----       0/8    *  NonOverlappingTemplate,8,0,0,0,0,0,0,0,0,0,sdr,xor
sdr_xor,8,130,NonOverlappingTemplate,115,0,8,0.0,True,,False,  8   0   0   0   0   0   0   0   0   0     ----       0/8    *  NonOverlappingTemplate,8,0,0,0,0,0,0,0,0,0,sdr,xor
sdr_xor,8,131,NonOverlappingTemplate,116,0,8,0.0,True,,False,  8   0   0   0   0   0   0   0   0   0     ----       0/8    *  NonOverlappingTemplate,8,0,0,0,0,0,0,0,0,0,sdr,xor
sdr_xor,8,132,NonOverlappingTemplate,117,0,8,0.0,True,,False,  8   0   0   0   0   0   0   0   0   0     ----       0/8    *  NonOverlappingTemplate,8,0,0,0,0,0,0,0,0,0,sdr,xor
sdr_xor,8,133,NonOverlappingTemplate,118,0,8,0.0,True,,False,  8   0   0   0   0   0   0   0   0   0     ----       0/8    *  NonOverlappingTemplate,8,0,0,0,0,0,0,0,0,0,sdr,xor
sdr_xor,8,134,NonOverlappingTemplate,119,0,8,0.0,True,,False,  8   0   0   0   0   0   0   0   0   0     ----       0/8    *  NonOverlappingTemplate,8,0,0,0,0,0,0,0,0,0,sdr,xor
sdr_xor,8,135,NonOverlappingTemplate,120,0,8,0.0,True,,False,  8   0   0   0   0   0   0   0   0   0     ----       0/8    *  NonOverlappingTemplate,8,0,0,0,0,0,0,0,0,0,sdr,xor
sdr_xor,8,136,NonOverlappingTemplate,121,0,8,0.0,True,,False,  8   0   0   0   0   0   0   0   0   0     ----       0/8    *  NonOverlappingTemplate,8,0,0,0,0,0,0,0,0,0,sdr,xor
sdr_xor,8,137,NonOverlappingTemplate,122,0,8,0.0,True,,False,  8   0   0   0   0   0   0   0   0   0     ----       0/8    *  NonOverlappingTemplate,8,0,0,0,0,0,0,0,0,0,sdr,xor
sdr_xor,8,138,NonOverlappingTemplate,123,0,8,0.0,True,,False,  8   0   0   0   0   0   0   0   0   0     ----       0/8    *  NonOverlappingTemplate,8,0,0,0,0,0,0,0,0,0,sdr,xor
sdr_xor,8,139,NonOverlappingTemplate,124,0,8,0.0,True,,False,  8   0   0   0   0   0   0   0   0   0     ----       0/8    *  NonOverlappingTemplate,8,0,0,0,0,0,0,0,0,0,sdr,xor
sdr_xor,8,140,NonOverlappingTemplate,125,0,8,0.0,True,,False,  8   0   0   0   0   0   0   0   0   0     ----       0/8    *  NonOverlappingTemplate,8,0,0,0,0,0,0,0,0,0,sdr,xor
sdr_xor,8,141,NonOverlappingTemplate,126,0,8,0.0,True,,False,  8   0   0   0   0   0   0   0   0   0     ----       0/8    *  NonOverlappingTemplate,8,0,0,0,0,0,0,0,0,0,sdr,xor
sdr_xor,8,142,NonOverlappingTemplate,127,0,8,0.0,True,,False,  8   0   0   0   0   0   0   0   0   0     ----       0/8    *  NonOverlappingTemplate,8,0,0,0,0,0,0,0,0,0,sdr,xor
sdr_xor,8,143,NonOverlappingTemplate,128,0,8,0.0,True,,False,  8   0   0   0   0   0   0   0   0   0     ----       0/8    *  NonOverlappingTemplate,8,0,0,0,0,0,0,0,0,0,sdr,xor
sdr_xor,8,144,NonOverlappingTemplate,129,0,8,0.0,True,,False,  8   0   0   0   0   0   0   0   0   0     ----       0/8    *  NonOverlappingTemplate,8,0,0,0,0,0,0,0,0,0,sdr,xor
sdr_xor,8,145,NonOverlappingTemplate,130,0,8,0.0,True,,False,  8   0   0   0   0   0   0   0   0   0     ----       0/8    *  NonOverlappingTemplate,8,0,0,0,0,0,0,0,0,0,sdr,xor
sdr_xor,8,146,NonOverlappingTemplate,131,0,8,0.0,True,,False,  8   0   0   0   0   0   0   0   0   0     ----       0/8    *  NonOverlappingTemplate,8,0,0,0,0,0,0,0,0,0,sdr,xor
sdr_xor,8,147,NonOverlappingTemplate,132,0,8,0.0,True,,False,  8   0   0   0   0   0   0   0   0   0     ----       0/8    *  NonOverlappingTemplate,8,0,0,0,0,0,0,0,0,0,sdr,xor
sdr_xor,8,148,NonOverlappingTemplate,133,0,8,0.0,True,,False,  8   0   0   0   0   0   0   0   0   0     ----       0/8    *  NonOverlappingTemplate,8,0,0,0,0,0,0,0,0,0,sdr,xor
sdr_xor,8,149,NonOverlappingTemplate,134,0,8,0.0,True,,False,  8   0   0   0   0   0   0   0   0   0     ----       0/8    *  NonOverlappingTemplate,8,0,0,0,0,0,0,0,0,0,sdr,xor
sdr_xor,8,150,NonOverlappingTemplate,135,0,8,0.0,True,,False,  8   0   0   0   0   0   0   0   0   0     ----       0/8    *  NonOverlappingTemplate,8,0,0,0,0,0,0,0,0,0,sdr,xor
sdr_xor,8,151,NonOverlappingTemplate,136,0,8,0.0,True,,False,  8   0   0   0   0   0   0   0   0   0     ----       0/8    *  NonOverlappingTemplate,8,0,0,0,0,0,0,0,0,0,sdr,xor
sdr_xor,8,152,NonOverlappingTemplate,137,0,8,0.0,True,,False,  8   0   0   0   0   0   0   0   0   0     ----       0/8    *  NonOverlappingTemplate,8,0,0,0,0,0,0,0,0,0,sdr,xor
sdr_xor,8,153,NonOverlappingTemplate,138,0,8,0.0,True,,False,  8   0   0   0   0   0   0   0   0   0     ----       0/8    *  NonOverlappingTemplate,8,0,0,0,0,0,0,0,0,0,sdr,xor
sdr_xor,8,154,NonOverlappingTemplate,139,0,8,0.0,True,,False,  8   0   0   0   0   0   0   0   0   0     ----       0/8    *  NonOverlappingTemplate,8,0,0,0,0,0,0,0,0,0,sdr,xor
sdr_xor,8,155,NonOverlappingTemplate,140,0,8,0.0,True,,False,  8   0   0   0   0   0   0   0   0   0     ----       0/8    *  NonOverlappingTemplate,8,0,0,0,0,0,0,0,0,0,sdr,xor
sdr_xor,8,156,NonOverlappingTemplate,141,0,8,0.0,True,,False,  8   0   0   0   0   0   0   0   0   0     ----       0/8    *  NonOverlappingTemplate,8,0,0,0,0,0,0,0,0,0,sdr,xor
sdr_xor,8,157,NonOverlappingTemplate,142,8,8,1.0,False,,False,  1   0   0   2   2   1   1   0   1   0     ----       8/8       NonOverlappingTemplate,1,0,0,2,2,1,1,0,1,0,sdr,xor
sdr_xor,8,158,NonOverlappingTemplate,143,0,8,0.0,True,,False,  8   0   0   0   0   0   0   0   0   0     ----       0/8    *  NonOverlappingTemplate,8,0,0,0,0,0,0,0,0,0,sdr,xor
sdr_xor,8,159,NonOverlappingTemplate,144,0,8,0.0,True,,False,  8   0   0   0   0   0   0   0   0   0     ----       0/8    *  NonOverlappingTemplate,8,0,0,0,0,0,0,0,0,0,sdr,xor
sdr_xor,8,160,NonOverlappingTemplate,145,0,8,0.0,True,,False,  8   0   0   0   0   0   0   0   0   0     ----       0/8    *  NonOverlappingTemplate,8,0,0,0,0,0,0,0,0,0,sdr,xor
sdr_xor,8,161,NonOverlappingTemplate,146,8,8,1.0,False,,False,  2   0   2   0   0   0   0   1   1   2     ----       8/8       NonOverlappingTemplate,2,0,2,0,0,0,0,1,1,2,sdr,xor
sdr_xor,8,162,NonOverlappingTemplate,147,0,8,0.0,True,,False,  8   0   0   0   0   0   0   0   0   0     ----       0/8    *  NonOverlappingTemplate,8,0,0,0,0,0,0,0,0,0,sdr,xor
sdr_xor,8,163,NonOverlappingTemplate,148,0,8,0.0,True,,False,  8   0   0   0   0   0   0   0   0   0     ----       0/8    *  NonOverlappingTemplate,8,0,0,0,0,0,0,0,0,0,sdr,xor
sdr_xor,8,164,OverlappingTemplate,1,0,8,0.0,True,,False,  8   0   0   0   0   0   0   0   0   0     ----       0/8    *  OverlappingTemplate,8,0,0,0,0,0,0,0,0,0,sdr,xor
sdr_xor,8,165,Universal,1,0,8,0.0,True,,False,  8   0   0   0   0   0   0   0   0   0     ----       0/8    *  Universal,8,0,0,0,0,0,0,0,0,0,sdr,xor
sdr_xor,8,166,ApproximateEntropy,1,0,8,0.0,True,,False,  8   0   0   0   0   0   0   0   0   0     ----       0/8    *  ApproximateEntropy,8,0,0,0,0,0,0,0,0,0,sdr,xor
sdr_xor,8,175,RandomExcursionsVariant,1,3,3,1.0,False,,False,  0   0   0   1   0   0   0   2   0   0     ----       3/3       RandomExcursionsVariant,0,0,0,1,0,0,0,2,0,0,sdr,xor
sdr_xor,8,176,RandomExcursionsVariant,2,3,3,1.0,False,,False,  0   0   0   1   0   1   0   0   0   1     ----       3/3       RandomExcursionsVariant,0,0,0,1,0,1,0,0,0,1,sdr,xor
sdr_xor,8,177,RandomExcursionsVariant,3,3,3,1.0,False,,False,  0   0   0   2   0   0   1   0   0   0     ----       3/3       RandomExcursionsVariant,0,0,0,2,0,0,1,0,0,0,sdr,xor
sdr_xor,8,178,RandomExcursionsVariant,4,3,3,1.0,False,,False,  0   0   1   1   1   0   0   0   0   0     ----       3/3       RandomExcursionsVariant,0,0,1,1,1,0,0,0,0,0,sdr,xor
sdr_xor,8,179,RandomExcursionsVariant,5,3,3,1.0,False,,False,  0   0   1   0   1   1   0   0   0   0     ----       3/3       RandomExcursionsVariant,0,0,1,0,1,1,0,0,0,0,sdr,xor
sdr_xor,8,180,RandomExcursionsVariant,6,3,3,1.0,False,,False,  0   0   0   1   1   0   0   0   1   0     ----       3/3       RandomExcursionsVariant,0,0,0,1,1,0,0,0,1,0,sdr,xor
sdr_xor,8,181,RandomExcursionsVariant,7,3,3,1.0,False,,False,  0   0   0   1   1   0   1   0   0   0     ----       3/3       RandomExcursionsVariant,0,0,0,1,1,0,1,0,0,0,sdr,xor
sdr_xor,8,182,RandomExcursionsVariant,8,3,3,1.0,False,,False,  0   0   1   0   1   0   1   0   0   0     ----       3/3       RandomExcursionsVariant,0,0,1,0,1,0,1,0,0,0,sdr,xor
sdr_xor,8,183,RandomExcursionsVariant,9,3,3,1.0,False,,False,  0   0   0   1   0   0   1   0   1   0     ----       3/3       RandomExcursionsVariant,0,0,0,1,0,0,1,0,1,0,sdr,xor
sdr_xor,8,184,RandomExcursionsVariant,10,3,3,1.0,False,,False,  0   0   0   1   0   0   1   0   1   0     ----       3/3       RandomExcursionsVariant,0,0,0,1,0,0,1,0,1,0,sdr,xor
sdr_xor,8,185,RandomExcursionsVariant,11,3,3,1.0,False,,False,  0   0   0   1   0   0   0   0   1   1     ----       3/3       RandomExcursionsVariant,0,0,0,1,0,0,0,0,1,1,sdr,xor
sdr_xor,8,186,RandomExcursionsVariant,12,3,3,1.0,False,,False,  0   0   0   1   0   0   0   0   0   2     ----       3/3       RandomExcursionsVariant,0,0,0,1,0,0,0,0,0,2,sdr,xor
sdr_xor,8,187,RandomExcursionsVariant,13,3,3,1.0,False,,False,  0   0   0   0   1   0   0   0   2   0     ----       3/3       RandomExcursionsVariant,0,0,0,0,1,0,0,0,2,0,sdr,xor
sdr_xor,8,188,RandomExcursionsVariant,14,3,3,1.0,False,,False,  0   0   0   0   0   0   1   1   1   0     ----       3/3       RandomExcursionsVariant,0,0,0,0,0,0,1,1,1,0,sdr,xor
sdr_xor,8,189,RandomExcursionsVariant,15,3,3,1.0,False,,False,  0   0   0   0   0   0   1   0   2   0     ----       3/3       RandomExcursionsVariant,0,0,0,0,0,0,1,0,2,0,sdr,xor
sdr_xor,8,190,RandomExcursionsVariant,16,3,3,1.0,False,,False,  0   0   0   0   0   1   0   0   1   1     ----       3/3       RandomExcursionsVariant,0,0,0,0,0,1,0,0,1,1,sdr,xor
sdr_xor,8,191,RandomExcursionsVariant,17,3,3,1.0,False,,False,  0   0   0   0   1   0   0   0   0   2     ----       3/3       RandomExcursionsVariant,0,0,0,0,1,0,0,0,0,2,sdr,xor
sdr_xor,8,192,RandomExcursionsVariant,18,3,3,1.0,False,,False,  0   0   0   0   1   0   0   0   0   2     ----       3/3       RandomExcursionsVariant,0,0,0,0,1,0,0,0,0,2,sdr,xor
sdr_xor,8,193,Serial,1,0,8,0.0,True,,False,  8   0   0   0   0   0   0   0   0   0     ----       0/8    *  Serial,8,0,0,0,0,0,0,0,0,0,sdr,xor
sdr_xor,8,194,Serial,2,0,8,0.0,True,,False,  8   0   0   0   0   0   0   0   0   0     ----       0/8    *  Serial,8,0,0,0,0,0,0,0,0,0,sdr,xor
sdr_xor,8,195,LinearComplexity,1,8,8,1.0,False,,False,  0   1   1   0   1   0   0   3   2   0     ----       8/8       LinearComplexity,0,1,1,0,1,0,0,3,2,0,sdr,xor
